0.002,MODE_ID_3,-12508,-11991,-12996,-0.001750,0.001701,0.000791,0.000742,0x36
0.012,MODE_ID_3,-12513,-11985,-12999,-0.002794,0.002838,0.000140,0.000184,0x36
0.020,MODE_ID_3,-12487,-11987,-12999,0.002443,0.002431,0.000090,0.004964,0x36
0.030,MODE_ID_3,-12489,-12006,-13000,0.002182,-0.001271,-0.000136,0.000775,0x36
0.041,MODE_ID_3,-12486,-11987,-12997,0.002723,0.002579,0.000454,0.005756,0x36
0.050,MODE_ID_3,-12514,-12005,-12990,-0.002972,-0.001141,0.001975,-0.002138,0x36
0.060,MODE_ID_3,-12505,-12010,-12996,-0.001007,-0.002097,0.000661,-0.002443,0x36
0.070,MODE_ID_3,-12490,-11986,-13010,0.001839,0.002669,-0.002163,0.002345,0x36
0.080,MODE_ID_3,-12485,-12008,-12986,0.002814,-0.001713,0.002614,0.003715,0x36
0.090,MODE_ID_3,-12506,-11987,-12985,-0.001233,0.002543,0.002892,0.004202,0x36
0.100,MODE_ID_3,-12487,-11992,-12995,0.002540,0.001519,0.000822,0.004881,0x36
0.110,MODE_ID_3,-12499,-11985,-13004,0.000103,0.002823,-0.000814,0.002112,0x36
0.120,MODE_ID_3,-12485,-12011,-13003,0.002859,-0.002374,-0.000800,-0.000315,0x36
0.130,MODE_ID_3,-12510,-12011,-13003,-0.002090,-0.002231,-0.000751,-0.005072,0x36
0.140,MODE_ID_3,-12501,-11996,-13007,-0.000366,0.000609,-0.001512,-0.001269,0x36
0.150,MODE_ID_3,-12513,-11988,-13004,-0.002698,0.002223,-0.000801,-0.001276,0x36
0.160,MODE_ID_3,-12502,-11989,-12985,-0.000583,0.002016,0.002954,0.004387,0x36
0.170,MODE_ID_3,-12507,-11999,-13001,-0.001532,0.000035,-0.000344,-0.001841,0x36
0.180,MODE_ID_3,-12497,-11996,-13014,0.000574,0.000777,-0.002899,-0.001548,0x36
0.190,MODE_ID_3,-12486,-11993,-12998,0.002762,0.001220,0.000267,0.004249,0x36
0.200,MODE_ID_3,-12501,-12006,-13010,-0.000372,-0.001351,-0.002031,-0.003754,0x36
0.210,MODE_ID_3,-12514,-12008,-12999,-0.002939,-0.001615,0.000030,-0.004524,0x36
0.220,MODE_ID_3,-12492,-11996,-13011,0.001540,0.000663,-0.002304,-0.000101,0x36
0.230,MODE_ID_3,-12513,-11994,-12989,-0.002709,0.001164,0.002108,0.000563,0x36
0.241,MODE_ID_3,-12496,-12008,-13012,0.000655,-0.001798,-0.002524,-0.003667,0x36
0.250,MODE_ID_3,-12495,-11990,-12995,0.000943,0.001875,0.000938,0.003756,0x36
0.260,MODE_ID_3,-12508,-12009,-12987,-0.001656,-0.001966,0.002542,-0.001080,0x36
0.270,MODE_ID_3,-12512,-11997,-12988,-0.002472,0.000529,0.002303,0.000360,0x36
0.280,MODE_ID_3,-12493,-11999,-12992,0.001337,0.000023,0.001490,0.002850,0x36
0.290,MODE_ID_3,-12491,-11990,-12993,0.001692,0.001828,0.001338,0.004858,0x36
0.300,MODE_ID_3,-12495,-12011,-13005,0.000882,-0.002205,-0.001157,-0.002480,0x36
0.310,MODE_ID_3,-12513,-12009,-13005,-0.002750,-0.001983,-0.001050,-0.005783,0x36
0.320,MODE_ID_3,-12493,-11990,-12998,0.001220,0.001800,0.000347,0.003367,0x36
0.330,MODE_ID_3,-12502,-12010,-12997,-0.000527,-0.002128,0.000441,-0.002214,0x36
0.340,MODE_ID_3,-12510,-12010,-13005,-0.002185,-0.002156,-0.001120,-0.005461,0x36
0.350,MODE_ID_3,-12498,-12011,-12988,0.000387,-0.002290,0.002384,0.000481,0x36
0.360,MODE_ID_3,-12494,-11986,-13010,0.001102,0.002643,-0.002066,0.001679,0x36
0.370,MODE_ID_3,-12501,-11987,-13010,-0.000330,0.002545,-0.002132,0.000083,0x36
0.380,MODE_ID_3,-12504,-12003,-13014,-0.000963,-0.000654,-0.002843,-0.004460,0x36
0.390,MODE_ID_3,-12490,-12006,-13001,0.001810,-0.001208,-0.000214,0.000388,0x36
0.400,MODE_ID_3,-12489,-11999,-13010,0.002083,0.000034,-0.002170,-0.000053,0x36
0.410,MODE_ID_3,-12500,-12000,-13014,-0.000048,-0.000107,-0.002911,-0.003066,0x36
0.420,MODE_ID_3,-12510,-12012,-13007,-0.002008,-0.002424,-0.001505,-0.005937,0x36
0.430,MODE_ID_3,-12511,-12005,-12993,-0.002270,-0.001053,0.001327,-0.001996,0x36
0.440,MODE_ID_3,-12511,-11991,-13001,-0.002366,0.001630,-0.000201,-0.000937,0x36
0.450,MODE_ID_3,-12507,-11986,-12998,-0.001492,0.002783,0.000374,0.001665,0x36
0.460,MODE_ID_3,-12495,-11992,-12996,0.000941,0.001408,0.000771,0.003120,0x36
0.470,MODE_ID_3,-12486,-11998,-13008,0.002634,0.000353,-0.001713,0.001274,0x36
0.480,MODE_ID_3,-12495,-12001,-12996,0.000921,-0.000275,0.000702,0.001348,0x36
0.490,MODE_ID_3,-12488,-12013,-13005,0.002254,-0.002659,-0.001101,-0.001506,0x36
0.500,MODE_ID_3,-12506,-11999,-12993,-0.001225,0.000027,0.001222,0.000024,0x36
0.510,MODE_ID_3,-12514,-12000,-13004,-0.002865,-0.000089,-0.000889,-0.003843,0x36
0.520,MODE_ID_3,-12500,-11989,-12991,-0.000080,0.002032,0.001729,0.003681,0x36
0.530,MODE_ID_3,-12501,-12005,-12995,-0.000222,-0.001197,0.000959,-0.000460,0x36
0.540,MODE_ID_3,-12500,-12003,-12992,-0.000126,-0.000695,0.001447,0.000626,0x36
0.550,MODE_ID_3,-12513,-11986,-13008,-0.002778,0.002616,-0.001792,-0.001954,0x36
0.560,MODE_ID_3,-12497,-11999,-12995,0.000410,0.000020,0.000903,0.001333,0x36
0.569,MODE_ID_3,-12499,-11990,-13006,0.000114,0.001981,-0.001359,0.000736,0x36
0.580,MODE_ID_3,-12497,-11989,-12991,0.000595,0.002168,0.001787,0.004550,0x36
0.590,MODE_ID_3,-12510,-12006,-12992,-0.002143,-0.001332,0.001530,-0.001945,0x36
0.600,MODE_ID_3,-12505,-11986,-13004,-0.001021,0.002661,-0.000884,0.000756,0x36
0.610,MODE_ID_3,-12508,-12011,-12995,-0.001630,-0.002207,0.000846,-0.002991,0x36
0.620,MODE_ID_3,-12507,-12005,-12999,-0.001434,-0.001131,0.000134,-0.002431,0x36
0.630,MODE_ID_3,-12493,-11989,-12990,0.001218,0.002010,0.001816,0.005044,0x36
0.640,MODE_ID_3,-12487,-12007,-13007,0.002563,-0.001531,-0.001543,-0.000511,0x36
0.650,MODE_ID_3,-12494,-11986,-12993,0.001131,0.002696,0.001283,0.005110,0x36
0.660,MODE_ID_3,-12511,-11992,-12994,-0.002380,0.001441,0.001028,0.000089,0x36
0.670,MODE_ID_3,-12490,-12010,-13014,0.001928,-0.002141,-0.002924,-0.003137,0x36
0.680,MODE_ID_3,-12493,-12012,-12987,0.001255,-0.002464,0.002526,0.001317,0x36
0.690,MODE_ID_3,-12485,-11992,-12997,0.002818,0.001574,0.000588,0.004980,0x36
0.700,MODE_ID_3,-12501,-11999,-13005,-0.000300,0.000092,-0.001158,-0.001366,0x36
0.710,MODE_ID_3,-12500,-12014,-12994,-0.000104,-0.002926,0.001041,-0.001989,0x36
0.720,MODE_ID_3,-12499,-12002,-13013,0.000168,-0.000521,-0.002707,-0.003060,0x36
0.730,MODE_ID_3,-12513,-12007,-13012,-0.002617,-0.001587,-0.002561,-0.006765,0x36
0.740,MODE_ID_3,-12504,-11993,-12988,-0.000921,0.001347,0.002264,0.002690,0x36
0.750,MODE_ID_3,-12500,-11997,-12996,-0.000073,0.000498,0.000613,0.001038,0x36
0.760,MODE_ID_3,-12489,-12011,-12997,0.002163,-0.002280,0.000565,0.000448,0x36
0.770,MODE_ID_3,-12511,-12002,-12989,-0.002256,-0.000543,0.002168,-0.000631,0x36
0.780,MODE_ID_3,-12494,-11991,-13007,0.001128,0.001602,-0.001502,0.001228,0x36
0.791,MODE_ID_3,-12507,-11988,-12987,-0.001478,0.002396,0.002407,0.003325,0x36
0.800,MODE_ID_3,-12513,-12011,-12985,-0.002614,-0.002330,0.002986,-0.001958,0x36
0.810,MODE_ID_3,-12491,-12013,-12992,0.001613,-0.002631,0.001489,0.000471,0x36
0.819,MODE_ID_3,-12485,-11993,-12991,0.002860,0.001394,0.001765,0.006019,0x36
0.830,MODE_ID_3,-12495,-11995,-12998,0.000861,0.000850,0.000295,0.002006,0x36
0.840,MODE_ID_3,-12513,-11986,-12995,-0.002737,0.002732,0.000809,0.000804,0x36
0.850,MODE_ID_3,-12507,-11989,-13003,-0.001430,0.002067,-0.000665,-0.000028,0x36
0.860,MODE_ID_3,-12491,-12001,-13008,0.001767,-0.000232,-0.001796,-0.000261,0x36
0.870,MODE_ID_3,-12487,-11985,-13005,0.002452,0.002957,-0.001192,0.004217,0x36
0.880,MODE_ID_3,-12493,-11991,-12997,0.001353,0.001656,0.000515,0.003524,0x36
0.890,MODE_ID_3,-12494,-11989,-12989,0.001189,0.002037,0.002091,0.005317,0x36
0.900,MODE_ID_3,-12489,-11994,-13008,0.002129,0.001000,-0.001603,0.001526,0x36
0.910,MODE_ID_3,-12495,-12013,-12987,0.000882,-0.002625,0.002592,0.000849,0x36
0.920,MODE_ID_3,-12494,-11987,-13004,0.001048,0.002586,-0.000968,0.002666,0x36
0.930,MODE_ID_3,-12513,-11998,-13007,-0.002799,0.000396,-0.001482,-0.003885,0x36
0.940,MODE_ID_3,-12488,-11990,-12988,0.002346,0.001929,0.002250,0.006525,0x36
0.950,MODE_ID_3,-12491,-12001,-13000,0.001787,-0.000391,-0.000072,0.001324,0x36
0.960,MODE_ID_3,-12492,-12001,-13003,0.001427,-0.000350,-0.000649,0.000428,0x36
0.970,MODE_ID_3,-12485,-11990,-12994,0.002908,0.001809,0.001200,0.005917,0x36
0.980,MODE_ID_3,-12496,-11998,-12990,0.000800,0.000257,0.001873,0.002930,0x36
0.990,MODE_ID_3,-12488,-12006,-12986,0.002370,-0.001249,0.002766,0.003887,0x36
1.001,MODE_ID_3,-12514,-11987,-13008,-0.002950,0.002439,-0.001639,-0.002150,0x36
1.012,MODE_ID_3,-12511,-12005,-13005,-0.002389,-0.001063,-0.001158,-0.004610,0x36
1.020,MODE_ID_3,-12491,-12000,-13013,0.001673,-0.000189,-0.002795,-0.001311,0x36
1.030,MODE_ID_3,-12489,-11989,-13005,0.002017,0.002109,-0.001049,0.003077,0x36
1.040,MODE_ID_3,-12507,-11995,-13001,-0.001570,0.000834,-0.000288,-0.001024,0x36
1.050,MODE_ID_3,-12497,-12003,-13004,0.000473,-0.000675,-0.000994,-0.001196,0x36
1.059,MODE_ID_3,-12506,-12002,-12986,-0.001332,-0.000538,0.002760,0.000890,0x36
1.070,MODE_ID_3,-12503,-11995,-13009,-0.000777,0.000916,-0.001851,-0.001712,0x36
1.080,MODE_ID_3,-12505,-11985,-12991,-0.001176,0.002897,0.001714,0.003435,0x36
1.090,MODE_ID_3,-12503,-11992,-12994,-0.000791,0.001558,0.001100,0.001867,0x36
1.100,MODE_ID_3,-12512,-12011,-13006,-0.002494,-0.002351,-0.001366,-0.006211,0x36
1.110,MODE_ID_3,-12485,-11991,-13004,0.002935,0.001670,-0.000903,0.003702,0x36
1.120,MODE_ID_3,-12513,-11994,-12986,-0.002682,0.001111,0.002612,0.001041,0x36
1.130,MODE_ID_3,-12493,-12008,-12993,0.001363,-0.001770,0.001289,0.000882,0x36
1.140,MODE_ID_3,-12507,-12011,-13012,-0.001594,-0.002364,-0.002492,-0.006450,0x36
1.150,MODE_ID_3,-12505,-11991,-12997,-0.001015,0.001660,0.000525,0.001170,0x36
1.160,MODE_ID_3,-12489,-11999,-12994,0.002047,0.000112,0.001030,0.003189,0x36
1.170,MODE_ID_3,-12492,-11987,-12996,0.001511,0.002461,0.000636,0.004608,0x36
1.180,MODE_ID_3,-12493,-12013,-13000,0.001226,-0.002693,-0.000079,-0.001546,0x36
1.190,MODE_ID_3,-12508,-12003,-12999,-0.001779,-0.000604,0.000039,-0.002344,0x36
1.200,MODE_ID_3,-12496,-11987,-13007,0.000707,0.002530,-0.001530,0.001707,0x36
1.210,MODE_ID_3,-12503,-12013,-13011,-0.000675,-0.002738,-0.002280,-0.005693,0x36
1.220,MODE_ID_3,-12494,-11996,-13008,0.001152,0.000725,-0.001685,0.000192,0x36
1.230,MODE_ID_3,-12490,-12007,-13012,0.001946,-0.001551,-0.002568,-0.002173,0x36
1.240,MODE_ID_3,-12497,-12010,-13013,0.000468,-0.002163,-0.002661,-0.004356,0x36
1.250,MODE_ID_3,-12514,-12007,-12999,-0.002977,-0.001502,0.000089,-0.004390,0x36
1.260,MODE_ID_3,-12510,-12003,-13009,-0.002154,-0.000733,-0.001805,-0.004692,0x36
1.270,MODE_ID_3,-12493,-11986,-13000,0.001395,0.002779,-0.000100,0.004074,0x36
1.280,MODE_ID_3,-12497,-11985,-13004,0.000499,0.002855,-0.000972,0.002382,0x36
1.291,MODE_ID_3,-12486,-11999,-13008,0.002797,0.000156,-0.001636,0.001317,0x36
1.300,MODE_ID_3,-12485,-11985,-13013,0.002963,0.002858,-0.002799,0.003022,0x36
1.310,MODE_ID_3,-12512,-12000,-12990,-0.002539,-0.000059,0.001983,-0.000615,0x36
1.320,MODE_ID_3,-12501,-11990,-13013,-0.000318,0.001900,-0.002733,-0.001151,0x36
1.330,MODE_ID_3,-12504,-12006,-13008,-0.000924,-0.001310,-0.001657,-0.003891,0x36
1.339,MODE_ID_3,-12499,-12003,-13002,0.000125,-0.000770,-0.000490,-0.001135,0x36
1.350,MODE_ID_3,-12506,-12004,-13007,-0.001264,-0.000831,-0.001463,-0.003558,0x36
1.360,MODE_ID_3,-12501,-12011,-12995,-0.000334,-0.002245,0.000956,-0.001623,0x36
1.370,MODE_ID_3,-12496,-11991,-13013,0.000633,0.001659,-0.002739,-0.000447,0x36
1.380,MODE_ID_3,-12494,-11997,-13005,0.001107,0.000427,-0.001003,0.000531,0x36
1.390,MODE_ID_3,-12493,-11999,-13008,0.001392,0.000064,-0.001609,-0.000153,0x36
1.400,MODE_ID_3,-12507,-11997,-13007,-0.001555,0.000460,-0.001478,-0.002573,0x36
1.410,MODE_ID_3,-12492,-12007,-12986,0.001533,-0.001546,0.002761,0.002748,0x36
1.420,MODE_ID_3,-12512,-11985,-12990,-0.002553,0.002966,0.001952,0.002365,0x36
1.430,MODE_ID_3,-12493,-12007,-13008,0.001307,-0.001427,-0.001611,-0.001731,0x36
1.440,MODE_ID_3,-12492,-12014,-12991,0.001416,-0.002926,0.001767,0.000257,0x36
1.450,MODE_ID_3,-12506,-11988,-12990,-0.001369,0.002247,0.001966,0.002844,0x36
1.460,MODE_ID_3,-12495,-11993,-12997,0.000982,0.001300,0.000469,0.002751,0x36
1.470,MODE_ID_3,-12497,-12003,-12987,0.000579,-0.000620,0.002435,0.002394,0x36
1.480,MODE_ID_3,-12498,-11997,-12994,0.000384,0.000599,0.001192,0.002175,0x36
1.490,MODE_ID_3,-12511,-12001,-13003,-0.002350,-0.000350,-0.000623,-0.003323,0x36
1.500,MODE_ID_3,-12513,-11988,-12997,-0.002780,0.002352,0.000473,0.000045,0x36
1.510,MODE_ID_3,-12514,-12002,-13004,-0.002886,-0.000508,-0.000970,-0.004364,0x36
1.520,MODE_ID_3,-12510,-11990,-12989,-0.002058,0.001862,0.002108,0.001912,0x36
1.530,MODE_ID_3,-12485,-12005,-12985,0.002975,-0.001064,0.002876,0.004787,0x36
1.540,MODE_ID_3,-12504,-11997,-13002,-0.000841,0.000513,-0.000409,-0.000737,0x36
1.550,MODE_ID_3,-12500,-11994,-12994,-0.000195,0.001058,0.001173,0.002036,0x36
1.560,MODE_ID_3,-12487,-11990,-12995,0.002516,0.001951,0.000850,0.005317,0x36
1.570,MODE_ID_3,-12508,-12007,-12991,-0.001740,-0.001555,0.001624,-0.001671,0x36
1.580,MODE_ID_3,-12502,-11993,-13004,-0.000542,0.001382,-0.000997,-0.000157,0x36
1.590,MODE_ID_3,-12495,-12009,-13002,0.000932,-0.001996,-0.000417,-0.001481,0x36
1.601,MODE_ID_3,-12509,-11992,-12990,-0.001801,0.001535,0.001837,0.001571,0x36
1.610,MODE_ID_3,-12488,-11993,-13012,0.002358,0.001208,-0.002586,0.000980,0x36
1.620,MODE_ID_3,-12487,-11999,-13002,0.002551,0.000169,-0.000470,0.002250,0x36
1.630,MODE_ID_3,-12496,-11985,-13012,0.000657,0.002945,-0.002563,0.001039,0x36
1.640,MODE_ID_3,-12488,-11994,-12995,0.002211,0.001072,0.000841,0.004124,0x36
1.650,MODE_ID_3,-12507,-11994,-13007,-0.001586,0.001140,-0.001502,-0.001948,0x36
1.660,MODE_ID_3,-12508,-12014,-13007,-0.001670,-0.002926,-0.001583,-0.006179,0x36
1.670,MODE_ID_3,-12504,-12004,-12992,-0.000934,-0.000872,0.001515,-0.000291,0x36
1.680,MODE_ID_3,-12487,-11990,-13001,0.002560,0.001942,-0.000284,0.004218,0x36
1.690,MODE_ID_3,-12500,-11989,-13010,-0.000164,0.002136,-0.002097,-0.000125,0x36
1.700,MODE_ID_3,-12509,-12010,-12985,-0.001996,-0.002144,0.002849,-0.001291,0x36
1.712,MODE_ID_3,-12487,-11998,-13006,0.002521,0.000326,-0.001249,0.001598,0x36
1.720,MODE_ID_3,-12490,-11988,-13012,0.001817,0.002384,-0.002585,0.001616,0x36
1.730,MODE_ID_3,-12490,-11985,-12997,0.001856,0.002948,0.000420,0.005224,0x36
1.740,MODE_ID_3,-12494,-11993,-13005,0.001134,0.001212,-0.001002,0.001344,0x36
1.750,MODE_ID_3,-12485,-11985,-12996,0.002877,0.002970,0.000780,0.006627,0x36
1.760,MODE_ID_3,-12500,-12005,-13007,-0.000065,-0.001176,-0.001510,-0.002751,0x36
1.770,MODE_ID_3,-12493,-12003,-12996,0.001350,-0.000796,0.000660,0.001214,0x36
1.780,MODE_ID_3,-12485,-11987,-13003,0.002813,0.002496,-0.000739,0.004570,0x36
1.790,MODE_ID_3,-12511,-12014,-13001,-0.002346,-0.002956,-0.000244,-0.005546,0x36
1.800,MODE_ID_3,-12491,-12008,-12985,0.001693,-0.001668,0.002961,0.002986,0x36
1.809,MODE_ID_3,-12485,-12003,-13013,0.002942,-0.000615,-0.002648,-0.000321,0x36
1.820,MODE_ID_3,-12512,-11992,-12988,-0.002502,0.001561,0.002379,0.001438,0x36
1.830,MODE_ID_3,-12496,-12004,-12994,0.000680,-0.000980,0.001108,0.000808,0x36
1.840,MODE_ID_3,-12492,-11991,-12997,0.001510,0.001779,0.000589,0.003878,0x36
1.850,MODE_ID_3,-12485,-11996,-12985,0.002809,0.000647,0.002954,0.006410,0x36
1.860,MODE_ID_3,-12497,-11999,-13009,0.000524,0.000111,-0.001973,-0.001338,0x36
1.870,MODE_ID_3,-12513,-12013,-12988,-0.002789,-0.002716,0.002356,-0.003149,0x36
1.880,MODE_ID_3,-12511,-12007,-13010,-0.002285,-0.001561,-0.002019,-0.005865,0x36
1.890,MODE_ID_3,-12508,-11990,-12991,-0.001709,0.001829,0.001633,0.001753,0x36
1.900,MODE_ID_3,-12495,-12004,-12993,0.000938,-0.000861,0.001313,0.001390,0x36
1.910,MODE_ID_3,-12514,-11999,-13009,-0.002996,0.000125,-0.001960,-0.004831,0x36
1.920,MODE_ID_3,-12499,-11991,-12992,0.000186,0.001621,0.001595,0.003402,0x36
1.930,MODE_ID_3,-12498,-12005,-13010,0.000209,-0.001029,-0.002108,-0.002928,0x36
1.940,MODE_ID_3,-12495,-12008,-12991,0.000966,-0.001676,0.001603,0.000893,0x36
1.950,MODE_ID_3,-12513,-11992,-13005,-0.002635,0.001457,-0.001180,-0.002358,0x36
1.961,MODE_ID_3,-12509,-12009,-13005,-0.001920,-0.001956,-0.001086,-0.004962,0x36
1.969,MODE_ID_3,-12498,-12010,-12997,0.000256,-0.002105,0.000542,-0.001307,0x36
1.980,MODE_ID_3,-12499,-12010,-13007,0.000182,-0.002019,-0.001479,-0.003316,0x36
1.990,MODE_ID_3,-12498,-11988,-12992,0.000273,0.002315,0.001563,0.004151,0x36
2.000,MODE_ID_3,-12493,-11996,-13000,0.001282,0.000796,-0.000095,0.001983,0x36
2.010,MODE_ID_3,-12489,-12010,-12987,0.002001,-0.002003,0.002591,0.002589,0x36
2.020,MODE_ID_3,-12491,-12012,-13001,0.001702,-0.002509,-0.000321,-0.001128,0x36
2.030,MODE_ID_3,-12514,-11997,-13007,-0.002946,0.000457,-0.001473,-0.003962,0x36
2.040,MODE_ID_3,-12512,-11996,-13006,-0.002581,0.000633,-0.001264,-0.003212,0x36
2.050,MODE_ID_3,-12487,-12007,-12989,0.002514,-0.001570,0.002095,0.003039,0x36
2.060,MODE_ID_3,-12505,-11993,-13007,-0.001063,0.001271,-0.001494,-0.001286,0x36
2.071,MODE_ID_3,-12496,-12001,-13004,0.000738,-0.000305,-0.000986,-0.000553,0x36
2.080,MODE_ID_3,-12488,-12009,-12990,0.002312,-0.001999,0.001900,0.002213,0x36
2.090,MODE_ID_3,-12486,-12005,-12996,0.002797,-0.001121,0.000781,0.002457,0x36
2.100,MODE_ID_3,-12501,-12011,-13006,-0.000227,-0.002238,-0.001341,-0.003806,0x36
2.110,MODE_ID_3,-12508,-11991,-12987,-0.001694,0.001685,0.002404,0.002395,0x36
2.119,MODE_ID_3,-12500,-12010,-12994,-0.000024,-0.002062,0.001043,-0.001043,0x36
2.129,MODE_ID_3,-12504,-11988,-13002,-0.000801,0.002346,-0.000529,0.001016,0x36
2.139,MODE_ID_3,-12503,-11989,-12996,-0.000722,0.002193,0.000710,0.002181,0x36
2.149,MODE_ID_3,-12492,-11993,-12997,0.001432,0.001223,0.000403,0.003058,0x36
2.159,MODE_ID_3,-12509,-11990,-13001,-0.001977,0.001978,-0.000333,-0.000332,0x36
2.169,MODE_ID_3,-12493,-12001,-12986,0.001295,-0.000351,0.002716,0.003660,0x36
2.179,MODE_ID_3,-12504,-12012,-12992,-0.000847,-0.002491,0.001521,-0.001817,0x36
2.190,MODE_ID_3,-12487,-12006,-12990,0.002573,-0.001351,0.001801,0.003023,0x36
2.199,MODE_ID_3,-12497,-12006,-13011,0.000526,-0.001345,-0.002329,-0.003148,0x36
2.210,MODE_ID_3,-12504,-12014,-12991,-0.000930,-0.002821,0.001746,-0.002005,0x36
2.219,MODE_ID_3,-12491,-12008,-12999,0.001607,-0.001677,0.000015,-0.000055,0x36
2.229,MODE_ID_3,-12490,-11988,-12987,0.001919,0.002363,0.002497,0.006779,0x36
2.240,MODE_ID_3,-12489,-11992,-12985,0.002033,0.001523,0.002965,0.006521,0x36
2.250,MODE_ID_3,-12491,-12003,-12988,0.001765,-0.000636,0.002264,0.003393,0x36
2.260,MODE_ID_3,-12497,-11995,-13009,0.000594,0.000922,-0.001968,-0.000452,0x36
2.270,MODE_ID_3,-12487,-11996,-12993,0.002493,0.000687,0.001279,0.004459,0x36
2.280,MODE_ID_3,-12489,-11994,-12994,0.002114,0.001156,0.001059,0.004329,0x36
2.290,MODE_ID_3,-12508,-11986,-12999,-0.001689,0.002685,0.000163,0.001159,0x36
2.300,MODE_ID_3,-12496,-12012,-12995,0.000722,-0.002524,0.000850,-0.000952,0x36
2.310,MODE_ID_3,-12514,-12000,-12995,-0.002835,-0.000006,0.000957,-0.001884,0x36
2.320,MODE_ID_3,-12494,-12014,-12988,0.001093,-0.002967,0.002331,0.000457,0x36
2.330,MODE_ID_3,-12504,-11996,-13000,-0.000917,0.000797,-0.000195,-0.000315,0x36
2.340,MODE_ID_3,-12494,-11985,-12992,0.001037,0.002801,0.001591,0.005429,0x36
2.350,MODE_ID_3,-12504,-12001,-13005,-0.000929,-0.000206,-0.001108,-0.002243,0x36
2.360,MODE_ID_3,-12505,-12010,-13005,-0.001195,-0.002105,-0.001052,-0.004352,0x36
2.370,MODE_ID_3,-12491,-12002,-12989,0.001718,-0.000483,0.002154,0.003389,0x36
2.380,MODE_ID_3,-12499,-11987,-12985,0.000051,0.002588,0.002809,0.005448,0x36
2.390,MODE_ID_3,-12507,-12008,-13014,-0.001542,-0.001775,-0.002957,-0.006274,0x36
2.400,MODE_ID_3,-12485,-11995,-12998,0.002884,0.000933,0.000338,0.004155,0x36
2.410,MODE_ID_3,-12504,-11986,-12992,-0.000854,0.002657,0.001429,0.003232,0x36
2.420,MODE_ID_3,-12509,-12013,-12985,-0.001938,-0.002669,0.002948,-0.001659,0x36
2.430,MODE_ID_3,-12498,-11995,-13011,0.000303,0.000881,-0.002227,-0.001043,0x36
2.440,MODE_ID_3,-12500,-12008,-12998,-0.000044,-0.001656,0.000273,-0.001427,0x36
2.450,MODE_ID_3,-12490,-11999,-13001,0.001865,0.000129,-0.000280,0.001714,0x36
2.460,MODE_ID_3,-12512,-12004,-12987,-0.002456,-0.000806,0.002560,-0.000702,0x36
2.470,MODE_ID_3,-12513,-11985,-13010,-0.002735,0.002919,-0.002077,-0.001893,0x36
2.481,MODE_ID_3,-12514,-12013,-12998,-0.002834,-0.002740,0.000353,-0.005221,0x36
2.490,MODE_ID_3,-12493,-11997,-13012,0.001275,0.000405,-0.002425,-0.000745,0x36
2.500,MODE_ID_3,-12504,-11997,-13005,-0.000959,0.000458,-0.001168,-0.001669,0x36
2.510,MODE_ID_3,-12506,-11986,-13008,-0.001382,0.002628,-0.001713,-0.000467,0x36
2.520,MODE_ID_3,-12490,-11989,-13000,0.001831,0.002066,-0.000034,0.003863,0x36
2.530,MODE_ID_3,-12513,-12007,-12992,-0.002638,-0.001569,0.001500,-0.002707,0x36
2.540,MODE_ID_3,-12500,-11994,-13011,-0.000104,0.001191,-0.002246,-0.001159,0x36
2.550,MODE_ID_3,-12509,-12004,-12999,-0.001815,-0.000847,0.000078,-0.002584,0x36
2.560,MODE_ID_3,-12513,-12004,-13004,-0.002620,-0.000924,-0.000882,-0.004426,0x36
2.570,MODE_ID_3,-12506,-12007,-12987,-0.001391,-0.001478,0.002452,-0.000417,0x36
2.580,MODE_ID_3,-12502,-11999,-13009,-0.000406,0.000076,-0.001994,-0.002324,0x36
2.591,MODE_ID_3,-12490,-11992,-13007,0.001964,0.001448,-0.001423,0.001989,0x36
2.600,MODE_ID_3,-12496,-11997,-13006,0.000778,0.000523,-0.001205,0.000096,0x36
2.611,MODE_ID_3,-12489,-12009,-12986,0.002049,-0.001940,0.002783,0.002892,0x36
2.620,MODE_ID_3,-12512,-11998,-13001,-0.002414,0.000307,-0.000395,-0.002502,0x36
2.630,MODE_ID_3,-12490,-12004,-12998,0.001818,-0.000880,0.000253,0.001191,0x36
2.640,MODE_ID_3,-12488,-12002,-12989,0.002364,-0.000593,0.002101,0.003872,0x36
2.650,MODE_ID_3,-12508,-12013,-12997,-0.001617,-0.002776,0.000454,-0.003939,0x36
2.660,MODE_ID_3,-12487,-11994,-13012,0.002515,0.001097,-0.002565,0.001047,0x36
2.670,MODE_ID_3,-12492,-12004,-12989,0.001469,-0.000845,0.002083,0.002707,0x36
2.680,MODE_ID_3,-12511,-11994,-13013,-0.002302,0.001118,-0.002797,-0.003981,0x36
2.690,MODE_ID_3,-12510,-11994,-12998,-0.002092,0.001025,0.000237,-0.000830,0x36
2.699,MODE_ID_3,-12508,-11985,-12985,-0.001784,0.002971,0.002977,0.004164,0x36
2.712,MODE_ID_3,-12500,-12008,-12989,-0.000175,-0.001658,0.002044,0.000211,0x36
2.720,MODE_ID_3,-12508,-12009,-12994,-0.001645,-0.001988,0.001016,-0.002617,0x36
2.730,MODE_ID_3,-12499,-12001,-13002,0.000136,-0.000295,-0.000460,-0.000619,0x36
2.740,MODE_ID_3,-12487,-11996,-12999,0.002503,0.000624,0.000188,0.003315,0x36
2.749,MODE_ID_3,-12506,-12011,-13004,-0.001363,-0.002202,-0.000877,-0.004442,0x36
2.760,MODE_ID_3,-12508,-11998,-13005,-0.001720,0.000267,-0.001030,-0.002483,0x36
2.770,MODE_ID_3,-12507,-12001,-13010,-0.001452,-0.000279,-0.002001,-0.003732,0x36
2.780,MODE_ID_3,-12492,-11993,-12995,0.001483,0.001349,0.000887,0.003719,0x36
2.791,MODE_ID_3,-12485,-11987,-12989,0.002941,0.002588,0.002072,0.007601,0x36
2.800,MODE_ID_3,-12490,-12013,-12995,0.001964,-0.002631,0.000806,0.000139,0x36
2.809,MODE_ID_3,-12487,-11992,-13006,0.002516,0.001529,-0.001391,0.002654,0x36
2.820,MODE_ID_3,-12503,-11985,-12985,-0.000753,0.002850,0.002834,0.004931,0x36
2.830,MODE_ID_3,-12504,-12014,-13013,-0.000858,-0.002815,-0.002634,-0.006307,0x36
2.840,MODE_ID_3,-12503,-11998,-13006,-0.000617,0.000298,-0.001349,-0.001668,0x36
2.850,MODE_ID_3,-12505,-12007,-13012,-0.001153,-0.001500,-0.002486,-0.005139,0x36
2.860,MODE_ID_3,-12494,-12013,-13007,0.001057,-0.002794,-0.001444,-0.003181,0x36
2.870,MODE_ID_3,-12485,-12006,-13002,0.002901,-0.001309,-0.000461,0.001131,0x36
2.880,MODE_ID_3,-12489,-11986,-13010,0.002165,0.002734,-0.002048,0.002851,0x36
2.890,MODE_ID_3,-12500,-12005,-13007,-0.000018,-0.001137,-0.001484,-0.002639,0x36
2.900,MODE_ID_3,-12487,-11990,-13007,0.002583,0.001882,-0.001410,0.003055,0x36
2.910,MODE_ID_3,-12496,-11994,-12986,0.000708,0.001069,0.002741,0.004518,0x36
2.920,MODE_ID_3,-12505,-12010,-12994,-0.001026,-0.002137,0.001050,-0.002113,0x36
2.930,MODE_ID_3,-12497,-11992,-13005,0.000582,0.001460,-0.001198,0.000844,0x36
2.940,MODE_ID_3,-12501,-12002,-13003,-0.000207,-0.000448,-0.000673,-0.001328,0x36
2.951,MODE_ID_3,-12496,-11995,-12986,0.000774,0.000867,0.002717,0.004358,0x36
2.961,MODE_ID_3,-12491,-12008,-13003,0.001720,-0.001647,-0.000787,-0.000714,0x36
2.970,MODE_ID_3,-12498,-12000,-12986,0.000249,-0.000109,0.002657,0.002797,0x36
2.980,MODE_ID_3,-12513,-11999,-12996,-0.002676,0.000152,0.000716,-0.001808,0x36
2.990,MODE_ID_3,-12488,-11993,-12986,0.002330,0.001214,0.002737,0.006281,0x36
3.000,MODE_ID_3,-12498,-12001,-13012,0.000319,-0.000299,-0.002460,-0.002440,0x36
3.010,MODE_ID_3,-12496,-12008,-12991,0.000666,-0.001676,0.001687,0.000677,0x36
3.020,MODE_ID_3,-12510,-12012,-13002,-0.002027,-0.002526,-0.000493,-0.005046,0x36
3.030,MODE_ID_3,-12504,-12010,-12988,-0.000943,-0.002167,0.002336,-0.000774,0x36
3.040,MODE_ID_3,-12494,-12005,-12996,0.001039,-0.001140,0.000703,0.000602,0x36
3.050,MODE_ID_3,-12499,-12000,-13011,0.000132,-0.000131,-0.002210,-0.002209,0x36
3.060,MODE_ID_3,-12508,-11986,-12992,-0.001729,0.002705,0.001433,0.002409,0x36
3.071,MODE_ID_3,-12513,-12009,-13008,-0.002649,-0.001880,-0.001737,-0.006266,0x36
3.080,MODE_ID_3,-12506,-11985,-13001,-0.001360,0.002976,-0.000230,0.001386,0x36
3.090,MODE_ID_3,-12508,-11988,-12989,-0.001643,0.002213,0.002018,0.002588,0x36
3.100,MODE_ID_3,-12498,-12007,-12999,0.000290,-0.001587,0.000164,-0.001133,0x36
3.110,MODE_ID_3,-12505,-11989,-12997,-0.001105,0.002001,0.000582,0.001478,0x36
3.120,MODE_ID_3,-12510,-12006,-13008,-0.002177,-0.001362,-0.001782,-0.005321,0x36
3.130,MODE_ID_3,-12487,-12000,-12989,0.002496,-0.000084,0.002194,0.004606,0x36
3.140,MODE_ID_3,-12508,-11994,-12990,-0.001620,0.001196,0.001862,0.001438,0x36
3.149,MODE_ID_3,-12510,-12007,-13001,-0.002062,-0.001568,-0.000304,-0.003934,0x36
3.160,MODE_ID_3,-12488,-11985,-13014,0.002215,0.002960,-0.002812,0.002363,0x36
3.170,MODE_ID_3,-12501,-12011,-13004,-0.000217,-0.002334,-0.000901,-0.003452,0x36
3.180,MODE_ID_3,-12511,-12007,-13007,-0.002395,-0.001517,-0.001456,-0.005368,0x36
3.190,MODE_ID_3,-12506,-11995,-13013,-0.001271,0.000904,-0.002790,-0.003157,0x36
3.200,MODE_ID_3,-12498,-11998,-13003,0.000352,0.000263,-0.000659,-0.000044,0x36
3.210,MODE_ID_3,-12499,-11985,-13003,0.000146,0.002972,-0.000731,0.002387,0x36
3.220,MODE_ID_3,-12502,-12002,-13001,-0.000508,-0.000514,-0.000221,-0.001243,0x36
3.230,MODE_ID_3,-12487,-11995,-12995,0.002520,0.000881,0.000866,0.004267,0x36
3.240,MODE_ID_3,-12504,-12002,-12988,-0.000954,-0.000552,0.002249,0.000743,0x36
3.250,MODE_ID_3,-12514,-11987,-12988,-0.002824,0.002414,0.002232,0.001822,0x36
3.260,MODE_ID_3,-12486,-12008,-12998,0.002740,-0.001626,0.000327,0.001441,0x36
3.270,MODE_ID_3,-12492,-12001,-12999,0.001487,-0.000333,0.000047,0.001201,0x36
3.280,MODE_ID_3,-12497,-12003,-12991,0.000585,-0.000661,0.001651,0.001575,0x36
3.290,MODE_ID_3,-12510,-11987,-13003,-0.002159,0.002542,-0.000778,-0.000395,0x36
3.300,MODE_ID_3,-12496,-12008,-12992,0.000637,-0.001738,0.001401,0.000300,0x36
3.310,MODE_ID_3,-12493,-12002,-12998,0.001342,-0.000421,0.000203,0.001124,0x36
3.320,MODE_ID_3,-12509,-11999,-13007,-0.001841,0.000044,-0.001417,-0.003214,0x36
3.330,MODE_ID_3,-12485,-11991,-12995,0.002964,0.001675,0.000850,0.005489,0x36
3.342,MODE_ID_3,-12491,-11994,-13000,0.001728,0.001057,-0.000163,0.002622,0x36
3.350,MODE_ID_3,-12513,-11998,-13010,-0.002673,0.000240,-0.002110,-0.004543,0x36
3.360,MODE_ID_3,-12489,-11987,-12994,0.002164,0.002580,0.001172,0.005916,0x36
3.370,MODE_ID_3,-12492,-12000,-12997,0.001566,-0.000181,0.000523,0.001908,0x36
3.380,MODE_ID_3,-12495,-12013,-12990,0.000998,-0.002750,0.001838,0.000086,0x36
3.390,MODE_ID_3,-12505,-11992,-13006,-0.001092,0.001408,-0.001223,-0.000907,0x36
3.400,MODE_ID_3,-12509,-11996,-12988,-0.001808,0.000734,0.002201,0.001127,0x36
3.410,MODE_ID_3,-12495,-12000,-13006,0.000859,-0.000192,-0.001328,-0.000661,0x36
3.420,MODE_ID_3,-12489,-11995,-13014,0.002050,0.000874,-0.002878,0.000046,0x36
3.430,MODE_ID_3,-12489,-12002,-12998,0.002103,-0.000553,0.000360,0.001910,0x36
3.441,MODE_ID_3,-12487,-12004,-12992,0.002473,-0.000816,0.001408,0.003065,0x36
3.451,MODE_ID_3,-12492,-12005,-12987,0.001431,-0.001024,0.002407,0.002814,0x36
3.460,MODE_ID_3,-12491,-12007,-13002,0.001737,-0.001439,-0.000435,-0.000137,0x36
3.470,MODE_ID_3,-12514,-12014,-12995,-0.002925,-0.002976,0.000993,-0.004908,0x36
3.480,MODE_ID_3,-12509,-12010,-13009,-0.001828,-0.002106,-0.001870,-0.005804,0x36
3.490,MODE_ID_3,-12503,-11985,-12993,-0.000689,0.002815,0.001348,0.003474,0x36
3.499,MODE_ID_3,-12499,-12014,-13012,0.000063,-0.002831,-0.002498,-0.005266,0x36
3.510,MODE_ID_3,-12495,-11996,-12996,0.000949,0.000695,0.000746,0.002390,0x36
3.520,MODE_ID_3,-12491,-12007,-13010,0.001759,-0.001558,-0.002041,-0.001840,0x36
3.530,MODE_ID_3,-12509,-11988,-13000,-0.001907,0.002316,-0.000110,0.000299,0x36
3.540,MODE_ID_3,-12485,-11986,-12992,0.002906,0.002757,0.001402,0.007065,0x36
3.550,MODE_ID_3,-12485,-11996,-12996,0.002920,0.000623,0.000603,0.004146,0x36
3.560,MODE_ID_3,-12508,-12014,-12985,-0.001654,-0.002978,0.002905,-0.001727,0x36
3.570,MODE_ID_3,-12498,-11997,-12995,0.000375,0.000400,0.000809,0.001584,0x36
3.580,MODE_ID_3,-12494,-11996,-13002,0.001153,0.000607,-0.000400,0.001360,0x36
3.590,MODE_ID_3,-12495,-12003,-12996,0.000814,-0.000751,0.000755,0.000818,0x36
3.600,MODE_ID_3,-12513,-12009,-12993,-0.002678,-0.001880,0.001321,-0.003237,0x36
3.610,MODE_ID_3,-12486,-12014,-12986,0.002723,-0.002940,0.002690,0.002473,0x36
3.620,MODE_ID_3,-12486,-12011,-13009,0.002656,-0.002338,-0.001813,-0.001495,0x36
3.630,MODE_ID_3,-12498,-11986,-13006,0.000394,0.002741,-0.001329,0.001806,0x36
3.641,MODE_ID_3,-12494,-11997,-12994,0.001100,0.000510,0.001170,0.002780,0x36
3.650,MODE_ID_3,-12510,-12014,-12999,-0.002067,-0.002812,0.000087,-0.004792,0x36
3.661,MODE_ID_3,-12490,-11991,-13014,0.001813,0.001765,-0.002916,0.000662,0x36
3.670,MODE_ID_3,-12506,-12004,-13009,-0.001282,-0.000915,-0.001916,-0.004113,0x36
3.680,MODE_ID_3,-12499,-12001,-12996,0.000141,-0.000251,0.000622,0.000512,0x36
3.691,MODE_ID_3,-12499,-12012,-13005,0.000195,-0.002575,-0.001130,-0.003510,0x36
3.700,MODE_ID_3,-12511,-11996,-12992,-0.002340,0.000758,0.001501,-0.000081,0x36
3.710,MODE_ID_3,-12506,-11999,-12987,-0.001334,0.000016,0.002453,0.001135,0x36
3.720,MODE_ID_3,-12498,-11990,-12999,0.000206,0.001865,0.000163,0.002234,0x36
3.730,MODE_ID_3,-12489,-12010,-13002,0.002118,-0.002010,-0.000577,-0.000469,0x36
3.740,MODE_ID_3,-12505,-11988,-13007,-0.001145,0.002257,-0.001575,-0.000463,0x36
3.750,MODE_ID_3,-12492,-11997,-13000,0.001595,0.000505,-0.000154,0.001946,0x36
3.760,MODE_ID_3,-12490,-12008,-13008,0.001987,-0.001764,-0.001704,-0.001481,0x36
3.771,MODE_ID_3,-12487,-11994,-13010,0.002509,0.001040,-0.002054,0.001495,0x36
3.780,MODE_ID_3,-12509,-12010,-12994,-0.001866,-0.002078,0.001171,-0.002773,0x36
3.790,MODE_ID_3,-12486,-12001,-13000,0.002711,-0.000348,-0.000100,0.002263,0x36
3.800,MODE_ID_3,-12501,-11991,-13005,-0.000328,0.001608,-0.001051,0.000229,0x36
3.810,MODE_ID_3,-12485,-11991,-13011,0.002871,0.001658,-0.002292,0.002237,0x36
3.820,MODE_ID_3,-12504,-12014,-12989,-0.000886,-0.002889,0.002069,-0.001706,0x36
3.830,MODE_ID_3,-12489,-11993,-12998,0.002179,0.001355,0.000216,0.003750,0x36
3.840,MODE_ID_3,-12505,-12006,-13004,-0.001167,-0.001380,-0.000942,-0.003489,0x36
3.850,MODE_ID_3,-12500,-12002,-12992,-0.000096,-0.000471,0.001417,0.000850,0x36
3.860,MODE_ID_3,-12493,-12000,-13012,0.001231,-0.000082,-0.002573,-0.001424,0x36
3.870,MODE_ID_3,-12501,-11995,-13006,-0.000256,0.000937,-0.001270,-0.000589,0x36
3.880,MODE_ID_3,-12487,-11987,-12987,0.002485,0.002440,0.002578,0.007503,0x36
3.891,MODE_ID_3,-12508,-11993,-12993,-0.001751,0.001329,0.001369,0.000947,0x36
3.900,MODE_ID_3,-12502,-11988,-12998,-0.000577,0.002201,0.000252,0.001876,0x36
3.910,MODE_ID_3,-12497,-11994,-13004,0.000481,0.001090,-0.000864,0.000707,0x36
3.920,MODE_ID_3,-12508,-12000,-13010,-0.001660,-0.000026,-0.002052,-0.003738,0x36
3.930,MODE_ID_3,-12509,-11990,-12985,-0.001995,0.001961,0.002897,0.002863,0x36
3.940,MODE_ID_3,-12493,-12009,-12998,0.001392,-0.001835,0.000383,-0.000060,0x36
3.951,MODE_ID_3,-12498,-11985,-13006,0.000321,0.002803,-0.001206,0.001918,0x36
3.960,MODE_ID_3,-12496,-11986,-12993,0.000625,0.002725,0.001203,0.004553,0x36
3.971,MODE_ID_3,-12505,-12008,-12987,-0.001171,-0.001704,0.002520,-0.000355,0x36
3.980,MODE_ID_3,-12513,-11988,-12994,-0.002631,0.002260,0.001168,0.000797,0x36
3.990,MODE_ID_3,-12506,-11999,-12986,-0.001203,0.000054,0.002740,0.001591,0x36
4.000,MODE_ID_3,-12493,-11991,-12987,0.001378,0.001621,0.002402,0.005401,0x36
4.010,MODE_ID_3,-12492,-12006,-13001,0.001599,-0.001392,-0.000349,-0.000142,0x36
4.020,MODE_ID_3,-12506,-11998,-13006,-0.001207,0.000247,-0.001255,-0.002215,0x36
4.030,MODE_ID_3,-12513,-12009,-12991,-0.002715,-0.001872,0.001625,-0.002962,0x36
4.040,MODE_ID_3,-12494,-11986,-13009,0.001043,0.002701,-0.001907,0.001837,0x36
4.050,MODE_ID_3,-12485,-12007,-12998,0.002916,-0.001425,0.000208,0.001699,0x36
4.060,MODE_ID_3,-12502,-12009,-12987,-0.000484,-0.001948,0.002491,0.000059,0x36
4.070,MODE_ID_3,-12498,-11985,-13009,0.000243,0.002957,-0.001845,0.001355,0x36
4.080,MODE_ID_3,-12500,-11998,-13005,-0.000090,0.000309,-0.001118,-0.000899,0x36
4.092,MODE_ID_3,-12510,-11992,-12996,-0.002117,0.001595,0.000746,0.000224,0x36
4.100,MODE_ID_3,-12508,-11989,-13000,-0.001737,0.002055,-0.000032,0.000286,0x36
4.110,MODE_ID_3,-12504,-11987,-12989,-0.000854,0.002566,0.002073,0.003785,0x36
4.120,MODE_ID_3,-12502,-12005,-13006,-0.000579,-0.001037,-0.001387,-0.003003,0x36
4.130,MODE_ID_3,-12502,-12013,-13004,-0.000502,-0.002680,-0.000997,-0.004179,0x36
4.140,MODE_ID_3,-12502,-11987,-13005,-0.000511,0.002541,-0.001100,0.000930,0x36
4.150,MODE_ID_3,-12505,-11986,-13005,-0.001057,0.002621,-0.001156,0.000408,0x36
4.160,MODE_ID_3,-12501,-12005,-12988,-0.000266,-0.001177,0.002242,0.000799,0x36
4.170,MODE_ID_3,-12506,-12000,-13000,-0.001308,-0.000123,-0.000053,-0.001484,0x36
4.180,MODE_ID_3,-12513,-12003,-12991,-0.002623,-0.000739,0.001788,-0.001574,0x36
4.190,MODE_ID_3,-12486,-11986,-13001,0.002644,0.002683,-0.000316,0.005011,0x36
4.200,MODE_ID_3,-12511,-12004,-13000,-0.002378,-0.000953,-0.000013,-0.003344,0x36
4.210,MODE_ID_3,-12494,-12007,-12995,0.001044,-0.001530,0.000999,0.000513,0x36
4.221,MODE_ID_3,-12489,-11994,-13012,0.002042,0.001086,-0.002457,0.000671,0x36
4.231,MODE_ID_3,-12490,-12013,-12985,0.001927,-0.002782,0.002840,0.001985,0x36
4.240,MODE_ID_3,-12493,-11996,-13006,0.001302,0.000723,-0.001356,0.000669,0x36
4.250,MODE_ID_3,-12511,-11999,-12992,-0.002381,0.000192,0.001503,-0.000686,0x36
4.260,MODE_ID_3,-12509,-11990,-13008,-0.001866,0.001963,-0.001786,-0.001689,0x36
4.270,MODE_ID_3,-12492,-11989,-12989,0.001502,0.002013,0.002041,0.005556,0x36
4.280,MODE_ID_3,-12509,-12011,-13004,-0.001910,-0.002310,-0.000825,-0.005045,0x36
4.290,MODE_ID_3,-12502,-12011,-12989,-0.000491,-0.002277,0.002100,-0.000668,0x36
4.300,MODE_ID_3,-12488,-12013,-13003,0.002229,-0.002749,-0.000678,-0.001198,0x36
4.310,MODE_ID_3,-12498,-11995,-12992,0.000305,0.000840,0.001483,0.002628,0x36
4.320,MODE_ID_3,-12493,-12009,-12990,0.001200,-0.001867,0.001998,0.001331,0x36
4.330,MODE_ID_3,-12511,-11999,-13008,-0.002206,0.000172,-0.001800,-0.003834,0x36
4.340,MODE_ID_3,-12485,-11996,-13005,0.002999,0.000797,-0.001030,0.002766,0x36
4.350,MODE_ID_3,-12501,-12008,-13014,-0.000243,-0.001609,-0.002920,-0.004772,0x36
4.360,MODE_ID_3,-12502,-11997,-13001,-0.000429,0.000475,-0.000369,-0.000323,0x36
4.370,MODE_ID_3,-12505,-12003,-13003,-0.001067,-0.000629,-0.000767,-0.002463,0x36
4.380,MODE_ID_3,-12489,-11985,-12994,0.002149,0.002866,0.001048,0.006063,0x36
4.390,MODE_ID_3,-12487,-11992,-13000,0.002516,0.001508,-0.000005,0.004019,0x36
4.400,MODE_ID_3,-12511,-11997,-13000,-0.002393,0.000462,-0.000103,-0.002034,0x36
4.410,MODE_ID_3,-12497,-11991,-13010,0.000417,0.001609,-0.002041,-0.000015,0x36
4.420,MODE_ID_3,-12501,-12014,-12995,-0.000248,-0.002831,0.000858,-0.002221,0x36
4.430,MODE_ID_3,-12494,-12002,-12995,0.001198,-0.000555,0.000910,0.001553,0x36
4.440,MODE_ID_3,-12513,-12013,-12993,-0.002745,-0.002741,0.001350,-0.004136,0x36
4.451,MODE_ID_3,-12509,-11992,-13001,-0.001978,0.001555,-0.000337,-0.000760,0x36
4.460,MODE_ID_3,-12508,-11991,-13014,-0.001704,0.001738,-0.002958,-0.002924,0x36
4.470,MODE_ID_3,-12509,-12004,-12995,-0.001907,-0.000959,0.000964,-0.001902,0x36
4.480,MODE_ID_3,-12501,-12005,-13012,-0.000237,-0.001145,-0.002482,-0.003864,0x36
4.490,MODE_ID_3,-12489,-11992,-13000,0.002136,0.001493,-0.000153,0.003476,0x36
4.500,MODE_ID_3,-12508,-11999,-13005,-0.001708,0.000019,-0.001011,-0.002700,0x36
4.510,MODE_ID_3,-12509,-11994,-13000,-0.001939,0.001095,-0.000044,-0.000888,0x36
4.520,MODE_ID_3,-12490,-12010,-12992,0.001922,-0.002114,0.001555,0.001363,0x36
4.530,MODE_ID_3,-12489,-11995,-12985,0.002170,0.000980,0.002820,0.005970,0x36
4.541,MODE_ID_3,-12502,-11993,-12985,-0.000462,0.001219,0.002852,0.003609,0x36
4.550,MODE_ID_3,-12503,-11988,-12991,-0.000672,0.002207,0.001712,0.003247,0x36
4.560,MODE_ID_3,-12491,-12003,-13006,0.001614,-0.000768,-0.001241,-0.000395,0x36
4.570,MODE_ID_3,-12509,-12005,-13001,-0.001806,-0.001124,-0.000395,-0.003325,0x36
4.580,MODE_ID_3,-12495,-12008,-12985,0.000956,-0.001788,0.002856,0.002024,0x36
4.590,MODE_ID_3,-12492,-11991,-12992,0.001473,0.001649,0.001420,0.004542,0x36
4.600,MODE_ID_3,-12510,-12002,-13013,-0.002115,-0.000436,-0.002718,-0.005269,0x36
4.610,MODE_ID_3,-12485,-11988,-13011,0.002818,0.002334,-0.002228,0.002924,0x36
4.620,MODE_ID_3,-12490,-11998,-13009,0.001825,0.000251,-0.001934,0.000142,0x36
4.630,MODE_ID_3,-12491,-12004,-13002,0.001666,-0.000863,-0.000577,0.000226,0x36
4.641,MODE_ID_3,-12505,-11995,-12992,-0.001155,0.000852,0.001582,0.001279,0x36
4.650,MODE_ID_3,-12496,-11993,-13012,0.000691,0.001399,-0.002531,-0.000441,0x36
4.660,MODE_ID_3,-12493,-12007,-12994,0.001395,-0.001595,0.001095,0.000895,0x36
4.670,MODE_ID_3,-12500,-12005,-12985,-0.000176,-0.001120,0.002801,0.001505,0x36
4.681,MODE_ID_3,-12493,-11994,-12996,0.001375,0.001158,0.000719,0.003252,0x36
4.690,MODE_ID_3,-12497,-11992,-12990,0.000524,0.001505,0.001991,0.004020,0x36
4.700,MODE_ID_3,-12498,-11994,-13003,0.000232,0.001154,-0.000781,0.000605,0x36
4.710,MODE_ID_3,-12506,-12005,-12992,-0.001294,-0.001159,0.001526,-0.000927,0x36
4.720,MODE_ID_3,-12508,-12000,-12986,-0.001660,-0.000011,0.002708,0.001037,0x36
4.730,MODE_ID_3,-12504,-11999,-12994,-0.000963,0.000002,0.001012,0.000051,0x36
4.740,MODE_ID_3,-12494,-11988,-13012,0.001133,0.002267,-0.002551,0.000849,0x36
4.750,MODE_ID_3,-12490,-12012,-13012,0.001818,-0.002451,-0.002438,-0.003071,0x36
4.760,MODE_ID_3,-12491,-12004,-12991,0.001735,-0.000866,0.001725,0.002594,0x36
4.770,MODE_ID_3,-12511,-11996,-12985,-0.002306,0.000734,0.002905,0.001333,0x36
4.780,MODE_ID_3,-12498,-11997,-13013,0.000334,0.000409,-0.002748,-0.002005,0x36
4.790,MODE_ID_3,-12493,-12009,-13002,0.001280,-0.001979,-0.000483,-0.001182,0x36
4.800,MODE_ID_3,-12504,-12002,-13010,-0.000954,-0.000511,-0.002101,-0.003566,0x36
4.810,MODE_ID_3,-12500,-12012,-13009,-0.000196,-0.002523,-0.001858,-0.004577,0x36
4.820,MODE_ID_3,-12489,-12013,-12987,0.002026,-0.002648,0.002492,0.001870,0x36
4.830,MODE_ID_3,-12510,-12012,-13008,-0.002023,-0.002478,-0.001665,-0.006166,0x36
4.840,MODE_ID_3,-12485,-12013,-12998,0.002826,-0.002682,0.000399,0.000543,0x36
4.850,MODE_ID_3,-12487,-11993,-13004,0.002507,0.001322,-0.000974,0.002855,0x36
4.860,MODE_ID_3,-12486,-11986,-13003,0.002669,0.002678,-0.000638,0.004709,0x36
4.870,MODE_ID_3,-12510,-12011,-13000,-0.002112,-0.002251,-0.000041,-0.004404,0x36
4.880,MODE_ID_3,-12507,-12010,-13014,-0.001477,-0.002127,-0.002906,-0.006510,0x36
4.890,MODE_ID_3,-12501,-12012,-12986,-0.000337,-0.002593,0.002772,-0.000158,0x36
4.900,MODE_ID_3,-12499,-11998,-13014,0.000176,0.000364,-0.002855,-0.002315,0x36
4.910,MODE_ID_3,-12507,-12006,-13004,-0.001588,-0.001240,-0.000855,-0.003683,0x36
4.920,MODE_ID_3,-12510,-11996,-13000,-0.002066,0.000689,-0.000121,-0.001498,0x36
4.930,MODE_ID_3,-12508,-11989,-12994,-0.001668,0.002029,0.001141,0.001502,0x36
4.941,MODE_ID_3,-12512,-11991,-13013,-0.002509,0.001640,-0.002723,-0.003592,0x36
4.950,MODE_ID_3,-12485,-11999,-12998,0.002966,0.000057,0.000314,0.003337,0x36
4.960,MODE_ID_3,-12501,-11988,-12987,-0.000272,0.002255,0.002569,0.004552,0x36
4.970,MODE_ID_3,-12501,-12008,-12987,-0.000227,-0.001739,0.002443,0.000477,0x36
4.980,MODE_ID_3,-12503,-12005,-12990,-0.000620,-0.001022,0.001840,0.000198,0x36
4.990,MODE_ID_3,-12510,-11996,-12990,-0.002088,0.000755,0.001987,0.000654,0x36
5.000,MODE_ID_3,-12506,-12011,-13013,-0.001389,-0.002296,-0.002662,-0.006347,0x36
5.010,MODE_ID_3,-12495,-12005,-13002,0.000808,-0.001037,-0.000511,-0.000740,0x36
5.020,MODE_ID_3,-12496,-11991,-13010,0.000669,0.001650,-0.002051,0.000268,0x36
5.030,MODE_ID_3,-12493,-11995,-13012,0.001342,0.000804,-0.002447,-0.000301,0x36
5.040,MODE_ID_3,-12506,-11994,-12996,-0.001367,0.001189,0.000718,0.000540,0x36
5.051,MODE_ID_3,-12513,-11985,-13012,-0.002780,0.002913,-0.002586,-0.002453,0x36
5.060,MODE_ID_3,-12508,-12004,-12994,-0.001701,-0.000972,0.001089,-0.001584,0x36
5.070,MODE_ID_3,-12506,-12006,-12990,-0.001278,-0.001272,0.001956,-0.000594,0x36
5.080,MODE_ID_3,-12513,-12003,-12990,-0.002685,-0.000792,0.001896,-0.001581,0x36
5.090,MODE_ID_3,-12489,-11996,-12990,0.002064,0.000704,0.001895,0.004663,0x36
5.100,MODE_ID_3,-12512,-11991,-12994,-0.002510,0.001619,0.001132,0.000241,0x36
5.110,MODE_ID_3,-12513,-11988,-12986,-0.002701,0.002367,0.002785,0.002451,0x36
5.120,MODE_ID_3,-12509,-12014,-12989,-0.001829,-0.002827,0.002172,-0.002484,0x36
5.131,MODE_ID_3,-12494,-11997,-12999,0.001130,0.000510,0.000188,0.001828,0x36
5.140,MODE_ID_3,-12503,-12011,-12995,-0.000738,-0.002334,0.000912,-0.002160,0x36
5.151,MODE_ID_3,-12510,-11992,-12993,-0.002129,0.001446,0.001297,0.000614,0x36
5.160,MODE_ID_3,-12495,-11996,-13010,0.000999,0.000681,-0.002009,-0.000329,0x36
5.169,MODE_ID_3,-12504,-11997,-12995,-0.000945,0.000569,0.000883,0.000507,0x36
5.180,MODE_ID_3,-12489,-11999,-13012,0.002179,0.000040,-0.002421,-0.000202,0x36
5.190,MODE_ID_3,-12500,-11995,-13009,-0.000031,0.000855,-0.001996,-0.001172,0x36
5.200,MODE_ID_3,-12502,-11999,-13009,-0.000489,0.000194,-0.001945,-0.002240,0x36
5.211,MODE_ID_3,-12494,-11987,-13003,0.001087,0.002464,-0.000693,0.002858,0x36
5.220,MODE_ID_3,-12502,-12002,-13010,-0.000543,-0.000574,-0.002192,-0.003309,0x36
5.230,MODE_ID_3,-12506,-12001,-13006,-0.001321,-0.000267,-0.001396,-0.002984,0x36
5.241,MODE_ID_3,-12486,-12008,-13014,0.002609,-0.001684,-0.002873,-0.001948,0x36
5.250,MODE_ID_3,-12509,-12007,-13000,-0.001949,-0.001564,-0.000074,-0.003587,0x36
5.260,MODE_ID_3,-12511,-11997,-12989,-0.002336,0.000431,0.002160,0.000255,0x36
5.270,MODE_ID_3,-12489,-12002,-13008,0.002186,-0.000524,-0.001719,-0.000057,0x36
5.280,MODE_ID_3,-12505,-11988,-13010,-0.001033,0.002268,-0.002048,-0.000813,0x36
5.290,MODE_ID_3,-12488,-12009,-12997,0.002292,-0.001924,0.000591,0.000959,0x36
5.300,MODE_ID_3,-12507,-11993,-13009,-0.001517,0.001203,-0.001990,-0.002304,0x36
5.310,MODE_ID_3,-12512,-12008,-12987,-0.002566,-0.001618,0.002494,-0.001690,0x36
5.320,MODE_ID_3,-12505,-12002,-13006,-0.001017,-0.000468,-0.001267,-0.002752,0x36
5.330,MODE_ID_3,-12499,-11996,-13001,0.000014,0.000776,-0.000310,0.000480,0x36
5.340,MODE_ID_3,-12507,-11986,-13014,-0.001466,0.002746,-0.002992,-0.001712,0x36
5.350,MODE_ID_3,-12501,-12009,-12996,-0.000287,-0.001810,0.000612,-0.001485,0x36
5.360,MODE_ID_3,-12505,-11989,-13013,-0.001140,0.002186,-0.002780,-0.001734,0x36
5.370,MODE_ID_3,-12490,-12011,-13001,0.001807,-0.002230,-0.000289,-0.000712,0x36
5.380,MODE_ID_3,-12499,-12014,-12990,0.000120,-0.002831,0.001967,-0.000744,0x36
5.390,MODE_ID_3,-12509,-11999,-12999,-0.001922,0.000102,0.000157,-0.001663,0x36
5.400,MODE_ID_3,-12494,-11999,-12990,0.001119,0.000153,0.001803,0.003075,0x36
5.410,MODE_ID_3,-12505,-12012,-13002,-0.001007,-0.002586,-0.000578,-0.004171,0x36
5.420,MODE_ID_3,-12490,-12007,-13014,0.001948,-0.001535,-0.002867,-0.002454,0x36
5.430,MODE_ID_3,-12505,-12009,-12999,-0.001122,-0.001989,0.000117,-0.002994,0x36
5.440,MODE_ID_3,-12504,-12001,-13003,-0.000805,-0.000307,-0.000625,-0.001737,0x36
5.450,MODE_ID_3,-12508,-11991,-12995,-0.001715,0.001770,0.000886,0.000941,0x36
5.460,MODE_ID_3,-12505,-12014,-13005,-0.001138,-0.002806,-0.001056,-0.005000,0x36
5.473,MODE_ID_3,-12508,-12002,-12995,-0.001728,-0.000466,0.000880,-0.001314,0x36
5.481,MODE_ID_3,-12491,-12013,-12996,0.001634,-0.002737,0.000633,-0.000470,0x36
5.490,MODE_ID_3,-12511,-12014,-13014,-0.002388,-0.002953,-0.002884,-0.008225,0x36
5.500,MODE_ID_3,-12504,-11994,-12994,-0.000955,0.001072,0.001098,0.001215,0x36
5.510,MODE_ID_3,-12507,-11998,-12988,-0.001410,0.000271,0.002382,0.001243,0x36
5.520,MODE_ID_3,-12510,-11996,-13002,-0.002151,0.000677,-0.000580,-0.002054,0x36
5.530,MODE_ID_3,-12488,-11985,-13011,0.002245,0.002992,-0.002312,0.002925,0x36
5.540,MODE_ID_3,-12504,-12009,-12997,-0.000838,-0.001852,0.000442,-0.002248,0x36
5.549,MODE_ID_3,-12496,-11990,-13008,0.000765,0.001917,-0.001658,0.001024,0x36
5.560,MODE_ID_3,-12489,-11989,-13013,0.002187,0.002097,-0.002762,0.001522,0x36
5.570,MODE_ID_3,-12493,-11991,-13004,0.001242,0.001699,-0.000881,0.002060,0x36
5.580,MODE_ID_3,-12486,-12005,-12996,0.002695,-0.001164,0.000636,0.002167,0x36
5.590,MODE_ID_3,-12500,-12009,-13007,-0.000162,-0.001833,-0.001474,-0.003469,0x36
5.600,MODE_ID_3,-12500,-11990,-12995,-0.000143,0.001924,0.000968,0.002749,0x36
5.610,MODE_ID_3,-12502,-11992,-12991,-0.000425,0.001427,0.001757,0.002759,0x36
5.620,MODE_ID_3,-12485,-11985,-12987,0.002935,0.002975,0.002538,0.008448,0x36
5.630,MODE_ID_3,-12506,-11987,-13013,-0.001208,0.002409,-0.002634,-0.001433,0x36
5.640,MODE_ID_3,-12490,-12006,-13006,0.001862,-0.001234,-0.001355,-0.000727,0x36
5.650,MODE_ID_3,-12511,-11998,-12998,-0.002322,0.000273,0.000206,-0.001843,0x36
5.660,MODE_ID_3,-12505,-12002,-13000,-0.001185,-0.000444,-0.000029,-0.001658,0x36
5.670,MODE_ID_3,-12495,-12004,-13001,0.000966,-0.000815,-0.000241,-0.000090,0x36
5.680,MODE_ID_3,-12511,-11987,-12991,-0.002321,0.002411,0.001611,0.001701,0x36
5.690,MODE_ID_3,-12504,-12002,-12996,-0.000859,-0.000515,0.000623,-0.000751,0x36
5.700,MODE_ID_3,-12495,-11987,-13003,0.000977,0.002541,-0.000715,0.002803,0x36
5.710,MODE_ID_3,-12499,-12012,-12987,0.000077,-0.002502,0.002461,0.000036,0x36
5.720,MODE_ID_3,-12507,-12002,-13005,-0.001462,-0.000596,-0.001144,-0.003202,0x36
5.730,MODE_ID_3,-12507,-11990,-12988,-0.001492,0.001935,0.002280,0.002723,0x36
5.740,MODE_ID_3,-12504,-11985,-12989,-0.000868,0.002939,0.002127,0.004198,0x36
5.750,MODE_ID_3,-12503,-12014,-12990,-0.000719,-0.002921,0.001802,-0.001838,0x36
5.760,MODE_ID_3,-12503,-12013,-12993,-0.000678,-0.002777,0.001245,-0.002210,0x36
5.770,MODE_ID_3,-12497,-12000,-13008,0.000428,-0.000189,-0.001681,-0.001442,0x36
5.780,MODE_ID_3,-12504,-11987,-12988,-0.000838,0.002409,0.002207,0.003778,0x36
5.790,MODE_ID_3,-12497,-12013,-12998,0.000478,-0.002740,0.000239,-0.002023,0x36
5.800,MODE_ID_3,-12513,-11998,-12997,-0.002704,0.000220,0.000457,-0.002027,0x36
5.810,MODE_ID_3,-12509,-11991,-12999,-0.001884,0.001709,0.000015,-0.000160,0x36
5.820,MODE_ID_3,-12505,-12000,-12992,-0.001153,-0.000061,0.001507,0.000293,0x36
5.830,MODE_ID_3,-12508,-12005,-13005,-0.001600,-0.001098,-0.001175,-0.003873,0x36
5.840,MODE_ID_3,-12493,-12000,-13008,0.001233,-0.000175,-0.001683,-0.000625,0x36
5.850,MODE_ID_3,-12510,-11992,-12993,-0.002022,0.001553,0.001319,0.000850,0x36
5.860,MODE_ID_3,-12503,-11989,-13004,-0.000714,0.002018,-0.000952,0.000352,0x36
5.870,MODE_ID_3,-12506,-11991,-12998,-0.001263,0.001612,0.000255,0.000604,0x36
5.880,MODE_ID_3,-12502,-11991,-13011,-0.000468,0.001666,-0.002374,-0.001176,0x36
5.891,MODE_ID_3,-12496,-12000,-13014,0.000763,-0.000087,-0.002976,-0.002300,0x36
5.900,MODE_ID_3,-12511,-11998,-12998,-0.002299,0.000321,0.000263,-0.001715,0x36
5.910,MODE_ID_3,-12498,-12004,-13013,0.000264,-0.000959,-0.002649,-0.003344,0x36
5.920,MODE_ID_3,-12489,-11994,-13004,0.002098,0.001151,-0.000840,0.002409,0x36
5.930,MODE_ID_3,-12486,-12001,-12990,0.002766,-0.000395,0.001968,0.004339,0x36
5.940,MODE_ID_3,-12491,-12011,-12992,0.001711,-0.002243,0.001416,0.000884,0x36
5.950,MODE_ID_3,-12503,-11985,-12991,-0.000747,0.002858,0.001612,0.003723,0x36
5.960,MODE_ID_3,-12500,-11993,-13009,-0.000177,0.001320,-0.001909,-0.000766,0x36
5.970,MODE_ID_3,-12501,-11997,-13003,-0.000331,0.000419,-0.000691,-0.000603,0x36
5.980,MODE_ID_3,-12498,-12010,-13012,0.000333,-0.002020,-0.002472,-0.004159,0x36
5.990,MODE_ID_3,-12508,-12014,-13001,-0.001780,-0.002951,-0.000392,-0.005123,0x36
6.000,MODE_ID_3,-12490,-12011,-12990,0.001993,-0.002221,0.001903,0.001675,0x36
6.010,MODE_ID_3,-12495,-11994,-13008,0.000868,0.001136,-0.001632,0.000372,0x36
6.020,MODE_ID_3,-12506,-11986,-12992,-0.001248,0.002677,0.001436,0.002865,0x36
6.030,MODE_ID_3,-12490,-11992,-13006,0.001995,0.001500,-0.001296,0.002199,0x36
6.040,MODE_ID_3,-12488,-12011,-13004,0.002389,-0.002258,-0.000847,-0.000716,0x36
6.051,MODE_ID_3,-12486,-12003,-13005,0.002616,-0.000739,-0.001096,0.000781,0x36
6.060,MODE_ID_3,-12500,-12003,-12992,-0.000106,-0.000633,0.001507,0.000768,0x36
6.071,MODE_ID_3,-12504,-11995,-13007,-0.000969,0.000848,-0.001499,-0.001620,0x36
6.080,MODE_ID_3,-12492,-12013,-12992,0.001486,-0.002624,0.001570,0.000432,0x36
6.090,MODE_ID_3,-12496,-11990,-12994,0.000747,0.001849,0.001063,0.003659,0x36
6.100,MODE_ID_3,-12495,-12002,-13002,0.000948,-0.000451,-0.000473,0.000024,0x36
6.110,MODE_ID_3,-12508,-11990,-12986,-0.001688,0.001984,0.002662,0.002958,0x36
6.120,MODE_ID_3,-12502,-11989,-13003,-0.000576,0.002180,-0.000612,0.000992,0x36
6.129,MODE_ID_3,-12512,-12005,-12988,-0.002405,-0.001158,0.002250,-0.001313,0x36
6.140,MODE_ID_3,-12508,-11999,-12993,-0.001707,0.000011,0.001394,-0.000302,0x36
6.150,MODE_ID_3,-12496,-12003,-13008,0.000693,-0.000757,-0.001778,-0.001842,0x36
6.161,MODE_ID_3,-12492,-11992,-12995,0.001550,0.001529,0.000860,0.003939,0x36
6.170,MODE_ID_3,-12502,-12004,-12989,-0.000410,-0.000950,0.002182,0.000822,0x36
6.180,MODE_ID_3,-12506,-12000,-12996,-0.001325,-0.000060,0.000748,-0.000637,0x36
6.190,MODE_ID_3,-12499,-11986,-13003,0.000071,0.002698,-0.000661,0.002108,0x36
6.200,MODE_ID_3,-12509,-11997,-13006,-0.001905,0.000485,-0.001286,-0.002706,0x36
6.210,MODE_ID_3,-12513,-11994,-13003,-0.002636,0.001060,-0.000680,-0.002256,0x36
6.220,MODE_ID_3,-12496,-12001,-13001,0.000789,-0.000291,-0.000257,0.000241,0x36
6.230,MODE_ID_3,-12488,-12001,-12997,0.002311,-0.000278,0.000451,0.002484,0x36
6.240,MODE_ID_3,-12486,-12005,-12990,0.002664,-0.001186,0.001884,0.003362,0x36
6.251,MODE_ID_3,-12512,-11986,-12992,-0.002552,0.002681,0.001589,0.001718,0x36
6.260,MODE_ID_3,-12510,-11999,-13014,-0.002190,0.000048,-0.002997,-0.005139,0x36
6.270,MODE_ID_3,-12509,-11995,-12992,-0.001819,0.000899,0.001535,0.000615,0x36
6.280,MODE_ID_3,-12503,-11988,-12999,-0.000784,0.002353,0.000199,0.001768,0x36
6.290,MODE_ID_3,-12509,-12003,-13012,-0.001999,-0.000646,-0.002423,-0.005068,0x36
6.300,MODE_ID_3,-12513,-11993,-12990,-0.002607,0.001250,0.001852,0.000495,0x36
6.310,MODE_ID_3,-12506,-12008,-12989,-0.001384,-0.001650,0.002019,-0.001015,0x36
6.320,MODE_ID_3,-12508,-12000,-12995,-0.001740,-0.000187,0.000899,-0.001028,0x36
6.330,MODE_ID_3,-12508,-11986,-13004,-0.001748,0.002630,-0.000929,-0.000047,0x36
6.340,MODE_ID_3,-12487,-12009,-13005,0.002583,-0.001857,-0.001001,-0.000275,0x36
6.349,MODE_ID_3,-12493,-11985,-12993,0.001377,0.002825,0.001308,0.005510,0x36
6.359,MODE_ID_3,-12486,-11985,-13007,0.002620,0.002836,-0.001599,0.003857,0x36
6.369,MODE_ID_3,-12510,-11992,-13009,-0.002028,0.001504,-0.001967,-0.002491,0x36
6.380,MODE_ID_3,-12514,-11988,-12996,-0.002836,0.002274,0.000665,0.000103,0x36
6.390,MODE_ID_3,-12499,-12001,-12997,0.000166,-0.000344,0.000562,0.000384,0x36
6.400,MODE_ID_3,-12497,-12012,-13008,0.000429,-0.002413,-0.001736,-0.003720,0x36
6.411,MODE_ID_3,-12500,-12009,-12987,-0.000136,-0.001937,0.002595,0.000522,0x36
6.420,MODE_ID_3,-12491,-12002,-12992,0.001755,-0.000562,0.001425,0.002618,0x36
6.430,MODE_ID_3,-12486,-11998,-12994,0.002759,0.000223,0.001021,0.004003,0x36
6.439,MODE_ID_3,-12512,-12007,-13014,-0.002561,-0.001499,-0.002877,-0.006937,0x36
6.450,MODE_ID_3,-12493,-12000,-12990,0.001220,-0.000122,0.001812,0.002910,0x36
6.460,MODE_ID_3,-12491,-11990,-12997,0.001679,0.001944,0.000532,0.004155,0x36
6.470,MODE_ID_3,-12512,-12004,-12990,-0.002508,-0.000812,0.001898,-0.001422,0x36
6.480,MODE_ID_3,-12494,-11995,-13000,0.001075,0.000838,-0.000175,0.001738,0x36
6.490,MODE_ID_3,-12499,-12005,-13002,0.000080,-0.001020,-0.000415,-0.001355,0x36
6.500,MODE_ID_3,-12511,-11995,-12994,-0.002282,0.000843,0.001152,-0.000287,0x36
6.510,MODE_ID_3,-12489,-11999,-12989,0.002176,0.000098,0.002071,0.004345,0x36
6.520,MODE_ID_3,-12504,-12001,-12995,-0.000973,-0.000369,0.000965,-0.000377,0x36
6.530,MODE_ID_3,-12487,-12010,-13002,0.002474,-0.002161,-0.000458,-0.000145,0x36
6.540,MODE_ID_3,-12492,-12009,-12989,0.001435,-0.001818,0.002026,0.001643,0x36
6.550,MODE_ID_3,-12490,-11997,-12993,0.001982,0.000593,0.001338,0.003913,0x36
6.560,MODE_ID_3,-12507,-12000,-12985,-0.001428,-0.000020,0.002826,0.001378,0x36
6.570,MODE_ID_3,-12496,-11988,-12989,0.000791,0.002340,0.002105,0.005236,0x36
6.580,MODE_ID_3,-12505,-11993,-12988,-0.001071,0.001350,0.002367,0.002646,0x36
6.590,MODE_ID_3,-12485,-12009,-13005,0.002939,-0.001829,-0.001144,-0.000034,0x36
6.600,MODE_ID_3,-12510,-12000,-13000,-0.002120,-0.000119,-0.000064,-0.002303,0x36
6.610,MODE_ID_3,-12510,-11991,-13010,-0.002183,0.001725,-0.002152,-0.002610,0x36
6.620,MODE_ID_3,-12500,-12000,-12988,-0.000095,-0.000177,0.002369,0.002097,0x36
6.630,MODE_ID_3,-12499,-12008,-12988,0.000059,-0.001742,0.002270,0.000587,0x36
6.640,MODE_ID_3,-12507,-11992,-13002,-0.001563,0.001406,-0.000547,-0.000704,0x36
6.650,MODE_ID_3,-12489,-12013,-12986,0.002101,-0.002782,0.002716,0.002035,0x36
6.660,MODE_ID_3,-12503,-11989,-12990,-0.000607,0.002074,0.001919,0.003386,0x36
6.670,MODE_ID_3,-12491,-12012,-12993,0.001610,-0.002570,0.001249,0.000289,0x36
6.680,MODE_ID_3,-12496,-12014,-13005,0.000760,-0.002831,-0.001197,-0.003268,0x36
6.690,MODE_ID_3,-12487,-12011,-12985,0.002560,-0.002307,0.002921,0.003174,0x36
6.700,MODE_ID_3,-12503,-11987,-13001,-0.000745,0.002406,-0.000301,0.001360,0x36
6.710,MODE_ID_3,-12512,-11997,-12997,-0.002409,0.000592,0.000600,-0.001217,0x36
6.720,MODE_ID_3,-12487,-11997,-13004,0.002402,0.000595,-0.000939,0.002058,0x36
6.730,MODE_ID_3,-12511,-12003,-13002,-0.002343,-0.000660,-0.000510,-0.003513,0x36
6.740,MODE_ID_3,-12491,-12004,-13011,0.001610,-0.000973,-0.002395,-0.001758,0x36
6.750,MODE_ID_3,-12494,-12007,-13005,0.001017,-0.001559,-0.001058,-0.001600,0x36
6.760,MODE_ID_3,-12491,-11996,-12998,0.001745,0.000737,0.000280,0.002762,0x36
6.772,MODE_ID_3,-12487,-11996,-13014,0.002471,0.000743,-0.002948,0.000266,0x36
6.780,MODE_ID_3,-12504,-12012,-12993,-0.000926,-0.002434,0.001240,-0.002120,0x36
6.790,MODE_ID_3,-12494,-12010,-13009,0.001149,-0.002199,-0.001999,-0.003049,0x36
6.800,MODE_ID_3,-12488,-12004,-13014,0.002262,-0.000870,-0.002832,-0.001440,0x36
6.810,MODE_ID_3,-12499,-12004,-13002,0.000157,-0.000872,-0.000433,-0.001148,0x36
6.820,MODE_ID_3,-12485,-11991,-13009,0.002982,0.001754,-0.001833,0.002903,0x36
6.830,MODE_ID_3,-12492,-11990,-12985,0.001499,0.001934,0.002812,0.006245,0x36
6.840,MODE_ID_3,-12490,-11995,-13009,0.001871,0.000962,-0.001805,0.001028,0x36
6.850,MODE_ID_3,-12508,-12001,-12992,-0.001679,-0.000346,0.001595,-0.000430,0x36
6.860,MODE_ID_3,-12498,-11998,-12989,0.000371,0.000286,0.002010,0.002667,0x36
6.870,MODE_ID_3,-12485,-12009,-13007,0.002995,-0.001881,-0.001553,-0.000439,0x36
6.880,MODE_ID_3,-12506,-12011,-12999,-0.001259,-0.002327,0.000036,-0.003550,0x36
6.890,MODE_ID_3,-12490,-11992,-12997,0.001842,0.001575,0.000534,0.003951,0x36
6.903,MODE_ID_3,-12512,-11997,-13014,-0.002490,0.000593,-0.002874,-0.004771,0x36
6.910,MODE_ID_3,-12511,-12009,-12999,-0.002208,-0.001929,0.000020,-0.004117,0x36
6.920,MODE_ID_3,-12491,-11990,-13011,0.001664,0.001860,-0.002224,0.001300,0x36
6.930,MODE_ID_3,-12504,-12008,-13010,-0.000965,-0.001620,-0.002129,-0.004714,0x36
6.940,MODE_ID_3,-12486,-12001,-12990,0.002713,-0.000213,0.001858,0.004358,0x36
6.950,MODE_ID_3,-12509,-12010,-13010,-0.001856,-0.002130,-0.002190,-0.006176,0x36
6.961,MODE_ID_3,-12510,-11987,-13000,-0.002170,0.002561,-0.000106,0.000285,0x36
6.969,MODE_ID_3,-12487,-11994,-12988,0.002540,0.001092,0.002388,0.006020,0x36
6.980,MODE_ID_3,-12493,-11989,-13004,0.001351,0.002109,-0.000970,0.002490,0x36
6.990,MODE_ID_3,-12509,-11992,-13006,-0.001986,0.001463,-0.001337,-0.001860,0x36
7.000,MODE_ID_3,-12491,-12007,-12994,0.001663,-0.001508,0.001159,0.001314,0x36
7.010,MODE_ID_3,-12486,-11990,-12997,0.002728,0.001951,0.000447,0.005126,0x36
7.020,MODE_ID_3,-12485,-12010,-12993,0.002929,-0.002031,0.001256,0.002154,0x36
7.030,MODE_ID_3,-12488,-11998,-12998,0.002297,0.000289,0.000295,0.002881,0x36
7.040,MODE_ID_3,-12496,-11998,-12999,0.000722,0.000241,0.000131,0.001094,0x36
7.050,MODE_ID_3,-12488,-11997,-13003,0.002333,0.000534,-0.000769,0.002098,0x36
7.060,MODE_ID_3,-12490,-11997,-12997,0.001913,0.000526,0.000442,0.002881,0x36
7.070,MODE_ID_3,-12491,-11989,-13013,0.001712,0.002070,-0.002746,0.001036,0x36
7.081,MODE_ID_3,-12491,-11991,-12992,0.001646,0.001653,0.001522,0.004821,0x36
7.091,MODE_ID_3,-12496,-11997,-13000,0.000663,0.000439,-0.000013,0.001089,0x36
7.100,MODE_ID_3,-12509,-12012,-13011,-0.001813,-0.002405,-0.002215,-0.006433,0x36
7.110,MODE_ID_3,-12512,-11990,-13011,-0.002460,0.001875,-0.002216,-0.002801,0x36
7.120,MODE_ID_3,-12493,-12005,-12990,0.001255,-0.001044,0.001981,0.002192,0x36
7.130,MODE_ID_3,-12502,-11999,-12990,-0.000527,0.000100,0.001816,0.001389,0x36
7.140,MODE_ID_3,-12503,-12003,-12990,-0.000769,-0.000748,0.001919,0.000402,0x36
7.150,MODE_ID_3,-12507,-12005,-13005,-0.001455,-0.001018,-0.001186,-0.003659,0x36
7.160,MODE_ID_3,-12494,-12014,-13007,0.001021,-0.002874,-0.001593,-0.003446,0x36
7.170,MODE_ID_3,-12488,-12009,-13004,0.002309,-0.001964,-0.000873,-0.000528,0x36
7.180,MODE_ID_3,-12488,-12011,-13012,0.002224,-0.002249,-0.002416,-0.002441,0x36
7.190,MODE_ID_3,-12514,-11999,-13009,-0.002987,0.000001,-0.001993,-0.004979,0x36
7.200,MODE_ID_3,-12508,-11999,-13011,-0.001618,0.000111,-0.002224,-0.003731,0x36
7.210,MODE_ID_3,-12499,-11989,-12997,0.000182,0.002102,0.000428,0.002712,0x36
7.220,MODE_ID_3,-12495,-12003,-13007,0.000954,-0.000713,-0.001585,-0.001344,0x36
7.230,MODE_ID_3,-12501,-12008,-12985,-0.000318,-0.001734,0.002826,0.000774,0x36
7.240,MODE_ID_3,-12499,-11995,-13000,0.000091,0.000903,-0.000150,0.000844,0x36
7.250,MODE_ID_3,-12486,-11998,-12998,0.002630,0.000351,0.000262,0.003243,0x36
7.260,MODE_ID_3,-12496,-11988,-13009,0.000710,0.002374,-0.001829,0.001255,0x36
7.270,MODE_ID_3,-12501,-12001,-13014,-0.000282,-0.000383,-0.002890,-0.003555,0x36
7.280,MODE_ID_3,-12488,-11994,-13000,0.002397,0.001194,-0.000052,0.003539,0x36
7.290,MODE_ID_3,-12512,-12002,-13008,-0.002494,-0.000595,-0.001790,-0.004879,0x36
7.300,MODE_ID_3,-12491,-12001,-13010,0.001789,-0.000399,-0.002147,-0.000757,0x36
7.310,MODE_ID_3,-12485,-12003,-13003,0.002964,-0.000620,-0.000659,0.001685,0x36
7.320,MODE_ID_3,-12507,-12014,-13001,-0.001476,-0.002836,-0.000362,-0.004674,0x36
7.331,MODE_ID_3,-12504,-12013,-12986,-0.000867,-0.002712,0.002724,-0.000855,0x36
7.340,MODE_ID_3,-12494,-11988,-13004,0.001164,0.002349,-0.000952,0.002561,0x36
7.350,MODE_ID_3,-12507,-11993,-13000,-0.001570,0.001269,-0.000193,-0.000494,0x36
7.360,MODE_ID_3,-12493,-12014,-13013,0.001226,-0.002854,-0.002714,-0.004342,0x36
7.370,MODE_ID_3,-12489,-12014,-13005,0.002101,-0.002819,-0.001189,-0.001907,0x36
7.380,MODE_ID_3,-12496,-11995,-13009,0.000751,0.000958,-0.001984,-0.000275,0x36
7.391,MODE_ID_3,-12494,-12010,-12989,0.001111,-0.002094,0.002041,0.001058,0x36
7.400,MODE_ID_3,-12489,-11998,-12987,0.002133,0.000267,0.002547,0.004947,0x36
7.410,MODE_ID_3,-12501,-11993,-13010,-0.000379,0.001209,-0.002089,-0.001259,0x36
7.420,MODE_ID_3,-12490,-11999,-13007,0.001938,0.000195,-0.001438,0.000695,0x36
7.430,MODE_ID_3,-12491,-12012,-13009,0.001761,-0.002572,-0.001890,-0.002701,0x36
7.440,MODE_ID_3,-12493,-12012,-12991,0.001381,-0.002494,0.001768,0.000655,0x36
7.450,MODE_ID_3,-12510,-12000,-12993,-0.002115,-0.000129,0.001355,-0.000889,0x36
7.460,MODE_ID_3,-12497,-12012,-12985,0.000485,-0.002460,0.002969,0.000994,0x36
7.470,MODE_ID_3,-12498,-11994,-13010,0.000293,0.001065,-0.002144,-0.000786,0x36
7.480,MODE_ID_3,-12498,-11985,-12999,0.000290,0.002990,0.000126,0.003406,0x36
7.491,MODE_ID_3,-12507,-12003,-13000,-0.001573,-0.000694,-0.000026,-0.002293,0x36
7.500,MODE_ID_3,-12500,-11993,-12989,-0.000077,0.001355,0.002072,0.003350,0x36
7.510,MODE_ID_3,-12504,-12000,-12987,-0.000852,-0.000044,0.002565,0.001669,0x36
7.520,MODE_ID_3,-12492,-11997,-12995,0.001446,0.000589,0.000888,0.002923,0x36
7.530,MODE_ID_3,-12503,-11998,-12996,-0.000800,0.000384,0.000682,0.000266,0x36
7.540,MODE_ID_3,-12495,-12012,-13000,0.000931,-0.002589,-0.000001,-0.001659,0x36
7.550,MODE_ID_3,-12500,-11999,-12997,-0.000178,0.000035,0.000574,0.000431,0x36
7.560,MODE_ID_3,-12511,-12013,-12999,-0.002216,-0.002679,0.000149,-0.004746,0x36
7.570,MODE_ID_3,-12508,-11999,-12988,-0.001743,0.000198,0.002307,0.000762,0x36
7.580,MODE_ID_3,-12495,-11990,-13014,0.000814,0.001901,-0.002870,-0.000155,0x36
7.590,MODE_ID_3,-12488,-11997,-12991,0.002254,0.000516,0.001779,0.004549,0x36
7.600,MODE_ID_3,-12498,-11986,-12998,0.000394,0.002736,0.000322,0.003452,0x36
7.610,MODE_ID_3,-12491,-11994,-12988,0.001725,0.001121,0.002375,0.005221,0x36
7.620,MODE_ID_3,-12493,-11992,-13011,0.001378,0.001524,-0.002354,0.000548,0x36
7.630,MODE_ID_3,-12496,-11992,-12990,0.000751,0.001427,0.001942,0.004120,0x36
7.640,MODE_ID_3,-12490,-12010,-13005,0.001925,-0.002083,-0.001047,-0.001205,0x36
7.650,MODE_ID_3,-12503,-11988,-13014,-0.000657,0.002280,-0.002956,-0.001333,0x36
7.660,MODE_ID_3,-12514,-11999,-13005,-0.002905,0.000022,-0.001154,-0.004037,0x36
7.670,MODE_ID_3,-12498,-12007,-12987,0.000280,-0.001569,0.002403,0.001114,0x36
7.680,MODE_ID_3,-12508,-12002,-12999,-0.001625,-0.000591,0.000149,-0.002067,0x36
7.692,MODE_ID_3,-12502,-11988,-13006,-0.000401,0.002289,-0.001354,0.000534,0x36
7.700,MODE_ID_3,-12510,-11993,-12988,-0.002078,0.001381,0.002381,0.001684,0x36
7.710,MODE_ID_3,-12507,-11993,-12987,-0.001524,0.001281,0.002487,0.002244,0x36
7.720,MODE_ID_3,-12486,-11994,-12985,0.002686,0.001110,0.002919,0.006715,0x36
7.730,MODE_ID_3,-12496,-11986,-12989,0.000649,0.002696,0.002063,0.005408,0x36
7.740,MODE_ID_3,-12510,-12010,-13014,-0.002062,-0.002105,-0.002817,-0.006984,0x36
7.750,MODE_ID_3,-12514,-11995,-13009,-0.002841,0.000945,-0.001901,-0.003797,0x36
7.760,MODE_ID_3,-12486,-12012,-12998,0.002649,-0.002524,0.000310,0.000435,0x36
7.770,MODE_ID_3,-12491,-11990,-12986,0.001626,0.001814,0.002697,0.006137,0x36
7.780,MODE_ID_3,-12500,-11993,-13011,-0.000181,0.001222,-0.002265,-0.001224,0x36
7.790,MODE_ID_3,-12503,-11985,-13013,-0.000692,0.002980,-0.002773,-0.000485,0x36
7.800,MODE_ID_3,-12487,-11992,-12999,0.002542,0.001554,0.000110,0.004206,0x36
7.810,MODE_ID_3,-12490,-11988,-12986,0.001821,0.002298,0.002623,0.006742,0x36
7.820,MODE_ID_3,-12502,-11997,-13011,-0.000513,0.000406,-0.002347,-0.002454,0x36
7.830,MODE_ID_3,-12490,-12007,-12995,0.001970,-0.001493,0.000871,0.001348,0x36
7.840,MODE_ID_3,-12495,-11994,-12989,0.000999,0.001095,0.002062,0.004156,0x36
7.850,MODE_ID_3,-12488,-12006,-13008,0.002243,-0.001235,-0.001701,-0.000693,0x36
7.860,MODE_ID_3,-12509,-11985,-13012,-0.001851,0.002919,-0.002477,-0.001409,0x36
7.870,MODE_ID_3,-12486,-11999,-12998,0.002610,0.000198,0.000262,0.003070,0x36
7.880,MODE_ID_3,-12492,-12010,-12993,0.001549,-0.002179,0.001254,0.000624,0x36
7.890,MODE_ID_3,-12490,-12005,-13006,0.001975,-0.001119,-0.001388,-0.000532,0x36
7.900,MODE_ID_3,-12500,-12009,-12986,-0.000072,-0.001815,0.002720,0.000833,0x36
7.910,MODE_ID_3,-12505,-11991,-12995,-0.001061,0.001646,0.000955,0.001540,0x36
7.920,MODE_ID_3,-12495,-11999,-12987,0.000872,0.000045,0.002407,0.003324,0x36
7.930,MODE_ID_3,-12499,-11996,-12993,0.000109,0.000740,0.001228,0.002077,0x36
7.940,MODE_ID_3,-12485,-11994,-12985,0.002827,0.001160,0.002943,0.006930,0x36
7.952,MODE_ID_3,-12490,-11992,-13011,0.001987,0.001500,-0.002290,0.001197,0x36
7.960,MODE_ID_3,-12511,-12001,-12992,-0.002341,-0.000355,0.001531,-0.001165,0x36
7.970,MODE_ID_3,-12502,-12002,-13007,-0.000402,-0.000544,-0.001469,-0.002415,0x36
7.980,MODE_ID_3,-12491,-11996,-13010,0.001702,0.000629,-0.002066,0.000265,0x36
7.990,MODE_ID_3,-12504,-11990,-12992,-0.000972,0.001879,0.001541,0.002448,0x36
8.000,MODE_ID_3,-12498,-12000,-12994,0.000247,-0.000189,0.001004,0.001062,0x36
8.010,MODE_ID_3,-12503,-11988,-13003,-0.000724,0.002367,-0.000616,0.001027,0x36
8.020,MODE_ID_3,-12508,-11998,-13011,-0.001678,0.000234,-0.002330,-0.003774,0x36
8.030,MODE_ID_3,-12506,-12007,-13007,-0.001318,-0.001485,-0.001485,-0.004288,0x36
8.040,MODE_ID_3,-12487,-12011,-12997,0.002440,-0.002335,0.000480,0.000585,0x36
8.050,MODE_ID_3,-12508,-12002,-12992,-0.001791,-0.000454,0.001458,-0.000787,0x36
8.060,MODE_ID_3,-12502,-11993,-13003,-0.000436,0.001362,-0.000718,0.000208,0x36
8.070,MODE_ID_3,-12508,-12011,-13007,-0.001647,-0.002326,-0.001473,-0.005446,0x36
8.080,MODE_ID_3,-12510,-11998,-13006,-0.002067,0.000288,-0.001363,-0.003142,0x36
8.091,MODE_ID_3,-12495,-11992,-13003,0.000981,0.001409,-0.000645,0.001745,0x36
8.100,MODE_ID_3,-12495,-11988,-13009,0.000926,0.002256,-0.001893,0.001289,0x36
8.110,MODE_ID_3,-12498,-11985,-12992,0.000384,0.002858,0.001453,0.004695,0x36
8.120,MODE_ID_3,-12494,-11990,-12999,0.001075,0.001947,0.000094,0.003116,0x36
8.130,MODE_ID_3,-12506,-11992,-12988,-0.001240,0.001599,0.002393,0.002752,0x36
8.140,MODE_ID_3,-12514,-11990,-13002,-0.002922,0.001949,-0.000563,-0.001536,0x36
8.151,MODE_ID_3,-12501,-11996,-12997,-0.000297,0.000734,0.000493,0.000930,0x36
8.161,MODE_ID_3,-12496,-12014,-13002,0.000611,-0.002812,-0.000580,-0.002781,0x36
8.170,MODE_ID_3,-12510,-11990,-13007,-0.002050,0.001989,-0.001540,-0.001601,0x36
8.180,MODE_ID_3,-12504,-12011,-13001,-0.000956,-0.002224,-0.000243,-0.003423,0x36
8.195,MODE_ID_3,-12514,-12009,-13013,-0.002950,-0.001912,-0.002656,-0.007518,0x36
8.202,MODE_ID_3,-12499,-11999,-12996,0.000164,0.000014,0.000680,0.000858,0x36
8.210,MODE_ID_3,-12498,-12009,-12998,0.000223,-0.001828,0.000328,-0.001277,0x36
8.220,MODE_ID_3,-12511,-11985,-12994,-0.002303,0.002810,0.001093,0.001600,0x36
8.230,MODE_ID_3,-12511,-12007,-13001,-0.002303,-0.001413,-0.000303,-0.004019,0x36
8.240,MODE_ID_3,-12489,-12004,-12987,0.002040,-0.000853,0.002549,0.003736,0x36
8.250,MODE_ID_3,-12506,-11989,-13001,-0.001374,0.002043,-0.000328,0.000341,0x36
8.260,MODE_ID_3,-12486,-12010,-13007,0.002607,-0.002175,-0.001486,-0.001054,0x36
8.270,MODE_ID_3,-12504,-11990,-13006,-0.000923,0.001936,-0.001233,-0.000220,0x36
8.280,MODE_ID_3,-12495,-12010,-13001,0.000950,-0.002034,-0.000300,-0.001384,0x36
8.291,MODE_ID_3,-12497,-12003,-13005,0.000483,-0.000665,-0.001128,-0.001310,0x36
8.300,MODE_ID_3,-12498,-12010,-12989,0.000377,-0.002099,0.002138,0.000416,0x36
8.311,MODE_ID_3,-12503,-11995,-13008,-0.000674,0.000914,-0.001775,-0.001535,0x36
8.320,MODE_ID_3,-12503,-12003,-12987,-0.000614,-0.000643,0.002421,0.001164,0x36
8.330,MODE_ID_3,-12507,-12010,-12986,-0.001510,-0.002117,0.002672,-0.000955,0x36
8.340,MODE_ID_3,-12510,-11988,-12991,-0.002003,0.002385,0.001658,0.002040,0x36
8.350,MODE_ID_3,-12502,-12003,-13012,-0.000599,-0.000739,-0.002402,-0.003740,0x36
8.360,MODE_ID_3,-12508,-11989,-13009,-0.001631,0.002104,-0.001942,-0.001469,0x36
8.370,MODE_ID_3,-12512,-12013,-12991,-0.002587,-0.002602,0.001639,-0.003550,0x36
8.380,MODE_ID_3,-12504,-12008,-13010,-0.000995,-0.001798,-0.002039,-0.004832,0x36
8.390,MODE_ID_3,-12512,-11991,-13012,-0.002534,0.001718,-0.002434,-0.003250,0x36
8.400,MODE_ID_3,-12509,-11986,-13012,-0.001959,0.002679,-0.002525,-0.001805,0x36
8.412,MODE_ID_3,-12485,-11987,-13010,0.002845,0.002598,-0.002115,0.003328,0x36
8.423,MODE_ID_3,-12512,-12000,-13001,-0.002571,-0.000032,-0.000395,-0.002998,0x36
8.429,MODE_ID_3,-12495,-12012,-13013,0.000949,-0.002416,-0.002743,-0.004210,0x36
8.440,MODE_ID_3,-12502,-11995,-12994,-0.000583,0.000906,0.001129,0.001452,0x36
8.450,MODE_ID_3,-12510,-11998,-13013,-0.002048,0.000248,-0.002709,-0.004509,0x36
8.460,MODE_ID_3,-12490,-11988,-13012,0.001817,0.002393,-0.002490,0.001720,0x36
8.470,MODE_ID_3,-12485,-12004,-12990,0.002966,-0.000813,0.001945,0.004098,0x36
8.480,MODE_ID_3,-12508,-12003,-12985,-0.001633,-0.000643,0.002851,0.000575,0x36
8.490,MODE_ID_3,-12512,-12010,-12990,-0.002485,-0.002061,0.001855,-0.002691,0x36
8.500,MODE_ID_3,-12497,-11992,-12995,0.000502,0.001588,0.000939,0.003029,0x36
8.510,MODE_ID_3,-12514,-12013,-12995,-0.002852,-0.002790,0.000844,-0.004798,0x36
8.520,MODE_ID_3,-12490,-11993,-12997,0.001826,0.001304,0.000515,0.003645,0x36
8.530,MODE_ID_3,-12510,-12010,-13012,-0.002124,-0.002014,-0.002485,-0.006623,0x36
8.540,MODE_ID_3,-12511,-11996,-13010,-0.002209,0.000659,-0.002105,-0.003655,0x36
8.550,MODE_ID_3,-12510,-12011,-13006,-0.002035,-0.002255,-0.001289,-0.005579,0x36
8.560,MODE_ID_3,-12494,-12013,-13000,0.001004,-0.002692,-0.000044,-0.001732,0x36
8.570,MODE_ID_3,-12494,-11986,-12994,0.001003,0.002787,0.001090,0.004880,0x36
8.580,MODE_ID_3,-12499,-11985,-12994,0.000142,0.002869,0.001178,0.004189,0x36
8.590,MODE_ID_3,-12512,-11988,-13002,-0.002440,0.002321,-0.000476,-0.000595,0x36
8.600,MODE_ID_3,-12488,-12013,-12985,0.002267,-0.002714,0.002951,0.002504,0x36
8.611,MODE_ID_3,-12505,-12014,-12997,-0.001090,-0.002912,0.000474,-0.003528,0x36
8.620,MODE_ID_3,-12514,-11992,-12991,-0.002896,0.001461,0.001746,0.000311,0x36
8.631,MODE_ID_3,-12489,-11986,-13011,0.002052,0.002745,-0.002310,0.002487,0x36
8.640,MODE_ID_3,-12492,-12004,-12986,0.001573,-0.000950,0.002659,0.003282,0x36
8.650,MODE_ID_3,-12511,-11995,-13002,-0.002288,0.000838,-0.000568,-0.002018,0x36
8.660,MODE_ID_3,-12513,-12000,-13005,-0.002739,-0.000194,-0.001158,-0.004091,0x36
8.670,MODE_ID_3,-12497,-12001,-12997,0.000574,-0.000245,0.000568,0.000897,0x36
8.680,MODE_ID_3,-12488,-11989,-12990,0.002212,0.002111,0.001980,0.006303,0x36
8.690,MODE_ID_3,-12499,-12006,-12992,0.000084,-0.001308,0.001486,0.000262,0x36
8.700,MODE_ID_3,-12501,-12009,-12985,-0.000318,-0.001880,0.002905,0.000707,0x36
8.710,MODE_ID_3,-12511,-11995,-12987,-0.002263,0.000946,0.002438,0.001121,0x36
8.720,MODE_ID_3,-12503,-11986,-12996,-0.000746,0.002666,0.000741,0.002661,0x36
8.730,MODE_ID_3,-12494,-12000,-13011,0.001036,-0.000149,-0.002287,-0.001400,0x36
8.741,MODE_ID_3,-12491,-11987,-13011,0.001708,0.002599,-0.002371,0.001936,0x36
8.750,MODE_ID_3,-12509,-12005,-12994,-0.001902,-0.001032,0.001118,-0.001816,0x36
8.760,MODE_ID_3,-12495,-11999,-12996,0.000914,0.000063,0.000728,0.001705,0x36
8.770,MODE_ID_3,-12498,-11988,-13003,0.000344,0.002368,-0.000667,0.002045,0x36
8.780,MODE_ID_3,-12498,-11985,-12996,0.000381,0.002878,0.000644,0.003903,0x36
8.790,MODE_ID_3,-12509,-11997,-12999,-0.001813,0.000507,0.000164,-0.001142,0x36
8.801,MODE_ID_3,-12486,-11989,-12995,0.002778,0.002144,0.000837,0.005759,0x36
8.810,MODE_ID_3,-12508,-12002,-12990,-0.001694,-0.000553,0.001909,-0.000338,0x36
8.820,MODE_ID_3,-12492,-12002,-12993,0.001518,-0.000511,0.001366,0.002373,0x36
8.830,MODE_ID_3,-12485,-12001,-12999,0.002876,-0.000346,0.000046,0.002576,0x36
8.840,MODE_ID_3,-12493,-11987,-13001,0.001289,0.002558,-0.000394,0.003453,0x36
8.850,MODE_ID_3,-12485,-11988,-12993,0.002949,0.002234,0.001310,0.006493,0x36
8.860,MODE_ID_3,-12501,-12001,-12987,-0.000298,-0.000335,0.002420,0.001787,0x36
8.870,MODE_ID_3,-12485,-12012,-13004,0.002933,-0.002528,-0.000859,-0.000454,0x36
8.880,MODE_ID_3,-12492,-12011,-12991,0.001423,-0.002235,0.001778,0.000966,0x36
8.890,MODE_ID_3,-12513,-11989,-13012,-0.002729,0.002098,-0.002448,-0.003079,0x36
8.900,MODE_ID_3,-12505,-12003,-13008,-0.001077,-0.000795,-0.001641,-0.003513,0x36
8.910,MODE_ID_3,-12495,-12000,-12986,0.000922,-0.000117,0.002614,0.003419,0x36
8.920,MODE_ID_3,-12490,-12007,-13014,0.001940,-0.001528,-0.002999,-0.002587,0x36
8.930,MODE_ID_3,-12512,-11989,-12990,-0.002408,0.002131,0.001904,0.001627,0x36
8.942,MODE_ID_3,-12491,-11990,-13002,0.001790,0.001816,-0.000486,0.003120,0x36
8.950,MODE_ID_3,-12493,-12013,-12986,0.001292,-0.002701,0.002794,0.001385,0x36
8.960,MODE_ID_3,-12486,-12014,-12994,0.002741,-0.002942,0.001076,0.000875,0x36
8.970,MODE_ID_3,-12488,-12009,-13014,0.002346,-0.001936,-0.002969,-0.002559,0x36
8.980,MODE_ID_3,-12494,-11993,-12987,0.001077,0.001270,0.002564,0.004911,0x36
8.990,MODE_ID_3,-12494,-11998,-13003,0.001071,0.000235,-0.000664,0.000642,0x36
9.000,MODE_ID_3,-12509,-12010,-12998,-0.001946,-0.002174,0.000254,-0.003866,0x36
9.010,MODE_ID_3,-12485,-11989,-12991,0.002811,0.002192,0.001738,0.006741,0x36
9.020,MODE_ID_3,-12492,-12008,-12989,0.001530,-0.001690,0.002108,0.001948,0x36
9.030,MODE_ID_3,-12500,-11985,-12990,-0.000013,0.002836,0.001914,0.004737,0x36
9.040,MODE_ID_3,-12511,-12013,-13000,-0.002256,-0.002684,-0.000071,-0.005011,0x36
9.050,MODE_ID_3,-12488,-11991,-12987,0.002301,0.001681,0.002412,0.006394,0x36
9.060,MODE_ID_3,-12488,-11997,-12992,0.002226,0.000469,0.001436,0.004131,0x36
9.070,MODE_ID_3,-12502,-11998,-13013,-0.000436,0.000322,-0.002629,-0.002743,0x36
9.080,MODE_ID_3,-12493,-11991,-13003,0.001305,0.001791,-0.000616,0.002480,0x36
9.090,MODE_ID_3,-12491,-12008,-13010,0.001769,-0.001679,-0.002011,-0.001921,0x36
9.101,MODE_ID_3,-12512,-12010,-12988,-0.002408,-0.002184,0.002240,-0.002352,0x36
9.110,MODE_ID_3,-12499,-12002,-12991,0.000075,-0.000566,0.001652,0.001161,0x36
9.120,MODE_ID_3,-12489,-12007,-12998,0.002166,-0.001428,0.000378,0.001116,0x36
9.130,MODE_ID_3,-12494,-11992,-13012,0.001194,0.001502,-0.002447,0.000249,0x36
9.141,MODE_ID_3,-12493,-11992,-12987,0.001304,0.001481,0.002560,0.005345,0x36
9.150,MODE_ID_3,-12511,-11985,-12989,-0.002355,0.002836,0.002162,0.002643,0x36
9.161,MODE_ID_3,-12504,-12013,-12989,-0.000838,-0.002798,0.002163,-0.001473,0x36
9.174,MODE_ID_3,-12509,-12008,-12989,-0.001875,-0.001666,0.002158,-0.001383,0x36
9.180,MODE_ID_3,-12512,-11994,-13001,-0.002550,0.001051,-0.000379,-0.001878,0x36
9.190,MODE_ID_3,-12497,-12005,-13010,0.000506,-0.001195,-0.002162,-0.002851,0x36
9.200,MODE_ID_3,-12489,-12000,-13000,0.002001,-0.000092,-0.000197,0.001712,0x36
9.210,MODE_ID_3,-12499,-11997,-12992,0.000112,0.000444,0.001410,0.001966,0x36
9.220,MODE_ID_3,-12505,-12000,-13001,-0.001019,-0.000012,-0.000270,-0.001301,0x36
9.231,MODE_ID_3,-12487,-11997,-13009,0.002466,0.000409,-0.001965,0.000910,0x36
9.241,MODE_ID_3,-12505,-11987,-12986,-0.001059,0.002478,0.002720,0.004139,0x36
9.251,MODE_ID_3,-12494,-11997,-12985,0.001056,0.000595,0.003000,0.004651,0x36
9.260,MODE_ID_3,-12496,-12006,-12995,0.000643,-0.001253,0.000954,0.000344,0x36
9.270,MODE_ID_3,-12505,-12009,-12987,-0.001013,-0.001918,0.002460,-0.000471,0x36
9.280,MODE_ID_3,-12506,-12006,-13008,-0.001292,-0.001267,-0.001603,-0.004162,0x36
9.290,MODE_ID_3,-12499,-12014,-12994,0.000123,-0.002822,0.001046,-0.001653,0x36
9.300,MODE_ID_3,-12505,-11989,-13005,-0.001125,0.002115,-0.001158,-0.000168,0x36
9.310,MODE_ID_3,-12497,-11996,-13014,0.000493,0.000637,-0.002884,-0.001754,0x36
9.320,MODE_ID_3,-12492,-12014,-13010,0.001565,-0.002907,-0.002068,-0.003410,0x36
9.330,MODE_ID_3,-12487,-11994,-12993,0.002458,0.001104,0.001353,0.004915,0x36
9.340,MODE_ID_3,-12504,-11992,-12989,-0.000995,0.001532,0.002081,0.002618,0x36
9.350,MODE_ID_3,-12512,-11986,-13004,-0.002436,0.002764,-0.000854,-0.000526,0x36
9.361,MODE_ID_3,-12499,-12000,-12995,0.000023,-0.000006,0.000955,0.000972,0x36
9.371,MODE_ID_3,-12502,-12014,-12986,-0.000539,-0.002956,0.002711,-0.000784,0x36
9.384,MODE_ID_3,-12500,-11995,-12993,-0.000169,0.000866,0.001339,0.002036,0x36
9.390,MODE_ID_3,-12504,-11992,-13001,-0.000964,0.001491,-0.000308,0.000219,0x36
9.400,MODE_ID_3,-12503,-12002,-13010,-0.000718,-0.000410,-0.002104,-0.003232,0x36
9.410,MODE_ID_3,-12487,-11998,-12985,0.002566,0.000224,0.002907,0.005697,0x36
9.420,MODE_ID_3,-12494,-12008,-12991,0.001116,-0.001626,0.001675,0.001165,0x36
9.430,MODE_ID_3,-12496,-12000,-12991,0.000645,-0.000069,0.001668,0.002244,0x36
9.440,MODE_ID_3,-12513,-11990,-13014,-0.002657,0.001820,-0.002968,-0.003805,0x36
9.450,MODE_ID_3,-12511,-11996,-13014,-0.002273,0.000742,-0.002977,-0.004508,0x36
9.460,MODE_ID_3,-12497,-11993,-13002,0.000570,0.001336,-0.000587,0.001319,0x36
9.470,MODE_ID_3,-12499,-12011,-12993,0.000072,-0.002393,0.001326,-0.000995,0x36
9.480,MODE_ID_3,-12504,-11994,-13003,-0.000869,0.001067,-0.000765,-0.000567,0x36
9.490,MODE_ID_3,-12506,-11998,-12992,-0.001220,0.000277,0.001578,0.000635,0x36
9.499,MODE_ID_3,-12491,-11994,-13003,0.001767,0.001057,-0.000737,0.002087,0x36
9.510,MODE_ID_3,-12490,-12014,-13012,0.001853,-0.002874,-0.002528,-0.003549,0x36
9.520,MODE_ID_3,-12509,-11999,-13002,-0.001879,0.000033,-0.000594,-0.002440,0x36
9.530,MODE_ID_3,-12499,-11996,-13014,0.000041,0.000721,-0.002871,-0.002109,0x36
9.540,MODE_ID_3,-12492,-12014,-12994,0.001512,-0.002863,0.001011,-0.000340,0x36
9.550,MODE_ID_3,-12498,-12004,-12999,0.000278,-0.000820,0.000115,-0.000427,0x36
9.559,MODE_ID_3,-12489,-11997,-12986,0.002130,0.000598,0.002789,0.005517,0x36
9.570,MODE_ID_3,-12486,-11985,-12989,0.002778,0.002823,0.002008,0.007609,0x36
9.580,MODE_ID_3,-12489,-12010,-13009,0.002045,-0.002032,-0.001848,-0.001835,0x36
9.590,MODE_ID_3,-12500,-12005,-12998,-0.000061,-0.001110,0.000391,-0.000780,0x36
9.600,MODE_ID_3,-12507,-11986,-13003,-0.001471,0.002779,-0.000644,0.000664,0x36
9.611,MODE_ID_3,-12508,-12004,-13010,-0.001755,-0.000880,-0.002018,-0.004653,0x36
9.620,MODE_ID_3,-12486,-11988,-13010,0.002684,0.002213,-0.002132,0.002765,0x36
9.630,MODE_ID_3,-12497,-11989,-13012,0.000485,0.002088,-0.002474,0.000099,0x36
9.640,MODE_ID_3,-12503,-11987,-13008,-0.000737,0.002530,-0.001784,0.000009,0x36
9.650,MODE_ID_3,-12499,-12011,-13011,0.000183,-0.002376,-0.002326,-0.004519,0x36
9.660,MODE_ID_3,-12514,-12001,-13008,-0.002801,-0.000365,-0.001702,-0.004868,0x36
9.670,MODE_ID_3,-12498,-11988,-12999,0.000282,0.002237,0.000039,0.002558,0x36
9.680,MODE_ID_3,-12497,-11993,-12994,0.000453,0.001280,0.001073,0.002806,0x36
9.690,MODE_ID_3,-12504,-11991,-13012,-0.000827,0.001618,-0.002530,-0.001739,0x36
9.700,MODE_ID_3,-12492,-12012,-13003,0.001442,-0.002474,-0.000613,-0.001645,0x36
9.710,MODE_ID_3,-12511,-11999,-13004,-0.002209,0.000131,-0.000965,-0.003043,0x36
9.720,MODE_ID_3,-12505,-11995,-12990,-0.001175,0.000823,0.001982,0.001630,0x36
9.730,MODE_ID_3,-12489,-12005,-13010,0.002025,-0.001078,-0.002013,-0.001066,0x36
9.740,MODE_ID_3,-12509,-12002,-13014,-0.001880,-0.000486,-0.002818,-0.005184,0x36
9.750,MODE_ID_3,-12488,-11995,-12989,0.002246,0.000919,0.002116,0.005281,0x36
9.760,MODE_ID_3,-12508,-11993,-13007,-0.001789,0.001335,-0.001500,-0.001954,0x36
9.770,MODE_ID_3,-12496,-11985,-12992,0.000640,0.002883,0.001549,0.005072,0x36
9.780,MODE_ID_3,-12496,-11999,-12985,0.000627,0.000167,0.002972,0.003766,0x36
9.790,MODE_ID_3,-12486,-11999,-12990,0.002707,0.000140,0.001862,0.004709,0x36
9.800,MODE_ID_3,-12504,-12004,-13014,-0.000947,-0.000914,-0.002865,-0.004726,0x36
9.811,MODE_ID_3,-12509,-12002,-13012,-0.001931,-0.000543,-0.002496,-0.004970,0x36
9.820,MODE_ID_3,-12499,-11988,-12997,0.000020,0.002323,0.000474,0.002817,0x36
9.830,MODE_ID_3,-12512,-12005,-13003,-0.002543,-0.001128,-0.000628,-0.004299,0x36
9.840,MODE_ID_3,-12498,-11996,-12985,0.000282,0.000704,0.002981,0.003967,0x36
9.850,MODE_ID_3,-12503,-12008,-12985,-0.000638,-0.001739,0.002964,0.000587,0x36
9.860,MODE_ID_3,-12494,-12007,-12985,0.001052,-0.001417,0.002999,0.002634,0x36
9.870,MODE_ID_3,-12502,-11996,-12992,-0.000455,0.000613,0.001405,0.001563,0x36
9.880,MODE_ID_3,-12510,-12003,-12988,-0.002192,-0.000786,0.002381,-0.000597,0x36
9.890,MODE_ID_3,-12502,-11990,-12990,-0.000527,0.001973,0.001837,0.003283,0x36
9.900,MODE_ID_3,-12491,-11992,-13009,0.001760,0.001568,-0.001982,0.001346,0x36
9.910,MODE_ID_3,-12508,-11988,-12999,-0.001619,0.002235,0.000122,0.000738,0x36
9.920,MODE_ID_3,-12486,-12001,-12990,0.002733,-0.000303,0.001943,0.004373,0x36
9.930,MODE_ID_3,-12496,-12008,-12989,0.000715,-0.001784,0.002016,0.000947,0x36
9.940,MODE_ID_3,-12496,-12007,-12986,0.000640,-0.001545,0.002719,0.001814,0x36
9.950,MODE_ID_3,-12504,-11985,-13014,-0.000805,0.002965,-0.002979,-0.000819,0x36
9.960,MODE_ID_3,-12509,-12002,-12997,-0.001930,-0.000534,0.000557,-0.001907,0x36
9.971,MODE_ID_3,-12498,-11988,-12994,0.000303,0.002239,0.001169,0.003711,0x36
9.980,MODE_ID_3,-12511,-11992,-12992,-0.002317,0.001537,0.001591,0.000811,0x36
9.990,MODE_ID_3,-12486,-12004,-12992,0.002698,-0.000891,0.001491,0.003298,0x36
10.000,MODE_ID_3,-12504,-11995,-13000,-0.000803,0.000971,-0.000128,0.000040,0x36
10.010,MODE_ID_3,-12500,-12012,-13007,-0.000014,-0.002419,-0.001542,-0.003975,0x36
10.020,MODE_ID_3,-12486,-11985,-12986,0.002624,0.002800,0.002606,0.008030,0x36
10.030,MODE_ID_3,-12505,-12010,-12987,-0.001066,-0.002043,0.002495,-0.000614,0x36
10.041,MODE_ID_3,-12504,-12004,-12985,-0.000850,-0.000874,0.002867,0.001143,0x36
10.051,MODE_ID_3,-12491,-11996,-12997,0.001728,0.000624,0.000425,0.002777,0x36
10.063,MODE_ID_3,-12506,-12010,-12986,-0.001361,-0.002057,0.002726,-0.000692,0x36
10.070,MODE_ID_3,-12514,-12014,-13004,-0.002909,-0.002817,-0.000848,-0.006574,0x36
10.080,MODE_ID_3,-12512,-11986,-12999,-0.002560,0.002615,0.000192,0.000247,0x36
10.090,MODE_ID_3,-12502,-12002,-13014,-0.000473,-0.000530,-0.002998,-0.004001,0x36
10.100,MODE_ID_3,-12514,-12013,-13006,-0.002922,-0.002689,-0.001227,-0.006838,0x36
10.110,MODE_ID_3,-12490,-12006,-13001,0.001893,-0.001368,-0.000385,0.000140,0x36
10.120,MODE_ID_3,-12488,-11998,-12998,0.002222,0.000376,0.000361,0.002959,0x36
10.130,MODE_ID_3,-12497,-12005,-12985,0.000515,-0.001075,0.002847,0.002287,0x36
10.140,MODE_ID_3,-12493,-11995,-12989,0.001214,0.000832,0.002134,0.004180,0x36
10.150,MODE_ID_3,-12494,-12003,-13005,0.001122,-0.000733,-0.001138,-0.000749,0x36
10.160,MODE_ID_3,-12508,-12010,-12992,-0.001677,-0.002098,0.001506,-0.002269,0x36
10.170,MODE_ID_3,-12509,-12013,-13002,-0.001920,-0.002749,-0.000445,-0.005114,0x36
10.180,MODE_ID_3,-12508,-12014,-12992,-0.001657,-0.002911,0.001508,-0.003060,0x36
10.190,MODE_ID_3,-12498,-12002,-13006,0.000277,-0.000482,-0.001342,-0.001547,0x36
10.200,MODE_ID_3,-12507,-12012,-13010,-0.001419,-0.002573,-0.002075,-0.006067,0x36
10.210,MODE_ID_3,-12489,-11994,-13014,0.002048,0.001107,-0.002911,0.000244,0x36
10.220,MODE_ID_3,-12489,-11992,-13009,0.002017,0.001517,-0.001809,0.001725,0x36
10.230,MODE_ID_3,-12489,-12006,-12988,0.002072,-0.001382,0.002251,0.002941,0x36
10.240,MODE_ID_3,-12497,-12005,-13005,0.000563,-0.001112,-0.001087,-0.001636,0x36
10.250,MODE_ID_3,-12507,-12010,-12993,-0.001490,-0.002107,0.001259,-0.002338,0x36
10.260,MODE_ID_3,-12496,-12001,-12990,0.000767,-0.000323,0.001859,0.002303,0x36
10.270,MODE_ID_3,-12485,-12005,-12991,0.002887,-0.001138,0.001653,0.003402,0x36
10.280,MODE_ID_3,-12504,-11996,-13008,-0.000984,0.000747,-0.001602,-0.001839,0x36
10.290,MODE_ID_3,-12512,-11995,-12994,-0.002548,0.000822,0.001070,-0.000656,0x36
10.300,MODE_ID_3,-12513,-12000,-12992,-0.002678,-0.000105,0.001417,-0.001366,0x36
10.310,MODE_ID_3,-12489,-11990,-13004,0.002056,0.001956,-0.000968,0.003044,0x36
10.320,MODE_ID_3,-12494,-11994,-12992,0.001142,0.001171,0.001405,0.003718,0x36
10.330,MODE_ID_3,-12499,-12013,-13006,0.000097,-0.002673,-0.001393,-0.003969,0x36
10.343,MODE_ID_3,-12485,-12000,-12994,0.002833,-0.000001,0.001009,0.003841,0x36
10.350,MODE_ID_3,-12512,-12000,-13014,-0.002510,-0.000157,-0.002821,-0.005488,0x36
10.360,MODE_ID_3,-12487,-12006,-12997,0.002410,-0.001323,0.000513,0.001600,0x36
10.370,MODE_ID_3,-12514,-12001,-12998,-0.002806,-0.000349,0.000291,-0.002864,0x36
10.380,MODE_ID_3,-12497,-11986,-13001,0.000407,0.002775,-0.000209,0.002973,0x36
10.390,MODE_ID_3,-12512,-12011,-13001,-0.002464,-0.002228,-0.000329,-0.005021,0x36
10.400,MODE_ID_3,-12486,-12002,-13009,0.002777,-0.000404,-0.001852,0.000521,0x36
10.410,MODE_ID_3,-12486,-11993,-13014,0.002782,0.001266,-0.002997,0.001051,0x36
10.420,MODE_ID_3,-12490,-12012,-13012,0.001904,-0.002592,-0.002426,-0.003114,0x36
10.430,MODE_ID_3,-12489,-12013,-13001,0.002185,-0.002713,-0.000273,-0.000801,0x36
10.440,MODE_ID_3,-12492,-12003,-13012,0.001594,-0.000667,-0.002415,-0.001488,0x36
10.450,MODE_ID_3,-12496,-12011,-12987,0.000714,-0.002205,0.002573,0.001082,0x36
10.460,MODE_ID_3,-12508,-12009,-13001,-0.001674,-0.001884,-0.000381,-0.003939,0x36
10.470,MODE_ID_3,-12498,-11998,-13003,0.000306,0.000323,-0.000633,-0.000004,0x36
10.480,MODE_ID_3,-12509,-12004,-12987,-0.001837,-0.000813,0.002524,-0.000126,0x36
10.490,MODE_ID_3,-12497,-11987,-12990,0.000530,0.002514,0.001907,0.004951,0x36
10.499,MODE_ID_3,-12507,-11993,-12985,-0.001493,0.001331,0.002833,0.002671,0x36
10.510,MODE_ID_3,-12497,-11998,-13014,0.000453,0.000282,-0.002951,-0.002216,0x36
10.520,MODE_ID_3,-12489,-11988,-13000,0.002050,0.002264,-0.000008,0.004306,0x36
10.530,MODE_ID_3,-12507,-12001,-13012,-0.001567,-0.000367,-0.002480,-0.004414,0x36
10.539,MODE_ID_3,-12500,-12000,-12988,-0.000076,-0.000026,0.002246,0.002144,0x36
10.551,MODE_ID_3,-12513,-11996,-12985,-0.002665,0.000687,0.002920,0.000942,0x36
10.560,MODE_ID_3,-12511,-12008,-12990,-0.002238,-0.001636,0.001872,-0.002002,0x36
10.570,MODE_ID_3,-12500,-12007,-13009,-0.000012,-0.001477,-0.001916,-0.003405,0x36
10.580,MODE_ID_3,-12487,-12007,-13006,0.002511,-0.001545,-0.001340,-0.000374,0x36
10.590,MODE_ID_3,-12501,-11996,-12988,-0.000223,0.000756,0.002300,0.002833,0x36
10.600,MODE_ID_3,-12491,-12003,-12998,0.001774,-0.000676,0.000367,0.001465,0x36
10.610,MODE_ID_3,-12509,-12004,-13000,-0.001842,-0.000832,-0.000115,-0.002789,0x36
10.620,MODE_ID_3,-12488,-11985,-13002,0.002257,0.002940,-0.000563,0.004634,0x36
10.630,MODE_ID_3,-12507,-11999,-13012,-0.001489,0.000065,-0.002554,-0.003978,0x36
10.640,MODE_ID_3,-12513,-11998,-13008,-0.002655,0.000318,-0.001607,-0.003944,0x36
10.650,MODE_ID_3,-12508,-12008,-13005,-0.001776,-0.001717,-0.001143,-0.004636,0x36
10.660,MODE_ID_3,-12506,-11986,-13011,-0.001216,0.002690,-0.002255,-0.000781,0x36
10.670,MODE_ID_3,-12505,-12004,-13000,-0.001159,-0.000972,-0.000106,-0.002237,0x36
10.680,MODE_ID_3,-12490,-12003,-12989,0.001844,-0.000701,0.002003,0.003146,0x36
10.690,MODE_ID_3,-12493,-12002,-12996,0.001246,-0.000420,0.000775,0.001601,0x36
10.700,MODE_ID_3,-12506,-11992,-12995,-0.001301,0.001554,0.000967,0.001220,0x36
10.710,MODE_ID_3,-12509,-12006,-13004,-0.001835,-0.001286,-0.000962,-0.004083,0x36
10.720,MODE_ID_3,-12509,-11990,-13004,-0.001893,0.001825,-0.000816,-0.000884,0x36
10.730,MODE_ID_3,-12510,-11997,-12990,-0.002114,0.000589,0.001907,0.000382,0x36
10.740,MODE_ID_3,-12513,-12011,-13007,-0.002718,-0.002336,-0.001555,-0.006609,0x36
10.750,MODE_ID_3,-12490,-11995,-12992,0.001972,0.000865,0.001524,0.004361,0x36
10.760,MODE_ID_3,-12498,-12012,-12986,0.000250,-0.002482,0.002742,0.000510,0x36
10.770,MODE_ID_3,-12506,-11988,-12999,-0.001390,0.002222,0.000125,0.000957,0x36
10.780,MODE_ID_3,-12498,-11999,-13000,0.000283,0.000057,-0.000115,0.000225,0x36
10.791,MODE_ID_3,-12486,-11990,-12995,0.002639,0.001998,0.000974,0.005611,0x36
10.800,MODE_ID_3,-12514,-12008,-13010,-0.002992,-0.001739,-0.002186,-0.006917,0x36
10.810,MODE_ID_3,-12513,-12012,-13006,-0.002796,-0.002429,-0.001220,-0.006445,0x36
10.821,MODE_ID_3,-12504,-12010,-13012,-0.000952,-0.002188,-0.002567,-0.005707,0x36
10.830,MODE_ID_3,-12487,-11993,-12995,0.002528,0.001334,0.000943,0.004805,0x36
10.840,MODE_ID_3,-12509,-11986,-13010,-0.001996,0.002707,-0.002183,-0.001472,0x36
10.850,MODE_ID_3,-12493,-12002,-12995,0.001358,-0.000534,0.000997,0.001821,0x36
10.860,MODE_ID_3,-12488,-12001,-12993,0.002208,-0.000383,0.001236,0.003061,0x36
10.870,MODE_ID_3,-12507,-11987,-13013,-0.001594,0.002530,-0.002797,-0.001861,0x36
10.880,MODE_ID_3,-12499,-11993,-13011,0.000133,0.001356,-0.002398,-0.000909,0x36
10.890,MODE_ID_3,-12510,-12008,-12998,-0.002140,-0.001759,0.000376,-0.003523,0x36
10.900,MODE_ID_3,-12491,-12008,-12988,0.001740,-0.001751,0.002390,0.002379,0x36
10.910,MODE_ID_3,-12491,-12001,-12995,0.001745,-0.000263,0.000844,0.002326,0x36
10.920,MODE_ID_3,-12488,-11989,-12990,0.002380,0.002167,0.001924,0.006471,0x36
10.930,MODE_ID_3,-12489,-11985,-13010,0.002045,0.002882,-0.002173,0.002754,0x36
10.940,MODE_ID_3,-12494,-11996,-13005,0.001064,0.000682,-0.001128,0.000618,0x36
10.950,MODE_ID_3,-12508,-12012,-12991,-0.001776,-0.002470,0.001648,-0.002598,0x36
10.960,MODE_ID_3,-12495,-11985,-12989,0.000945,0.002884,0.002152,0.005981,0x36
10.971,MODE_ID_3,-12487,-12014,-12998,0.002598,-0.002993,0.000373,-0.000022,0x36
10.980,MODE_ID_3,-12504,-11993,-12997,-0.000866,0.001378,0.000402,0.000914,0x36
10.991,MODE_ID_3,-12511,-11998,-12998,-0.002264,0.000398,0.000227,-0.001639,0x36
11.000,MODE_ID_3,-12500,-11999,-12992,-0.000168,0.000155,0.001515,0.001502,0x36
11.010,MODE_ID_3,-12511,-11986,-13008,-0.002255,0.002753,-0.001649,-0.001151,0x36
11.020,MODE_ID_3,-12511,-11992,-12993,-0.002291,0.001479,0.001201,0.000389,0x36
11.030,MODE_ID_3,-12513,-11986,-12985,-0.002633,0.002675,0.002819,0.002861,0x36
11.039,MODE_ID_3,-12491,-11998,-13002,0.001668,0.000234,-0.000569,0.001333,0x36
11.050,MODE_ID_3,-12487,-11994,-13011,0.002595,0.001014,-0.002273,0.001336,0x36
11.060,MODE_ID_3,-12501,-12007,-13002,-0.000295,-0.001552,-0.000469,-0.002316,0x36
11.070,MODE_ID_3,-12511,-12011,-12996,-0.002215,-0.002286,0.000746,-0.003755,0x36
11.080,MODE_ID_3,-12513,-11990,-12990,-0.002787,0.001819,0.001823,0.000855,0x36
11.090,MODE_ID_3,-12497,-11986,-12990,0.000542,0.002756,0.001917,0.005215,0x36
11.100,MODE_ID_3,-12485,-12003,-12991,0.002892,-0.000701,0.001746,0.003937,0x36
11.110,MODE_ID_3,-12493,-12007,-12990,0.001209,-0.001519,0.001877,0.001567,0x36
11.120,MODE_ID_3,-12494,-12014,-13006,0.001182,-0.002966,-0.001201,-0.002985,0x36
11.130,MODE_ID_3,-12499,-11985,-13001,0.000072,0.002856,-0.000359,0.002569,0x36
11.140,MODE_ID_3,-12498,-11985,-12993,0.000304,0.002985,0.001391,0.004680,0x36
11.150,MODE_ID_3,-12495,-12000,-13002,0.000935,-0.000090,-0.000533,0.000312,0x36
11.160,MODE_ID_3,-12494,-12010,-13008,0.001052,-0.002120,-0.001645,-0.002713,0x36
11.170,MODE_ID_3,-12504,-11986,-13010,-0.000904,0.002625,-0.002140,-0.000419,0x36
11.180,MODE_ID_3,-12504,-12006,-13002,-0.000857,-0.001380,-0.000460,-0.002697,0x36
11.190,MODE_ID_3,-12504,-12014,-13005,-0.000820,-0.002804,-0.001196,-0.004820,0x36
11.200,MODE_ID_3,-12487,-12006,-13006,0.002551,-0.001208,-0.001227,0.000116,0x36
11.210,MODE_ID_3,-12513,-12007,-12989,-0.002716,-0.001502,0.002054,-0.002164,0x36
11.220,MODE_ID_3,-12507,-11993,-12987,-0.001526,0.001362,0.002500,0.002336,0x36
11.230,MODE_ID_3,-12500,-12014,-12996,-0.000083,-0.002956,0.000791,-0.002248,0x36
11.240,MODE_ID_3,-12492,-12003,-12987,0.001574,-0.000660,0.002455,0.003369,0x36
11.250,MODE_ID_3,-12490,-12012,-12991,0.001813,-0.002600,0.001714,0.000927,0x36
11.260,MODE_ID_3,-12495,-11991,-12991,0.000827,0.001671,0.001712,0.004210,0x36
11.270,MODE_ID_3,-12497,-11986,-12992,0.000421,0.002781,0.001555,0.004757,0x36
11.280,MODE_ID_3,-12500,-12008,-12998,-0.000097,-0.001769,0.000209,-0.001657,0x36
11.290,MODE_ID_3,-12508,-11988,-13008,-0.001753,0.002382,-0.001620,-0.000991,0x36
11.300,MODE_ID_3,-12492,-11999,-12997,0.001493,0.000026,0.000457,0.001976,0x36
11.312,MODE_ID_3,-12488,-11989,-12998,0.002280,0.002053,0.000205,0.004538,0x36
11.320,MODE_ID_3,-12514,-12012,-12997,-0.002892,-0.002442,0.000495,-0.004839,0x36
11.330,MODE_ID_3,-12510,-12014,-13014,-0.002102,-0.002885,-0.002848,-0.007835,0x36
11.340,MODE_ID_3,-12489,-12007,-13009,0.002037,-0.001411,-0.001883,-0.001257,0x36
11.350,MODE_ID_3,-12508,-12005,-12987,-0.001658,-0.001004,0.002480,-0.000182,0x36
11.361,MODE_ID_3,-12510,-11996,-13006,-0.002060,0.000717,-0.001323,-0.002666,0x36
11.369,MODE_ID_3,-12513,-12014,-12991,-0.002716,-0.002884,0.001636,-0.003964,0x36
11.380,MODE_ID_3,-12508,-12011,-12999,-0.001770,-0.002233,0.000175,-0.003828,0x36
11.390,MODE_ID_3,-12504,-12000,-13011,-0.000882,-0.000145,-0.002309,-0.003336,0x36
11.400,MODE_ID_3,-12495,-12006,-12991,0.000860,-0.001261,0.001645,0.001244,0x36
11.410,MODE_ID_3,-12513,-11986,-12985,-0.002636,0.002614,0.002819,0.002797,0x36
11.420,MODE_ID_3,-12485,-12001,-12985,0.002817,-0.000341,0.002881,0.005357,0x36
11.430,MODE_ID_3,-12486,-11996,-12993,0.002631,0.000735,0.001340,0.004706,0x36
11.440,MODE_ID_3,-12512,-12013,-13014,-0.002574,-0.002640,-0.002969,-0.008183,0x36
11.450,MODE_ID_3,-12496,-11985,-12995,0.000723,0.002990,0.000854,0.004567,0x36
11.460,MODE_ID_3,-12509,-11995,-13009,-0.001878,0.000918,-0.001970,-0.002930,0x36
11.470,MODE_ID_3,-12508,-12012,-13009,-0.001764,-0.002411,-0.001853,-0.006028,0x36
11.480,MODE_ID_3,-12514,-11998,-12991,-0.002902,0.000357,0.001623,-0.000922,0x36
11.490,MODE_ID_3,-12498,-12003,-13003,0.000368,-0.000609,-0.000680,-0.000921,0x36
11.500,MODE_ID_3,-12499,-12001,-13007,0.000152,-0.000205,-0.001483,-0.001536,0x36
11.510,MODE_ID_3,-12506,-12003,-12996,-0.001250,-0.000647,0.000690,-0.001207,0x36
11.520,MODE_ID_3,-12499,-11999,-12996,0.000031,0.000102,0.000793,0.000926,0x36
11.530,MODE_ID_3,-12510,-11998,-12992,-0.002130,0.000306,0.001423,-0.000401,0x36
11.540,MODE_ID_3,-12487,-11987,-12998,0.002546,0.002576,0.000205,0.005327,0x36
11.550,MODE_ID_3,-12501,-12001,-12987,-0.000217,-0.000285,0.002590,0.002088,0x36
11.560,MODE_ID_3,-12511,-11993,-13011,-0.002384,0.001245,-0.002333,-0.003472,0x36
11.570,MODE_ID_3,-12489,-11988,-12994,0.002164,0.002356,0.001059,0.005579,0x36
11.580,MODE_ID_3,-12508,-12002,-12996,-0.001735,-0.000543,0.000795,-0.001483,0x36
11.590,MODE_ID_3,-12500,-12011,-12988,-0.000046,-0.002284,0.002258,-0.000072,0x36
11.600,MODE_ID_3,-12498,-11992,-12996,0.000252,0.001539,0.000757,0.002548,0x36
11.611,MODE_ID_3,-12485,-12002,-13004,0.002832,-0.000410,-0.000906,0.001516,0x36
11.620,MODE_ID_3,-12493,-12013,-12985,0.001368,-0.002618,0.002861,0.001611,0x36
11.630,MODE_ID_3,-12511,-12007,-13013,-0.002208,-0.001478,-0.002793,-0.006479,0x36
11.640,MODE_ID_3,-12489,-11993,-13012,0.002146,0.001345,-0.002408,0.001083,0x36
11.658,MODE_ID_3,-12514,-11993,-12986,-0.002959,0.001257,0.002607,0.000905,0x36
11.660,MODE_ID_3,-12505,-12000,-13013,-0.001062,-0.000075,-0.002738,-0.003875,0x36
11.670,MODE_ID_3,-12496,-12002,-12989,0.000795,-0.000554,0.002165,0.002406,0x36
11.680,MODE_ID_3,-12509,-11994,-13007,-0.001808,0.001033,-0.001585,-0.002360,0x36
11.691,MODE_ID_3,-12487,-11985,-12992,0.002565,0.002895,0.001589,0.007049,0x36
11.700,MODE_ID_3,-12491,-11990,-13001,0.001624,0.001922,-0.000317,0.003229,0x36
11.710,MODE_ID_3,-12497,-12005,-13011,0.000480,-0.001007,-0.002360,-0.002887,0x36
11.720,MODE_ID_3,-12488,-11992,-12985,0.002214,0.001580,0.002804,0.006598,0x36
11.730,MODE_ID_3,-12513,-12004,-12987,-0.002666,-0.000950,0.002450,-0.001166,0x36
11.740,MODE_ID_3,-12493,-12009,-13002,0.001393,-0.001823,-0.000556,-0.000986,0x36
11.750,MODE_ID_3,-12505,-11992,-12997,-0.001082,0.001495,0.000526,0.000939,0x36
11.760,MODE_ID_3,-12491,-12007,-13011,0.001636,-0.001466,-0.002363,-0.002193,0x36
11.770,MODE_ID_3,-12505,-11995,-13004,-0.001050,0.000855,-0.000949,-0.001144,0x36
11.780,MODE_ID_3,-12494,-11997,-13001,0.001104,0.000402,-0.000301,0.001205,0x36
11.790,MODE_ID_3,-12514,-11987,-13003,-0.002998,0.002567,-0.000762,-0.001193,0x36
11.800,MODE_ID_3,-12504,-11994,-12999,-0.000925,0.001147,0.000068,0.000290,0x36
11.810,MODE_ID_3,-12497,-12005,-13010,0.000584,-0.001039,-0.002133,-0.002588,0x36
11.820,MODE_ID_3,-12486,-12000,-13000,0.002618,-0.000025,-0.000031,0.002562,0x36
11.829,MODE_ID_3,-12498,-11995,-13012,0.000347,0.000883,-0.002544,-0.001314,0x36
11.839,MODE_ID_3,-12487,-12009,-12998,0.002582,-0.001878,0.000338,0.001042,0x36
11.849,MODE_ID_3,-12508,-12013,-12994,-0.001673,-0.002716,0.001106,-0.003283,0x36
11.860,MODE_ID_3,-12505,-12013,-12990,-0.001131,-0.002749,0.001810,-0.002070,0x36
11.869,MODE_ID_3,-12511,-12000,-13008,-0.002254,-0.000105,-0.001712,-0.004071,0x36
11.880,MODE_ID_3,-12498,-11990,-13010,0.000209,0.001961,-0.002054,0.000116,0x36
11.890,MODE_ID_3,-12506,-12011,-12988,-0.001375,-0.002333,0.002398,-0.001310,0x36
11.900,MODE_ID_3,-12514,-11991,-13011,-0.002916,0.001685,-0.002271,-0.003502,0x36
11.910,MODE_ID_3,-12506,-11998,-12993,-0.001262,0.000280,0.001242,0.000260,0x36
11.920,MODE_ID_3,-12495,-12008,-13004,0.000929,-0.001681,-0.000960,-0.001712,0x36
11.930,MODE_ID_3,-12503,-11988,-12986,-0.000639,0.002211,0.002707,0.004279,0x36
11.940,MODE_ID_3,-12496,-11999,-13009,0.000760,0.000181,-0.001902,-0.000961,0x36
11.951,MODE_ID_3,-12500,-11992,-13009,-0.000152,0.001509,-0.001856,-0.000499,0x36
11.960,MODE_ID_3,-12499,-12013,-12991,0.000121,-0.002603,0.001622,-0.000860,0x36
11.970,MODE_ID_3,-12507,-12011,-13000,-0.001424,-0.002328,-0.000070,-0.003822,0x36
11.981,MODE_ID_3,-12493,-11999,-12993,0.001365,0.000127,0.001359,0.002851,0x36
11.990,MODE_ID_3,-12494,-12002,-12994,0.001047,-0.000423,0.001038,0.001662,0x36
12.000,MODE_ID_3,-12493,-11997,-13003,0.001382,0.000582,-0.000681,0.001283,0x36
12.010,MODE_ID_3,-12503,-12010,-13004,-0.000691,-0.002175,-0.000940,-0.003806,0x36
12.020,MODE_ID_3,-12514,-11988,-12989,-0.002872,0.002269,0.002081,0.001478,0x36
12.030,MODE_ID_3,-12488,-12002,-13003,0.002329,-0.000401,-0.000631,0.001297,0x36
12.040,MODE_ID_3,-12512,-12001,-13000,-0.002600,-0.000320,-0.000078,-0.002998,0x36
12.050,MODE_ID_3,-12490,-11985,-13007,0.001962,0.002832,-0.001544,0.003250,0x36
12.060,MODE_ID_3,-12496,-12011,-13012,0.000630,-0.002283,-0.002515,-0.004168,0x36
12.070,MODE_ID_3,-12498,-11990,-12991,0.000366,0.001912,0.001635,0.003913,0x36
12.080,MODE_ID_3,-12497,-11987,-12985,0.000568,0.002569,0.002845,0.005982,0x36
12.091,MODE_ID_3,-12508,-11989,-12995,-0.001737,0.002164,0.000857,0.001284,0x36
12.100,MODE_ID_3,-12504,-11988,-12990,-0.000858,0.002247,0.001939,0.003328,0x36
12.110,MODE_ID_3,-12497,-11986,-13000,0.000566,0.002765,-0.000130,0.003201,0x36
12.120,MODE_ID_3,-12503,-12014,-13008,-0.000783,-0.002910,-0.001742,-0.005435,0x36
12.131,MODE_ID_3,-12490,-11987,-13002,0.001929,0.002452,-0.000547,0.003834,0x36
12.140,MODE_ID_3,-12486,-12002,-12998,0.002704,-0.000446,0.000201,0.002459,0x36
12.150,MODE_ID_3,-12493,-11999,-12992,0.001379,0.000045,0.001548,0.002972,0x36
12.160,MODE_ID_3,-12498,-11988,-12988,0.000268,0.002344,0.002310,0.004922,0x36
12.170,MODE_ID_3,-12514,-11992,-13010,-0.002853,0.001520,-0.002097,-0.003430,0x36
12.180,MODE_ID_3,-12499,-12009,-12992,0.000200,-0.001853,0.001474,-0.000179,0x36
12.190,MODE_ID_3,-12489,-11993,-12986,0.002188,0.001272,0.002760,0.006220,0x36
12.200,MODE_ID_3,-12502,-12001,-12992,-0.000440,-0.000306,0.001423,0.000677,0x36
12.210,MODE_ID_3,-12513,-11990,-12985,-0.002729,0.001855,0.002859,0.001985,0x36
12.220,MODE_ID_3,-12507,-12012,-12990,-0.001502,-0.002417,0.001836,-0.002083,0x36
12.230,MODE_ID_3,-12500,-11991,-12995,-0.000090,0.001738,0.000855,0.002503,0x36
12.240,MODE_ID_3,-12510,-11995,-13013,-0.002067,0.000936,-0.002639,-0.003770,0x36
12.250,MODE_ID_3,-12491,-12009,-12989,0.001662,-0.001811,0.002065,0.001916,0x36
12.264,MODE_ID_3,-12498,-12010,-12987,0.000364,-0.002047,0.002411,0.000728,0x36
12.270,MODE_ID_3,-12497,-11993,-13014,0.000426,0.001360,-0.002901,-0.001115,0x36
12.280,MODE_ID_3,-12510,-11989,-13011,-0.002159,0.002016,-0.002267,-0.002410,0x36
12.290,MODE_ID_3,-12500,-11991,-12993,-0.000080,0.001601,0.001255,0.002776,0x36
12.300,MODE_ID_3,-12502,-11995,-13007,-0.000547,0.000903,-0.001480,-0.001124,0x36
12.310,MODE_ID_3,-12492,-11995,-12986,0.001554,0.000969,0.002608,0.005131,0x36
12.320,MODE_ID_3,-12489,-12004,-12995,0.002059,-0.000871,0.000830,0.002018,0x36
12.330,MODE_ID_3,-12494,-11993,-13011,0.001011,0.001374,-0.002398,-0.000013,0x36
12.340,MODE_ID_3,-12500,-11993,-13007,-0.000020,0.001332,-0.001512,-0.000200,0x36
12.350,MODE_ID_3,-12508,-12007,-12994,-0.001622,-0.001545,0.001122,-0.002045,0x36
12.360,MODE_ID_3,-12510,-11995,-12991,-0.002123,0.000922,0.001615,0.000414,0x36
12.374,MODE_ID_3,-12502,-12001,-12999,-0.000579,-0.000317,0.000143,-0.000753,0x36
12.380,MODE_ID_3,-12486,-12007,-13014,0.002654,-0.001412,-0.002801,-0.001559,0x36
12.390,MODE_ID_3,-12496,-12005,-12993,0.000745,-0.001187,0.001215,0.000773,0x36
12.400,MODE_ID_3,-12501,-12009,-12988,-0.000277,-0.001802,0.002239,0.000160,0x36
12.410,MODE_ID_3,-12504,-11990,-12987,-0.000844,0.001928,0.002520,0.003604,0x36
12.420,MODE_ID_3,-12490,-12010,-12996,0.001889,-0.002130,0.000723,0.000482,0x36
12.430,MODE_ID_3,-12490,-11998,-12998,0.001828,0.000205,0.000342,0.002375,0x36
12.441,MODE_ID_3,-12487,-12010,-12994,0.002591,-0.002115,0.001143,0.001619,0x36
12.450,MODE_ID_3,-12494,-11994,-12999,0.001147,0.001048,0.000047,0.002242,0x36
12.461,MODE_ID_3,-12510,-12009,-12986,-0.002151,-0.001929,0.002730,-0.001350,0x36
12.470,MODE_ID_3,-12512,-12003,-12991,-0.002514,-0.000788,0.001681,-0.001621,0x36
12.480,MODE_ID_3,-12508,-11992,-12993,-0.001607,0.001587,0.001322,0.001302,0x36
12.498,MODE_ID_3,-12504,-11988,-12991,-0.000880,0.002398,0.001731,0.003249,0x36
12.500,MODE_ID_3,-12491,-11987,-13000,0.001643,0.002497,-0.000096,0.004044,0x36
12.510,MODE_ID_3,-12508,-11995,-13011,-0.001643,0.000852,-0.002244,-0.003035,0x36
12.520,MODE_ID_3,-12501,-12009,-12996,-0.000222,-0.001858,0.000781,-0.001299,0x36
12.530,MODE_ID_3,-12488,-12002,-13014,0.002259,-0.000500,-0.002872,-0.001113,0x36
12.540,MODE_ID_3,-12504,-11999,-12997,-0.000923,0.000129,0.000518,-0.000276,0x36
12.550,MODE_ID_3,-12487,-12005,-12988,0.002526,-0.001136,0.002309,0.003699,0x36
12.560,MODE_ID_3,-12512,-11995,-13005,-0.002462,0.000802,-0.001159,-0.002819,0x36
12.584,MODE_ID_3,-12496,-12000,-13005,0.000612,-0.000073,-0.001078,-0.000539,0x36
12.591,MODE_ID_3,-12487,-11991,-12996,0.002444,0.001645,0.000713,0.004802,0x36
12.600,MODE_ID_3,-12496,-11993,-13001,0.000703,0.001264,-0.000341,0.001626,0x36
12.610,MODE_ID_3,-12495,-12002,-13000,0.000828,-0.000491,-0.000035,0.000302,0x36
12.621,MODE_ID_3,-12502,-12007,-12993,-0.000451,-0.001514,0.001362,-0.000603,0x36
12.630,MODE_ID_3,-12494,-12004,-13003,0.001079,-0.000989,-0.000740,-0.000650,0x36
12.640,MODE_ID_3,-12501,-11994,-13001,-0.000259,0.001036,-0.000382,0.000395,0x36
12.652,MODE_ID_3,-12503,-11990,-12994,-0.000799,0.001804,0.001104,0.002109,0x36
12.661,MODE_ID_3,-12495,-12014,-13008,0.000832,-0.002887,-0.001786,-0.003841,0x36
12.675,MODE_ID_3,-12494,-11992,-13008,0.001021,0.001518,-0.001682,0.000857,0x36
12.680,MODE_ID_3,-12510,-12005,-13013,-0.002199,-0.001001,-0.002646,-0.005846,0x36
12.690,MODE_ID_3,-12493,-12004,-12992,0.001207,-0.000877,0.001571,0.001901,0x36
12.701,MODE_ID_3,-12509,-11996,-13014,-0.001943,0.000769,-0.002857,-0.004031,0x36
12.711,MODE_ID_3,-12504,-11985,-12993,-0.000998,0.002915,0.001298,0.003215,0x36
12.720,MODE_ID_3,-12494,-12001,-13008,0.001047,-0.000360,-0.001787,-0.001100,0x36
12.730,MODE_ID_3,-12512,-11993,-13011,-0.002525,0.001400,-0.002374,-0.003499,0x36
12.741,MODE_ID_3,-12507,-11990,-13004,-0.001406,0.001805,-0.000852,-0.000453,0x36
12.751,MODE_ID_3,-12510,-11996,-13002,-0.002192,0.000799,-0.000523,-0.001916,0x36
12.760,MODE_ID_3,-12486,-11995,-12991,0.002748,0.000842,0.001736,0.005326,0x36
12.771,MODE_ID_3,-12501,-11996,-13011,-0.000391,0.000791,-0.002261,-0.001861,0x36
12.789,MODE_ID_3,-12514,-11990,-13006,-0.002927,0.001805,-0.001336,-0.002458,0x36
12.792,MODE_ID_3,-12505,-11999,-13003,-0.001048,0.000115,-0.000715,-0.001648,0x36
12.802,MODE_ID_3,-12511,-11993,-13009,-0.002392,0.001294,-0.001891,-0.002989,0x36
12.811,MODE_ID_3,-12485,-11990,-12990,0.002907,0.001924,0.001854,0.006685,0x36
12.820,MODE_ID_3,-12485,-12003,-13006,0.002865,-0.000744,-0.001277,0.000844,0x36
12.842,MODE_ID_3,-12487,-11987,-13013,0.002477,0.002498,-0.002685,0.002290,0x36
12.851,MODE_ID_3,-12495,-11988,-13013,0.000831,0.002257,-0.002667,0.000421,0x36
12.860,MODE_ID_3,-12485,-12001,-12996,0.002915,-0.000209,0.000650,0.003356,0x36
12.871,MODE_ID_3,-12493,-12004,-12993,0.001249,-0.000920,0.001390,0.001719,0x36
12.881,MODE_ID_3,-12495,-12007,-12995,0.000927,-0.001513,0.000812,0.000226,0x36
12.891,MODE_ID_3,-12488,-12007,-13010,0.002347,-0.001486,-0.002039,-0.001178,0x36
12.900,MODE_ID_3,-12507,-12007,-12997,-0.001455,-0.001448,0.000521,-0.002382,0x36
12.910,MODE_ID_3,-12508,-12009,-12993,-0.001698,-0.001959,0.001251,-0.002406,0x36
12.920,MODE_ID_3,-12490,-11997,-13014,0.001900,0.000431,-0.002883,-0.000552,0x36
12.930,MODE_ID_3,-12489,-11997,-12993,0.002063,0.000584,0.001396,0.004043,0x36
12.940,MODE_ID_3,-12497,-12005,-12986,0.000474,-0.001191,0.002635,0.001918,0x36
12.950,MODE_ID_3,-12494,-11997,-13002,0.001126,0.000439,-0.000587,0.000978,0x36
12.960,MODE_ID_3,-12499,-12005,-12993,0.000051,-0.001121,0.001274,0.000204,0x36
12.970,MODE_ID_3,-12502,-11996,-13001,-0.000566,0.000750,-0.000216,-0.000032,0x36
12.980,MODE_ID_3,-12492,-12002,-13008,0.001501,-0.000411,-0.001611,-0.000521,0x36
13.002,MODE_ID_3,-12507,-11999,-12997,-0.001568,0.000182,0.000412,-0.000974,0x36
13.010,MODE_ID_3,-12514,-12002,-12985,-0.002906,-0.000559,0.002869,-0.000596,0x36
13.021,MODE_ID_3,-12505,-12005,-13003,-0.001007,-0.001037,-0.000768,-0.002812,0x36
13.031,MODE_ID_3,-12500,-11990,-12991,-0.000008,0.001840,0.001615,0.003447,0x36
13.040,MODE_ID_3,-12497,-11992,-13009,0.000505,0.001454,-0.001807,0.000152,0x36
13.051,MODE_ID_3,-12496,-12002,-13014,0.000707,-0.000409,-0.002968,-0.002670,0x36
13.060,MODE_ID_3,-12485,-12008,-13013,0.002889,-0.001799,-0.002729,-0.001639,0x36
13.070,MODE_ID_3,-12501,-12005,-13006,-0.000303,-0.001076,-0.001277,-0.002656,0x36
13.081,MODE_ID_3,-12500,-12000,-13000,-0.000156,-0.000074,-0.000102,-0.000332,0x36
13.095,MODE_ID_3,-12503,-12008,-13001,-0.000637,-0.001800,-0.000255,-0.002692,0x36
13.100,MODE_ID_3,-12504,-11985,-13002,-0.000812,0.002892,-0.000420,0.001660,0x36
13.110,MODE_ID_3,-12513,-12012,-12989,-0.002764,-0.002440,0.002198,-0.003006,0x36
13.120,MODE_ID_3,-12495,-11986,-13001,0.000836,0.002683,-0.000203,0.003316,0x36
13.130,MODE_ID_3,-12495,-11995,-13010,0.000811,0.000985,-0.002113,-0.000317,0x36
13.140,MODE_ID_3,-12485,-11986,-13005,0.002859,0.002713,-0.001107,0.004465,0x36
13.150,MODE_ID_3,-12495,-11996,-13004,0.000995,0.000694,-0.000943,0.000746,0x36
13.160,MODE_ID_3,-12510,-11987,-13006,-0.002045,0.002517,-0.001219,-0.000747,0x36
13.170,MODE_ID_3,-12502,-12008,-13002,-0.000407,-0.001601,-0.000586,-0.002594,0x36
13.180,MODE_ID_3,-12487,-11997,-12993,0.002493,0.000434,0.001332,0.004259,0x36
13.190,MODE_ID_3,-12499,-11987,-13000,0.000019,0.002423,-0.000115,0.002327,0x36
13.200,MODE_ID_3,-12492,-11998,-12988,0.001460,0.000248,0.002362,0.004070,0x36
13.211,MODE_ID_3,-12490,-12008,-12993,0.001977,-0.001650,0.001274,0.001601,0x36
13.220,MODE_ID_3,-12486,-11989,-12996,0.002698,0.002099,0.000710,0.005507,0x36
13.230,MODE_ID_3,-12500,-12003,-13012,-0.000143,-0.000691,-0.002528,-0.003362,0x36
13.240,MODE_ID_3,-12490,-11989,-13001,0.001841,0.002148,-0.000214,0.003775,0x36
13.250,MODE_ID_3,-12492,-11990,-12986,0.001480,0.001917,0.002745,0.006142,0x36
13.260,MODE_ID_3,-12512,-11987,-13007,-0.002477,0.002474,-0.001455,-0.001458,0x36
13.270,MODE_ID_3,-12487,-12013,-12993,0.002420,-0.002776,0.001208,0.000852,0x36
13.280,MODE_ID_3,-12512,-11985,-13005,-0.002586,0.002918,-0.001139,-0.000807,0x36
13.290,MODE_ID_3,-12488,-12000,-13003,0.002355,-0.000006,-0.000782,0.001567,0x36
13.324,MODE_ID_3,-12514,-11985,-12988,-0.002992,0.002830,0.002210,0.002048,0x36
13.331,MODE_ID_3,-12489,-12014,-12993,0.002116,-0.002986,0.001283,0.000413,0x36
13.341,MODE_ID_3,-12501,-11994,-13014,-0.000287,0.001160,-0.002888,-0.002015,0x36
13.351,MODE_ID_3,-12493,-12008,-13005,0.001314,-0.001668,-0.001178,-0.001532,0x36
13.361,MODE_ID_3,-12496,-11999,-12993,0.000646,0.000008,0.001354,0.002008,0x36
13.371,MODE_ID_3,-12502,-12002,-13011,-0.000504,-0.000493,-0.002375,-0.003372,0x36
13.380,MODE_ID_3,-12499,-12004,-13014,0.000199,-0.000963,-0.002867,-0.003631,0x36
13.391,MODE_ID_3,-12490,-12009,-12993,0.001810,-0.001805,0.001396,0.001401,0x36
13.403,MODE_ID_3,-12513,-11992,-13007,-0.002751,0.001585,-0.001586,-0.002752,0x36
13.411,MODE_ID_3,-12498,-12003,-13008,0.000239,-0.000671,-0.001670,-0.002102,0x36
13.419,MODE_ID_3,-12506,-11988,-12985,-0.001358,0.002308,0.002931,0.003881,0x36
13.430,MODE_ID_3,-12502,-12002,-13010,-0.000493,-0.000582,-0.002025,-0.003100,0x36
13.441,MODE_ID_3,-12498,-12004,-12985,0.000272,-0.000954,0.002893,0.002211,0x36
13.450,MODE_ID_3,-12486,-11999,-13009,0.002607,0.000147,-0.001829,0.000925,0x36
13.460,MODE_ID_3,-12493,-12002,-12986,0.001218,-0.000460,0.002671,0.003429,0x36
13.470,MODE_ID_3,-12503,-11986,-13009,-0.000740,0.002639,-0.001846,0.000053,0x36
13.480,MODE_ID_3,-12508,-12007,-12998,-0.001756,-0.001448,0.000392,-0.002812,0x36
13.490,MODE_ID_3,-12511,-12004,-12996,-0.002294,-0.000926,0.000693,-0.002527,0x36
13.500,MODE_ID_3,-12513,-11996,-12986,-0.002606,0.000669,0.002767,0.000830,0x36
13.514,MODE_ID_3,-12487,-12009,-13014,0.002475,-0.001862,-0.002974,-0.002361,0x36
13.520,MODE_ID_3,-12502,-11985,-12993,-0.000546,0.002835,0.001389,0.003678,0x36
13.530,MODE_ID_3,-12496,-12005,-13006,0.000626,-0.001042,-0.001327,-0.001743,0x36
13.540,MODE_ID_3,-12495,-12007,-13003,0.000821,-0.001435,-0.000800,-0.001414,0x36
13.550,MODE_ID_3,-12490,-12000,-13008,0.001813,-0.000112,-0.001797,-0.000096,0x36
13.560,MODE_ID_3,-12503,-12007,-12997,-0.000617,-0.001598,0.000421,-0.001794,0x36
13.570,MODE_ID_3,-12509,-12003,-13001,-0.001960,-0.000695,-0.000316,-0.002971,0x36
13.580,MODE_ID_3,-12496,-11994,-13005,0.000786,0.001077,-0.001136,0.000727,0x36
13.591,MODE_ID_3,-12512,-11993,-13003,-0.002517,0.001375,-0.000709,-0.001851,0x36
13.601,MODE_ID_3,-12505,-11995,-13000,-0.001066,0.000919,-0.000075,-0.000222,0x36
13.611,MODE_ID_3,-12495,-11995,-13007,0.000854,0.000854,-0.001458,0.000250,0x36
13.620,MODE_ID_3,-12489,-12000,-13014,0.002181,-0.000136,-0.002931,-0.000886,0x36
13.631,MODE_ID_3,-12491,-12002,-13008,0.001727,-0.000482,-0.001621,-0.000376,0x36
13.640,MODE_ID_3,-12492,-12008,-13011,0.001572,-0.001644,-0.002395,-0.002467,0x36
13.650,MODE_ID_3,-12498,-12003,-13004,0.000211,-0.000665,-0.000820,-0.001274,0x36
13.661,MODE_ID_3,-12503,-12002,-13010,-0.000745,-0.000502,-0.002131,-0.003378,0x36
13.670,MODE_ID_3,-12505,-12005,-13014,-0.001180,-0.001116,-0.002906,-0.005202,0x36
13.681,MODE_ID_3,-12506,-12006,-12996,-0.001352,-0.001333,0.000740,-0.001945,0x36
13.691,MODE_ID_3,-12507,-11998,-13009,-0.001530,0.000206,-0.001960,-0.003284,0x36
13.701,MODE_ID_3,-12504,-12013,-13011,-0.000939,-0.002718,-0.002243,-0.005900,0x36
13.711,MODE_ID_3,-12509,-11989,-13000,-0.001933,0.002028,-0.000068,0.000027,0x36
13.722,MODE_ID_3,-12502,-11999,-12994,-0.000536,0.000163,0.001151,0.000778,0x36
13.731,MODE_ID_3,-12498,-12005,-13012,0.000291,-0.001018,-0.002410,-0.003137,0x36
13.740,MODE_ID_3,-12510,-12006,-13014,-0.002036,-0.001365,-0.002989,-0.006390,0x36
13.750,MODE_ID_3,-12485,-12014,-12991,0.002964,-0.002838,0.001795,0.001921,0x36
13.761,MODE_ID_3,-12504,-11990,-13001,-0.000978,0.001979,-0.000396,0.000605,0x36
13.770,MODE_ID_3,-12491,-12005,-13008,0.001746,-0.001017,-0.001736,-0.001007,0x36
13.780,MODE_ID_3,-12506,-12007,-13014,-0.001238,-0.001435,-0.002876,-0.005549,0x36
13.791,MODE_ID_3,-12498,-12011,-13004,0.000327,-0.002212,-0.000841,-0.002726,0x36
13.801,MODE_ID_3,-12509,-12001,-12997,-0.001965,-0.000296,0.000490,-0.001771,0x36
13.811,MODE_ID_3,-12499,-11985,-12994,0.000113,0.002995,0.001058,0.004166,0x36
13.821,MODE_ID_3,-12498,-11996,-12997,0.000295,0.000617,0.000552,0.001464,0x36
13.830,MODE_ID_3,-12490,-12007,-12992,0.001948,-0.001502,0.001552,0.001998,0x36
13.841,MODE_ID_3,-12511,-11988,-13008,-0.002294,0.002253,-0.001658,-0.001699,0x36
13.851,MODE_ID_3,-12511,-12005,-13014,-0.002293,-0.001175,-0.002903,-0.006371,0x36
13.861,MODE_ID_3,-12499,-11996,-12988,0.000036,0.000771,0.002202,0.003009,0x36
13.871,MODE_ID_3,-12506,-12009,-12988,-0.001394,-0.001839,0.002235,-0.000998,0x36
13.880,MODE_ID_3,-12489,-11998,-12988,0.002073,0.000201,0.002394,0.004668,0x36
13.891,MODE_ID_3,-12486,-12003,-12985,0.002769,-0.000730,0.002964,0.005003,0x36
13.901,MODE_ID_3,-12507,-12002,-13014,-0.001562,-0.000436,-0.002935,-0.004933,0x36
13.911,MODE_ID_3,-12507,-12010,-12997,-0.001564,-0.002178,0.000531,-0.003211,0x36
13.921,MODE_ID_3,-12495,-12010,-13001,0.000962,-0.002096,-0.000300,-0.001434,0x36
13.932,MODE_ID_3,-12498,-12000,-12985,0.000334,-0.000044,0.002915,0.003205,0x36
13.941,MODE_ID_3,-12496,-11988,-13010,0.000701,0.002241,-0.002186,0.000756,0x36
13.951,MODE_ID_3,-12489,-11999,-13014,0.002193,0.000140,-0.002979,-0.000646,0x36
13.961,MODE_ID_3,-12512,-12005,-12986,-0.002530,-0.001060,0.002704,-0.000886,0x36
13.970,MODE_ID_3,-12512,-12001,-12986,-0.002430,-0.000353,0.002658,-0.000125,0x36
13.981,MODE_ID_3,-12493,-12009,-12996,0.001350,-0.001983,0.000748,0.000115,0x36
13.991,MODE_ID_3,-12486,-11992,-13003,0.002690,0.001401,-0.000731,0.003360,0x36
14.001,MODE_ID_3,-12499,-11994,-13012,0.000176,0.001101,-0.002450,-0.001173,0x36
14.010,MODE_ID_3,-12493,-11988,-12991,0.001350,0.002387,0.001753,0.005490,0x36
14.021,MODE_ID_3,-12506,-11994,-13012,-0.001297,0.001149,-0.002456,-0.002604,0x36
14.031,MODE_ID_3,-12513,-12003,-12991,-0.002786,-0.000602,0.001613,-0.001775,0x36
14.042,MODE_ID_3,-12512,-12005,-12986,-0.002400,-0.001156,0.002747,-0.000809,0x36
14.050,MODE_ID_3,-12489,-12004,-13004,0.002073,-0.000880,-0.000979,0.000214,0x36
14.061,MODE_ID_3,-12487,-11992,-13002,0.002558,0.001576,-0.000560,0.003574,0x36
14.071,MODE_ID_3,-12512,-11998,-12986,-0.002595,0.000269,0.002773,0.000447,0x36
14.081,MODE_ID_3,-12485,-11997,-13008,0.002805,0.000473,-0.001661,0.001617,0x36
14.091,MODE_ID_3,-12497,-11998,-12990,0.000475,0.000284,0.001884,0.002643,0x36
14.100,MODE_ID_3,-12503,-12008,-12991,-0.000678,-0.001638,0.001752,-0.000564,0x36
14.110,MODE_ID_3,-12514,-12003,-13002,-0.002994,-0.000784,-0.000447,-0.004225,0x36
14.120,MODE_ID_3,-12488,-12005,-13013,0.002356,-0.001045,-0.002657,-0.001346,0x36
14.130,MODE_ID_3,-12510,-11990,-12989,-0.002188,0.001920,0.002117,0.001849,0x36
14.140,MODE_ID_3,-12499,-12013,-13014,0.000102,-0.002704,-0.002994,-0.005596,0x36
14.152,MODE_ID_3,-12494,-11989,-12988,0.001042,0.002001,0.002387,0.005430,0x36
14.161,MODE_ID_3,-12503,-11992,-12998,-0.000671,0.001410,0.000354,0.001093,0x36
14.170,MODE_ID_3,-12507,-11997,-13004,-0.001526,0.000430,-0.000813,-0.001909,0x36
14.180,MODE_ID_3,-12513,-12003,-13005,-0.002784,-0.000793,-0.001039,-0.004616,0x36
14.190,MODE_ID_3,-12503,-12012,-12999,-0.000661,-0.002577,0.000050,-0.003188,0x36
14.200,MODE_ID_3,-12504,-12008,-13003,-0.000921,-0.001755,-0.000617,-0.003293,0x36
14.210,MODE_ID_3,-12497,-12002,-12992,0.000415,-0.000530,0.001586,0.001471,0x36
14.220,MODE_ID_3,-12504,-12002,-12996,-0.000812,-0.000487,0.000711,-0.000588,0x36
14.231,MODE_ID_3,-12497,-11988,-13004,0.000553,0.002278,-0.000839,0.001992,0x36
14.241,MODE_ID_3,-12502,-12014,-13012,-0.000522,-0.002894,-0.002524,-0.005940,0x36
14.253,MODE_ID_3,-12512,-11989,-13000,-0.002554,0.002131,-0.000143,-0.000566,0x36
14.260,MODE_ID_3,-12506,-11991,-13004,-0.001281,0.001710,-0.000997,-0.000568,0x36
14.270,MODE_ID_3,-12490,-11990,-12994,0.001967,0.001953,0.001109,0.005029,0x36
14.280,MODE_ID_3,-12497,-11993,-12995,0.000488,0.001375,0.000995,0.002858,0x36
14.291,MODE_ID_3,-12501,-11989,-12996,-0.000240,0.002178,0.000789,0.002727,0x36
14.300,MODE_ID_3,-12487,-11994,-13009,0.002577,0.001144,-0.001992,0.001729,0x36
14.311,MODE_ID_3,-12492,-12003,-12997,0.001543,-0.000639,0.000404,0.001308,0x36
14.320,MODE_ID_3,-12485,-11997,-12998,0.002838,0.000587,0.000259,0.003684,0x36
14.331,MODE_ID_3,-12512,-12009,-12991,-0.002440,-0.001966,0.001603,-0.002803,0x36
14.340,MODE_ID_3,-12505,-11989,-12991,-0.001015,0.002080,0.001745,0.002810,0x36
14.350,MODE_ID_3,-12495,-12007,-13007,0.000898,-0.001476,-0.001405,-0.001983,0x36
14.364,MODE_ID_3,-12510,-11991,-12987,-0.002152,0.001632,0.002474,0.001954,0x36
14.370,MODE_ID_3,-12496,-11991,-13011,0.000639,0.001760,-0.002387,0.000012,0x36
14.381,MODE_ID_3,-12509,-12002,-13010,-0.002000,-0.000414,-0.002196,-0.004610,0x36
14.391,MODE_ID_3,-12486,-11995,-13008,0.002687,0.000922,-0.001616,0.001993,0x36
14.400,MODE_ID_3,-12497,-12006,-13000,0.000509,-0.001256,-0.000121,-0.000868,0x36
14.410,MODE_ID_3,-12490,-11997,-13008,0.001864,0.000515,-0.001641,0.000738,0x36
14.421,MODE_ID_3,-12499,-11990,-12985,0.000010,0.001979,0.002964,0.004953,0x36
14.430,MODE_ID_3,-12503,-12005,-12993,-0.000773,-0.001193,0.001399,-0.000567,0x36
14.441,MODE_ID_3,-12498,-11986,-12991,0.000254,0.002633,0.001777,0.004664,0x36
14.450,MODE_ID_3,-12492,-11999,-13009,0.001535,0.000035,-0.001861,-0.000291,0x36
14.460,MODE_ID_3,-12490,-12006,-12988,0.001818,-0.001275,0.002260,0.002803,0x36
14.473,MODE_ID_3,-12486,-11993,-13004,0.002794,0.001285,-0.000960,0.003119,0x36
14.480,MODE_ID_3,-12488,-12005,-12991,0.002392,-0.001100,0.001651,0.002943,0x36
14.490,MODE_ID_3,-12507,-12006,-12992,-0.001503,-0.001313,0.001478,-0.001338,0x36
14.500,MODE_ID_3,-12485,-12014,-13013,0.002850,-0.002992,-0.002650,-0.002792,0x36
14.510,MODE_ID_3,-12509,-11998,-13000,-0.001987,0.000280,-0.000027,-0.001734,0x36
14.520,MODE_ID_3,-12496,-12010,-12989,0.000639,-0.002063,0.002071,0.000647,0x36
14.530,MODE_ID_3,-12493,-11989,-12997,0.001321,0.002159,0.000431,0.003911,0x36
14.540,MODE_ID_3,-12509,-12012,-13003,-0.001945,-0.002590,-0.000734,-0.005269,0x36
14.551,MODE_ID_3,-12487,-11986,-12989,0.002432,0.002639,0.002150,0.007221,0x36
14.561,MODE_ID_3,-12496,-11998,-13013,0.000655,0.000382,-0.002611,-0.001574,0x36
14.570,MODE_ID_3,-12507,-11995,-13001,-0.001527,0.000842,-0.000335,-0.001020,0x36
14.580,MODE_ID_3,-12510,-11999,-13008,-0.002114,0.000091,-0.001673,-0.003696,0x36
14.591,MODE_ID_3,-12493,-11994,-12996,0.001383,0.001098,0.000612,0.003093,0x36
14.600,MODE_ID_3,-12505,-11989,-13002,-0.001101,0.002169,-0.000423,0.000645,0x36
14.611,MODE_ID_3,-12508,-11995,-12985,-0.001641,0.000823,0.002882,0.002064,0x36
14.620,MODE_ID_3,-12513,-11985,-13011,-0.002671,0.002953,-0.002286,-0.002004,0x36
14.630,MODE_ID_3,-12504,-12000,-13007,-0.000968,-0.000160,-0.001453,-0.002581,0x36
14.640,MODE_ID_3,-12493,-11991,-13002,0.001387,0.001636,-0.000471,0.002552,0x36
14.650,MODE_ID_3,-12508,-12014,-13005,-0.001769,-0.002820,-0.001087,-0.005676,0x36
14.660,MODE_ID_3,-12489,-12013,-12995,0.002019,-0.002628,0.000881,0.000272,0x36
14.670,MODE_ID_3,-12507,-12011,-13002,-0.001411,-0.002265,-0.000416,-0.004092,0x36
14.683,MODE_ID_3,-12504,-12002,-12992,-0.000867,-0.000585,0.001441,-0.000011,0x36
14.690,MODE_ID_3,-12486,-11999,-12986,0.002693,0.000051,0.002695,0.005439,0x36
14.700,MODE_ID_3,-12491,-12012,-13003,0.001671,-0.002424,-0.000614,-0.001367,0x36
14.710,MODE_ID_3,-12485,-12005,-13004,0.002969,-0.001019,-0.000912,0.001038,0x36
14.720,MODE_ID_3,-12496,-11998,-13006,0.000674,0.000221,-0.001318,-0.000423,0x36
14.730,MODE_ID_3,-12488,-11988,-13010,0.002210,0.002230,-0.002056,0.002384,0x36
14.740,MODE_ID_3,-12504,-11997,-13004,-0.000885,0.000478,-0.000837,-0.001244,0x36
14.750,MODE_ID_3,-12492,-12007,-13004,0.001433,-0.001473,-0.000894,-0.000934,0x36
14.760,MODE_ID_3,-12498,-12006,-12993,0.000377,-0.001359,0.001273,0.000291,0x36
14.770,MODE_ID_3,-12495,-12008,-13011,0.000985,-0.001603,-0.002249,-0.002867,0x36
14.780,MODE_ID_3,-12508,-11997,-12992,-0.001749,0.000458,0.001535,0.000244,0x36
14.793,MODE_ID_3,-12499,-12006,-13007,0.000117,-0.001232,-0.001427,-0.002542,0x36
14.800,MODE_ID_3,-12498,-11991,-13007,0.000357,0.001747,-0.001597,0.000507,0x36
14.811,MODE_ID_3,-12485,-11996,-12991,0.002879,0.000748,0.001621,0.005248,0x36
14.820,MODE_ID_3,-12494,-11993,-12993,0.001041,0.001243,0.001213,0.003497,0x36
14.830,MODE_ID_3,-12502,-11989,-13002,-0.000547,0.002104,-0.000421,0.001136,0x36
14.840,MODE_ID_3,-12489,-11994,-13008,0.002056,0.001118,-0.001736,0.001438,0x36
14.850,MODE_ID_3,-12510,-12006,-12996,-0.002145,-0.001394,0.000712,-0.002827,0x36
14.860,MODE_ID_3,-12514,-12006,-13014,-0.002854,-0.001283,-0.002909,-0.007046,0x36
14.875,MODE_ID_3,-12489,-11991,-12988,0.002008,0.001690,0.002288,0.005986,0x36
14.880,MODE_ID_3,-12502,-11997,-13013,-0.000445,0.000599,-0.002698,-0.002544,0x36
14.890,MODE_ID_3,-12507,-11995,-12987,-0.001555,0.000995,0.002573,0.002013,0x36
14.900,MODE_ID_3,-12497,-12009,-13002,0.000565,-0.001995,-0.000417,-0.001847,0x36
14.910,MODE_ID_3,-12498,-11990,-12989,0.000351,0.001923,0.002019,0.004293,0x36
14.920,MODE_ID_3,-12506,-12013,-13008,-0.001222,-0.002707,-0.001735,-0.005664,0x36
14.930,MODE_ID_3,-12511,-11998,-12992,-0.002332,0.000274,0.001463,-0.000595,0x36
14.940,MODE_ID_3,-12512,-12006,-12992,-0.002495,-0.001391,0.001452,-0.002434,0x36
14.950,MODE_ID_3,-12513,-12003,-12995,-0.002706,-0.000632,0.000919,-0.002419,0x36
14.960,MODE_ID_3,-12512,-11993,-13005,-0.002530,0.001235,-0.001122,-0.002417,0x36
14.970,MODE_ID_3,-12504,-12012,-13000,-0.000808,-0.002565,-0.000058,-0.003431,0x36
14.980,MODE_ID_3,-12490,-12013,-12998,0.001842,-0.002683,0.000313,-0.000528,0x36
14.990,MODE_ID_3,-12495,-12006,-12991,0.000842,-0.001363,0.001738,0.001217,0x36
15.000,MODE_ID_3,-12494,-12004,-13014,0.001045,-0.000832,-0.002832,-0.002619,0x36
15.010,MODE_ID_3,-12510,-12012,-13003,-0.002121,-0.002450,-0.000639,-0.005210,0x36
15.020,MODE_ID_3,-12514,-12006,-12988,-0.002942,-0.001397,0.002400,-0.001939,0x36
15.030,MODE_ID_3,-12514,-11990,-12994,-0.002988,0.001983,0.001187,0.000182,0x36
15.040,MODE_ID_3,-12505,-12008,-12997,-0.001137,-0.001617,0.000467,-0.002287,0x36
15.050,MODE_ID_3,-12494,-12007,-13000,0.001046,-0.001448,-0.000184,-0.000586,0x36
15.060,MODE_ID_3,-12490,-11991,-12994,0.001989,0.001687,0.001037,0.004713,0x36
15.070,MODE_ID_3,-12510,-12000,-12994,-0.002135,-0.000040,0.001189,-0.000986,0x36
15.080,MODE_ID_3,-12489,-12000,-13013,0.002188,-0.000094,-0.002631,-0.000537,0x36
15.090,MODE_ID_3,-12498,-12011,-12999,0.000395,-0.002372,0.000097,-0.001880,0x36
15.100,MODE_ID_3,-12495,-11988,-12995,0.000806,0.002360,0.000931,0.004097,0x36
15.110,MODE_ID_3,-12501,-11993,-13010,-0.000383,0.001220,-0.002189,-0.001352,0x36
15.120,MODE_ID_3,-12496,-12006,-13008,0.000681,-0.001225,-0.001621,-0.002165,0x36
15.130,MODE_ID_3,-12501,-11995,-13011,-0.000322,0.000888,-0.002224,-0.001658,0x36
15.141,MODE_ID_3,-12501,-11986,-13012,-0.000308,0.002640,-0.002451,-0.000119,0x36
15.151,MODE_ID_3,-12513,-11989,-13007,-0.002741,0.002055,-0.001490,-0.002176,0x36
15.160,MODE_ID_3,-12488,-12014,-12985,0.002274,-0.002859,0.002911,0.002326,0x36
15.170,MODE_ID_3,-12502,-11995,-12987,-0.000553,0.000854,0.002532,0.002833,0x36
15.180,MODE_ID_3,-12486,-11994,-13002,0.002686,0.001182,-0.000437,0.003431,0x36
15.190,MODE_ID_3,-12502,-12006,-12987,-0.000462,-0.001369,0.002420,0.000589,0x36
15.200,MODE_ID_3,-12487,-12014,-13013,0.002546,-0.002863,-0.002686,-0.003003,0x36
15.211,MODE_ID_3,-12506,-12011,-12993,-0.001389,-0.002328,0.001349,-0.002368,0x36
15.220,MODE_ID_3,-12508,-12001,-13012,-0.001732,-0.000338,-0.002499,-0.004569,0x36
15.230,MODE_ID_3,-12485,-11995,-12991,0.002837,0.000838,0.001643,0.005318,0x36
15.240,MODE_ID_3,-12498,-12000,-12987,0.000297,-0.000115,0.002457,0.002639,0x36
15.250,MODE_ID_3,-12514,-11993,-13008,-0.002836,0.001206,-0.001695,-0.003325,0x36
15.260,MODE_ID_3,-12513,-12014,-13007,-0.002710,-0.002925,-0.001482,-0.007117,0x36
15.270,MODE_ID_3,-12504,-12009,-12990,-0.000965,-0.001853,0.001831,-0.000987,0x36
15.280,MODE_ID_3,-12490,-11995,-12989,0.001817,0.000922,0.002105,0.004844,0x36
15.290,MODE_ID_3,-12508,-11992,-13005,-0.001773,0.001499,-0.001123,-0.001397,0x36
15.300,MODE_ID_3,-12494,-12010,-12987,0.001122,-0.002140,0.002590,0.001572,0x36
15.310,MODE_ID_3,-12514,-11993,-12991,-0.002947,0.001338,0.001689,0.000080,0x36
15.320,MODE_ID_3,-12501,-12000,-13009,-0.000221,-0.000041,-0.001957,-0.002219,0x36
15.330,MODE_ID_3,-12493,-11996,-12994,0.001257,0.000716,0.001148,0.003121,0x36
15.340,MODE_ID_3,-12511,-12003,-13006,-0.002260,-0.000727,-0.001392,-0.004379,0x36
15.350,MODE_ID_3,-12492,-12009,-13010,0.001453,-0.001909,-0.002005,-0.002461,0x36
15.360,MODE_ID_3,-12503,-11987,-13000,-0.000664,0.002553,-0.000038,0.001851,0x36
15.370,MODE_ID_3,-12490,-11988,-13004,0.001858,0.002326,-0.000864,0.003320,0x36
15.380,MODE_ID_3,-12508,-12008,-12998,-0.001664,-0.001653,0.000316,-0.003001,0x36
15.390,MODE_ID_3,-12494,-12003,-12989,0.001129,-0.000665,0.002093,0.002557,0x36
15.400,MODE_ID_3,-12503,-12006,-12996,-0.000699,-0.001224,0.000771,-0.001152,0x36
15.410,MODE_ID_3,-12510,-11996,-13008,-0.002064,0.000785,-0.001779,-0.003058,0x36
15.420,MODE_ID_3,-12502,-12001,-12999,-0.000556,-0.000235,0.000102,-0.000689,0x36
15.431,MODE_ID_3,-12511,-11985,-12992,-0.002258,0.002882,0.001475,0.002099,0x36
15.441,MODE_ID_3,-12508,-11999,-12991,-0.001671,0.000134,0.001764,0.000227,0x36
15.450,MODE_ID_3,-12496,-12003,-13014,0.000791,-0.000675,-0.002931,-0.002815,0x36
15.460,MODE_ID_3,-12501,-12001,-13009,-0.000288,-0.000395,-0.001948,-0.002631,0x36
15.470,MODE_ID_3,-12500,-12011,-12999,-0.000108,-0.002332,0.000075,-0.002365,0x36
15.480,MODE_ID_3,-12491,-11994,-13013,0.001679,0.001187,-0.002736,0.000130,0x36
15.490,MODE_ID_3,-12502,-12001,-12988,-0.000438,-0.000254,0.002269,0.001577,0x36
15.500,MODE_ID_3,-12495,-12002,-12990,0.000991,-0.000588,0.001931,0.002334,0x36
15.511,MODE_ID_3,-12511,-12014,-13010,-0.002230,-0.002840,-0.002067,-0.007137,0x36
15.520,MODE_ID_3,-12488,-11987,-13008,0.002336,0.002537,-0.001722,0.003151,0x36
15.532,MODE_ID_3,-12491,-12002,-12986,0.001743,-0.000529,0.002709,0.003923,0x36
15.540,MODE_ID_3,-12495,-11991,-12996,0.000910,0.001662,0.000736,0.003308,0x36
15.550,MODE_ID_3,-12495,-12001,-13000,0.000980,-0.000283,-0.000198,0.000499,0x36
15.560,MODE_ID_3,-12507,-12004,-13002,-0.001486,-0.000990,-0.000554,-0.003030,0x36
15.570,MODE_ID_3,-12493,-12004,-12988,0.001291,-0.000906,0.002267,0.002652,0x36
15.580,MODE_ID_3,-12504,-11999,-13004,-0.000856,0.000002,-0.000809,-0.001663,0x36
15.590,MODE_ID_3,-12486,-11995,-12993,0.002684,0.000927,0.001278,0.004889,0x36
15.600,MODE_ID_3,-12510,-11995,-13000,-0.002161,0.000835,-0.000012,-0.001338,0x36
15.610,MODE_ID_3,-12511,-11995,-13009,-0.002350,0.000952,-0.001955,-0.003353,0x36
15.620,MODE_ID_3,-12503,-12002,-13014,-0.000790,-0.000485,-0.002865,-0.004140,0x36
15.630,MODE_ID_3,-12503,-11999,-13002,-0.000779,0.000042,-0.000568,-0.001305,0x36
15.639,MODE_ID_3,-12498,-12005,-12991,0.000316,-0.001102,0.001621,0.000835,0x36
15.650,MODE_ID_3,-12498,-12011,-13006,0.000249,-0.002289,-0.001399,-0.003439,0x36
15.660,MODE_ID_3,-12499,-12005,-13000,0.000191,-0.001025,-0.000010,-0.000844,0x36
15.670,MODE_ID_3,-12492,-11991,-13001,0.001520,0.001762,-0.000280,0.003002,0x36
15.680,MODE_ID_3,-12494,-11991,-12991,0.001034,0.001624,0.001736,0.004394,0x36
15.690,MODE_ID_3,-12499,-11987,-12996,0.000158,0.002477,0.000731,0.003366,0x36
15.700,MODE_ID_3,-12500,-12011,-13005,-0.000061,-0.002255,-0.001055,-0.003371,0x36
15.711,MODE_ID_3,-12487,-12004,-13011,0.002526,-0.000929,-0.002265,-0.000668,0x36
15.720,MODE_ID_3,-12488,-12004,-12994,0.002358,-0.000929,0.001064,0.002493,0x36
15.730,MODE_ID_3,-12506,-11993,-12998,-0.001203,0.001343,0.000355,0.000495,0x36
15.740,MODE_ID_3,-12504,-11999,-13007,-0.000977,0.000158,-0.001405,-0.002224,0x36
15.750,MODE_ID_3,-12496,-12005,-12999,0.000684,-0.001147,0.000110,-0.000353,0x36
15.761,MODE_ID_3,-12501,-12003,-12997,-0.000350,-0.000602,0.000490,-0.000462,0x36
15.770,MODE_ID_3,-12496,-11999,-12993,0.000713,0.000115,0.001372,0.002200,0x36
15.781,MODE_ID_3,-12498,-11994,-13011,0.000322,0.001096,-0.002257,-0.000839,0x36
15.790,MODE_ID_3,-12499,-12006,-13005,0.000149,-0.001384,-0.001001,-0.002236,0x36
15.800,MODE_ID_3,-12513,-11990,-13011,-0.002751,0.001801,-0.002317,-0.003267,0x36
15.810,MODE_ID_3,-12513,-12008,-13006,-0.002765,-0.001762,-0.001279,-0.005806,0x36
15.825,MODE_ID_3,-12490,-11998,-13003,0.001847,0.000320,-0.000642,0.001525,0x36
15.830,MODE_ID_3,-12486,-11990,-12985,0.002747,0.001808,0.002922,0.007477,0x36
15.840,MODE_ID_3,-12502,-12010,-12992,-0.000429,-0.002195,0.001587,-0.001037,0x36
15.850,MODE_ID_3,-12509,-12005,-12993,-0.001829,-0.001098,0.001231,-0.001696,0x36
15.860,MODE_ID_3,-12498,-12007,-13003,0.000374,-0.001544,-0.000634,-0.001804,0x36
15.870,MODE_ID_3,-12496,-12000,-13010,0.000788,-0.000116,-0.002172,-0.001500,0x36
15.880,MODE_ID_3,-12499,-11992,-12985,0.000087,0.001574,0.002877,0.004538,0x36
15.890,MODE_ID_3,-12502,-11998,-12990,-0.000574,0.000371,0.001921,0.001718,0x36
15.900,MODE_ID_3,-12486,-12005,-12990,0.002626,-0.001185,0.001926,0.003367,0x36
15.910,MODE_ID_3,-12493,-12000,-13001,0.001296,-0.000044,-0.000342,0.000910,0x36
15.920,MODE_ID_3,-12501,-12013,-13009,-0.000373,-0.002785,-0.001859,-0.005017,0x36
15.930,MODE_ID_3,-12501,-11991,-12998,-0.000345,0.001703,0.000398,0.001756,0x36
15.940,MODE_ID_3,-12496,-12006,-12989,0.000759,-0.001263,0.002152,0.001648,0x36
15.950,MODE_ID_3,-12504,-12006,-12996,-0.000865,-0.001365,0.000611,-0.001619,0x36
15.960,MODE_ID_3,-12497,-12004,-13005,0.000474,-0.000895,-0.001019,-0.001440,0x36
15.970,MODE_ID_3,-12502,-11989,-13011,-0.000528,0.002016,-0.002214,-0.000726,0x36
15.980,MODE_ID_3,-12512,-12002,-12992,-0.002498,-0.000464,0.001450,-0.001512,0x36
15.990,MODE_ID_3,-12493,-11990,-13010,0.001308,0.001811,-0.002165,0.000954,0x36
16.000,MODE_ID_3,-12496,-11992,-13004,0.000608,0.001535,-0.000913,0.001230,0x36
16.010,MODE_ID_3,-12506,-12010,-12985,-0.001225,-0.002140,0.002833,-0.000532,0x36
16.020,MODE_ID_3,-12485,-11985,-12999,0.002869,0.002955,0.000009,0.005833,0x36
16.030,MODE_ID_3,-12494,-11994,-12985,0.001058,0.001085,0.002918,0.005061,0x36
16.040,MODE_ID_3,-12499,-12006,-12991,0.000125,-0.001307,0.001692,0.000510,0x36
16.050,MODE_ID_3,-12495,-12014,-13002,0.000844,-0.002865,-0.000464,-0.002485,0x36
16.060,MODE_ID_3,-12488,-12005,-13006,0.002277,-0.001137,-0.001384,-0.000244,0x36
16.070,MODE_ID_3,-12510,-11987,-12995,-0.002160,0.002566,0.000935,0.001341,0x36
16.080,MODE_ID_3,-12501,-12012,-13001,-0.000374,-0.002419,-0.000286,-0.003079,0x36
16.090,MODE_ID_3,-12498,-12008,-13007,0.000252,-0.001700,-0.001529,-0.002977,0x36
16.100,MODE_ID_3,-12494,-12004,-13005,0.001154,-0.000942,-0.001004,-0.000792,0x36
16.110,MODE_ID_3,-12507,-12000,-13001,-0.001453,-0.000013,-0.000302,-0.001768,0x36
16.120,MODE_ID_3,-12513,-12005,-12994,-0.002751,-0.001083,0.001159,-0.002675,0x36
16.130,MODE_ID_3,-12510,-11987,-13013,-0.002081,0.002419,-0.002752,-0.002414,0x36
16.140,MODE_ID_3,-12513,-12003,-13011,-0.002661,-0.000680,-0.002259,-0.005600,0x36
16.150,MODE_ID_3,-12496,-11994,-12993,0.000799,0.001169,0.001331,0.003299,0x36
16.162,MODE_ID_3,-12493,-12009,-13010,0.001260,-0.001802,-0.002166,-0.002708,0x36
16.170,MODE_ID_3,-12497,-12011,-13014,0.000557,-0.002253,-0.002832,-0.004528,0x36
16.181,MODE_ID_3,-12489,-11991,-12989,0.002100,0.001767,0.002149,0.006016,0x36
16.191,MODE_ID_3,-12498,-11986,-13006,0.000330,0.002720,-0.001360,0.001690,0x36
16.200,MODE_ID_3,-12509,-11997,-12990,-0.001871,0.000514,0.001985,0.000628,0x36
16.210,MODE_ID_3,-12501,-11996,-13001,-0.000308,0.000797,-0.000361,0.000128,0x36
16.220,MODE_ID_3,-12494,-11988,-12985,0.001005,0.002201,0.002938,0.006144,0x36
16.230,MODE_ID_3,-12491,-12013,-13009,0.001673,-0.002629,-0.001815,-0.002771,0x36
16.240,MODE_ID_3,-12490,-11986,-13010,0.001989,0.002701,-0.002084,0.002606,0x36
16.250,MODE_ID_3,-12492,-11994,-12986,0.001562,0.001045,0.002759,0.005366,0x36
16.260,MODE_ID_3,-12510,-12013,-12997,-0.002133,-0.002767,0.000522,-0.004378,0x36
16.270,MODE_ID_3,-12504,-11986,-13012,-0.000878,0.002788,-0.002433,-0.000523,0x36
16.280,MODE_ID_3,-12504,-12007,-12991,-0.000963,-0.001566,0.001668,-0.000861,0x36
16.290,MODE_ID_3,-12509,-12005,-12989,-0.001937,-0.001009,0.002115,-0.000831,0x36
16.300,MODE_ID_3,-12502,-11991,-12989,-0.000596,0.001651,0.002047,0.003102,0x36
16.310,MODE_ID_3,-12509,-11997,-13003,-0.001936,0.000508,-0.000661,-0.002089,0x36
16.320,MODE_ID_3,-12505,-11999,-12989,-0.001081,0.000162,0.002002,0.001083,0x36
16.330,MODE_ID_3,-12502,-12012,-13009,-0.000457,-0.002426,-0.001878,-0.004761,0x36
16.339,MODE_ID_3,-12514,-11990,-12997,-0.002950,0.001840,0.000542,-0.000568,0x36
16.350,MODE_ID_3,-12487,-11996,-13008,0.002594,0.000633,-0.001790,0.001437,0x36
16.360,MODE_ID_3,-12485,-12000,-13009,0.002858,-0.000047,-0.001853,0.000958,0x36
16.370,MODE_ID_3,-12496,-12009,-13000,0.000687,-0.001965,-0.000136,-0.001414,0x36
16.380,MODE_ID_3,-12486,-12003,-12994,0.002658,-0.000687,0.001045,0.003016,0x36
16.390,MODE_ID_3,-12508,-12008,-12993,-0.001715,-0.001662,0.001265,-0.002112,0x36
16.400,MODE_ID_3,-12495,-11995,-12987,0.000872,0.000870,0.002405,0.004147,0x36
16.411,MODE_ID_3,-12505,-12008,-12993,-0.001090,-0.001651,0.001339,-0.001402,0x36
16.420,MODE_ID_3,-12504,-11998,-13011,-0.000847,0.000239,-0.002266,-0.002874,0x36
16.430,MODE_ID_3,-12498,-11991,-12996,0.000355,0.001698,0.000652,0.002705,0x36
16.440,MODE_ID_3,-12514,-12004,-12997,-0.002926,-0.000962,0.000578,-0.003310,0x36
16.450,MODE_ID_3,-12508,-11989,-13001,-0.001626,0.002028,-0.000336,0.000066,0x36
16.460,MODE_ID_3,-12514,-12001,-13007,-0.002835,-0.000365,-0.001569,-0.004769,0x36
16.470,MODE_ID_3,-12499,-12013,-13000,0.000072,-0.002785,-0.000010,-0.002723,0x36
16.483,MODE_ID_3,-12513,-11990,-13009,-0.002731,0.001871,-0.001950,-0.002810,0x36
16.490,MODE_ID_3,-12514,-11992,-12997,-0.002937,0.001565,0.000577,-0.000795,0x36
16.500,MODE_ID_3,-12485,-12004,-13009,0.002837,-0.000935,-0.001800,0.000102,0x36
16.510,MODE_ID_3,-12508,-11999,-13010,-0.001602,0.000184,-0.002116,-0.003534,0x36
16.520,MODE_ID_3,-12512,-11998,-13005,-0.002526,0.000399,-0.001150,-0.003277,0x36
16.530,MODE_ID_3,-12505,-11988,-12994,-0.001034,0.002344,0.001060,0.002370,0x36
16.541,MODE_ID_3,-12501,-11994,-13006,-0.000386,0.001076,-0.001345,-0.000655,0x36
16.550,MODE_ID_3,-12504,-11985,-13001,-0.000850,0.002864,-0.000324,0.001690,0x36
16.560,MODE_ID_3,-12509,-11986,-13004,-0.001869,0.002706,-0.000801,0.000036,0x36
16.570,MODE_ID_3,-12513,-12003,-12992,-0.002779,-0.000719,0.001510,-0.001988,0x36
16.580,MODE_ID_3,-12490,-12000,-12999,0.001988,-0.000129,0.000123,0.001982,0x36
16.590,MODE_ID_3,-12508,-12001,-12999,-0.001785,-0.000260,0.000073,-0.001972,0x36
16.600,MODE_ID_3,-12491,-12003,-12988,0.001671,-0.000767,0.002251,0.003155,0x36
16.610,MODE_ID_3,-12508,-12008,-13002,-0.001740,-0.001624,-0.000495,-0.003859,0x36
16.620,MODE_ID_3,-12510,-11988,-12998,-0.002193,0.002382,0.000361,0.000550,0x36
16.630,MODE_ID_3,-12499,-11998,-13006,0.000024,0.000320,-0.001221,-0.000877,0x36
16.640,MODE_ID_3,-12505,-11997,-13010,-0.001037,0.000511,-0.002007,-0.002533,0x36
16.651,MODE_ID_3,-12489,-11996,-12989,0.002143,0.000777,0.002008,0.004928,0x36
16.660,MODE_ID_3,-12507,-12013,-13007,-0.001415,-0.002703,-0.001418,-0.005536,0x36
16.670,MODE_ID_3,-12497,-12000,-12985,0.000404,-0.000133,0.002860,0.003131,0x36
16.680,MODE_ID_3,-12497,-11989,-13011,0.000509,0.002135,-0.002357,0.000287,0x36
16.691,MODE_ID_3,-12506,-12000,-12999,-0.001386,-0.000123,0.000086,-0.001423,0x36
16.700,MODE_ID_3,-12501,-11994,-12988,-0.000247,0.001027,0.002259,0.003039,0x36
16.710,MODE_ID_3,-12495,-12009,-12993,0.000928,-0.001946,0.001279,0.000261,0x36
16.720,MODE_ID_3,-12496,-12001,-13013,0.000632,-0.000262,-0.002725,-0.002355,0x36
16.730,MODE_ID_3,-12486,-12007,-12995,0.002767,-0.001572,0.000986,0.002181,0x36
16.740,MODE_ID_3,-12505,-12003,-12989,-0.001161,-0.000723,0.002150,0.000266,0x36
16.750,MODE_ID_3,-12502,-12009,-13003,-0.000445,-0.001947,-0.000779,-0.003171,0x36
16.760,MODE_ID_3,-12497,-11985,-13007,0.000543,0.002801,-0.001471,0.001873,0x36
16.770,MODE_ID_3,-12492,-11993,-12991,0.001598,0.001331,0.001741,0.004670,0x36
16.780,MODE_ID_3,-12505,-11996,-12992,-0.001095,0.000711,0.001441,0.001057,0x36
16.790,MODE_ID_3,-12504,-11996,-13006,-0.000985,0.000761,-0.001232,-0.001456,0x36
16.802,MODE_ID_3,-12512,-12012,-13007,-0.002465,-0.002523,-0.001526,-0.006514,0x36
16.810,MODE_ID_3,-12499,-11992,-13000,0.000056,0.001541,-0.000136,0.001461,0x36
16.820,MODE_ID_3,-12498,-12012,-13008,0.000234,-0.002491,-0.001763,-0.004020,0x36
16.830,MODE_ID_3,-12496,-12006,-13006,0.000800,-0.001301,-0.001293,-0.001794,0x36
16.840,MODE_ID_3,-12513,-11986,-13003,-0.002651,0.002605,-0.000669,-0.000715,0x36
16.850,MODE_ID_3,-12511,-11990,-12997,-0.002371,0.001815,0.000587,0.000031,0x36
16.860,MODE_ID_3,-12503,-12007,-12992,-0.000778,-0.001434,0.001489,-0.000723,0x36
16.870,MODE_ID_3,-12506,-11993,-13003,-0.001364,0.001282,-0.000638,-0.000720,0x36
16.880,MODE_ID_3,-12501,-11991,-13009,-0.000298,0.001787,-0.001865,-0.000376,0x36
16.890,MODE_ID_3,-12506,-12000,-12989,-0.001282,-0.000151,0.002145,0.000712,0x36
16.900,MODE_ID_3,-12495,-12002,-12985,0.000921,-0.000498,0.002918,0.003341,0x36
16.910,MODE_ID_3,-12489,-11989,-12993,0.002074,0.002100,0.001360,0.005534,0x36
16.920,MODE_ID_3,-12501,-12004,-13003,-0.000269,-0.000859,-0.000664,-0.001792,0x36
16.930,MODE_ID_3,-12491,-11996,-12998,0.001729,0.000603,0.000313,0.002645,0x36
16.940,MODE_ID_3,-12488,-11989,-12999,0.002340,0.002198,0.000100,0.004638,0x36
16.950,MODE_ID_3,-12491,-12007,-12997,0.001640,-0.001515,0.000576,0.000701,0x36
16.960,MODE_ID_3,-12498,-11998,-13013,0.000381,0.000336,-0.002731,-0.002014,0x36
16.970,MODE_ID_3,-12500,-12013,-12990,-0.000126,-0.002649,0.001840,-0.000935,0x36
16.980,MODE_ID_3,-12497,-11986,-13013,0.000437,0.002709,-0.002648,0.000498,0x36
16.990,MODE_ID_3,-12503,-11986,-13006,-0.000712,0.002709,-0.001396,0.000601,0x36
17.000,MODE_ID_3,-12510,-11986,-12994,-0.002024,0.002624,0.001155,0.001755,0x36
17.010,MODE_ID_3,-12487,-12013,-13005,0.002572,-0.002719,-0.001173,-0.001320,0x36
17.020,MODE_ID_3,-12485,-11996,-12989,0.002896,0.000645,0.002062,0.005603,0x36
17.030,MODE_ID_3,-12487,-11996,-12985,0.002496,0.000799,0.002804,0.006099,0x36
17.040,MODE_ID_3,-12507,-12010,-13002,-0.001491,-0.002194,-0.000414,-0.004099,0x36
17.050,MODE_ID_3,-12501,-12007,-13001,-0.000384,-0.001500,-0.000297,-0.002181,0x36
17.060,MODE_ID_3,-12506,-11992,-12987,-0.001329,0.001534,0.002592,0.002797,0x36
17.070,MODE_ID_3,-12491,-11987,-12987,0.001668,0.002486,0.002567,0.006721,0x36
17.080,MODE_ID_3,-12506,-12007,-12987,-0.001326,-0.001549,0.002416,-0.000459,0x36
17.090,MODE_ID_3,-12489,-11987,-13010,0.002141,0.002473,-0.002087,0.002527,0x36
17.100,MODE_ID_3,-12500,-11993,-13006,-0.000089,0.001313,-0.001325,-0.000101,0x36
17.110,MODE_ID_3,-12508,-11992,-13010,-0.001673,0.001452,-0.002066,-0.002287,0x36
17.121,MODE_ID_3,-12499,-11991,-12991,0.000120,0.001664,0.001705,0.003489,0x36
17.130,MODE_ID_3,-12488,-12007,-13013,0.002346,-0.001427,-0.002758,-0.001839,0x36
17.140,MODE_ID_3,-12500,-11999,-13004,-0.000104,0.000102,-0.000898,-0.000900,0x36
17.150,MODE_ID_3,-12502,-11994,-13004,-0.000587,0.001164,-0.000911,-0.000334,0x36
17.160,MODE_ID_3,-12486,-12012,-12988,0.002627,-0.002432,0.002395,0.002590,0x36
17.170,MODE_ID_3,-12503,-12000,-13013,-0.000785,-0.000149,-0.002767,-0.003701,0x36
17.180,MODE_ID_3,-12496,-12008,-13002,0.000797,-0.001678,-0.000420,-0.001301,0x36
17.190,MODE_ID_3,-12500,-11991,-13005,-0.000067,0.001760,-0.001075,0.000618,0x36
17.201,MODE_ID_3,-12490,-12008,-12987,0.001985,-0.001746,0.002522,0.002761,0x36
17.210,MODE_ID_3,-12514,-11995,-13002,-0.002969,0.000893,-0.000521,-0.002597,0x36
17.221,MODE_ID_3,-12486,-11991,-13005,0.002770,0.001676,-0.001046,0.003400,0x36
17.230,MODE_ID_3,-12498,-12003,-13004,0.000218,-0.000686,-0.000849,-0.001317,0x36
17.240,MODE_ID_3,-12506,-11992,-13003,-0.001260,0.001437,-0.000780,-0.000603,0x36
17.250,MODE_ID_3,-12496,-12007,-12992,0.000642,-0.001575,0.001422,0.000489,0x36
17.260,MODE_ID_3,-12494,-11987,-12987,0.001017,0.002501,0.002472,0.005990,0x36
17.270,MODE_ID_3,-12487,-11985,-12991,0.002587,0.002830,0.001615,0.007032,0x36
17.280,MODE_ID_3,-12497,-12002,-12985,0.000493,-0.000595,0.002956,0.002854,0x36
17.290,MODE_ID_3,-12492,-12004,-12998,0.001499,-0.000973,0.000239,0.000765,0x36
17.300,MODE_ID_3,-12509,-11985,-13013,-0.001996,0.002856,-0.002656,-0.001796,0x36
17.310,MODE_ID_3,-12496,-11985,-12995,0.000616,0.002903,0.000877,0.004396,0x36
17.320,MODE_ID_3,-12496,-11998,-12993,0.000632,0.000247,0.001292,0.002171,0x36
17.330,MODE_ID_3,-12509,-11995,-12991,-0.001885,0.000944,0.001676,0.000735,0x36
17.340,MODE_ID_3,-12486,-12002,-12999,0.002732,-0.000487,0.000146,0.002391,0x36
17.350,MODE_ID_3,-12487,-12012,-12999,0.002462,-0.002442,0.000192,0.000212,0x36
17.360,MODE_ID_3,-12507,-11993,-12985,-0.001406,0.001335,0.002822,0.002751,0x36
17.370,MODE_ID_3,-12495,-11990,-13013,0.000995,0.001947,-0.002659,0.000283,0x36
17.380,MODE_ID_3,-12503,-12000,-12995,-0.000710,-0.000010,0.000906,0.000186,0x36
17.390,MODE_ID_3,-12497,-12000,-12989,0.000589,-0.000105,0.002168,0.002652,0x36
17.400,MODE_ID_3,-12486,-11986,-13002,0.002771,0.002635,-0.000560,0.004846,0x36
17.410,MODE_ID_3,-12492,-12009,-13012,0.001484,-0.001825,-0.002486,-0.002827,0x36
17.420,MODE_ID_3,-12490,-11995,-12988,0.001882,0.000813,0.002203,0.004898,0x36
17.430,MODE_ID_3,-12512,-12001,-12997,-0.002471,-0.000385,0.000458,-0.002398,0x36
17.440,MODE_ID_3,-12487,-11987,-13010,0.002482,0.002423,-0.002054,0.002851,0x36
17.450,MODE_ID_3,-12486,-12008,-12992,0.002633,-0.001734,0.001527,0.002426,0x36
17.460,MODE_ID_3,-12507,-11991,-12994,-0.001440,0.001725,0.001158,0.001443,0x36
17.470,MODE_ID_3,-12508,-11997,-13005,-0.001687,0.000443,-0.001159,-0.002403,0x36
17.480,MODE_ID_3,-12511,-11995,-12994,-0.002314,0.000877,0.001133,-0.000304,0x36
17.490,MODE_ID_3,-12508,-11992,-12990,-0.001611,0.001413,0.001924,0.001726,0x36
17.500,MODE_ID_3,-12506,-11993,-13003,-0.001221,0.001330,-0.000721,-0.000612,0x36
17.510,MODE_ID_3,-12507,-11993,-13007,-0.001473,0.001249,-0.001472,-0.001696,0x36
17.521,MODE_ID_3,-12511,-11997,-12985,-0.002200,0.000575,0.002937,0.001312,0x36
17.531,MODE_ID_3,-12498,-11991,-12992,0.000222,0.001614,0.001572,0.003408,0x36
17.540,MODE_ID_3,-12488,-12009,-13012,0.002233,-0.001954,-0.002592,-0.002313,0x36
17.550,MODE_ID_3,-12502,-11995,-13012,-0.000559,0.000911,-0.002488,-0.002136,0x36
17.560,MODE_ID_3,-12507,-11987,-12999,-0.001400,0.002561,0.000123,0.001284,0x36
17.570,MODE_ID_3,-12496,-12010,-13001,0.000725,-0.002192,-0.000311,-0.001778,0x36
17.580,MODE_ID_3,-12491,-12010,-13014,0.001778,-0.002019,-0.002957,-0.003198,0x36
17.590,MODE_ID_3,-12491,-12009,-12988,0.001612,-0.001880,0.002347,0.002079,0x36
17.600,MODE_ID_3,-12492,-11992,-12998,0.001425,0.001560,0.000378,0.003363,0x36
17.610,MODE_ID_3,-12500,-11994,-13002,-0.000154,0.001138,-0.000467,0.000517,0x36
17.620,MODE_ID_3,-12487,-12012,-12995,0.002439,-0.002431,0.000988,0.000996,0x36
17.630,MODE_ID_3,-12500,-12001,-12990,-0.000093,-0.000331,0.001845,0.001421,0x36
17.640,MODE_ID_3,-12495,-12002,-12997,0.000912,-0.000521,0.000419,0.000810,0x36
17.650,MODE_ID_3,-12504,-11986,-13005,-0.000847,0.002792,-0.001057,0.000888,0x36
17.660,MODE_ID_3,-12498,-12000,-12990,0.000326,-0.000162,0.001977,0.002141,0x36
17.670,MODE_ID_3,-12493,-12000,-12997,0.001242,-0.000106,0.000477,0.001613,0x36
17.680,MODE_ID_3,-12499,-12004,-12998,0.000079,-0.000824,0.000312,-0.000433,0x36
17.690,MODE_ID_3,-12509,-11995,-12989,-0.001950,0.000826,0.002175,0.001051,0x36
17.700,MODE_ID_3,-12499,-11999,-12995,0.000006,0.000033,0.000835,0.000874,0x36
17.710,MODE_ID_3,-12506,-11990,-12993,-0.001367,0.001960,0.001398,0.001991,0x36
17.720,MODE_ID_3,-12485,-12001,-12986,0.002894,-0.000210,0.002748,0.005432,0x36
17.730,MODE_ID_3,-12490,-11995,-12988,0.001996,0.000866,0.002295,0.005157,0x36
17.740,MODE_ID_3,-12509,-12007,-12997,-0.001980,-0.001450,0.000469,-0.002961,0x36
17.752,MODE_ID_3,-12498,-11986,-12990,0.000246,0.002634,0.001925,0.004805,0x36
17.760,MODE_ID_3,-12506,-12012,-13005,-0.001394,-0.002589,-0.001078,-0.005061,0x36
17.769,MODE_ID_3,-12500,-11986,-12996,-0.000163,0.002637,0.000710,0.003184,0x36
17.780,MODE_ID_3,-12511,-11997,-12988,-0.002396,0.000434,0.002296,0.000334,0x36
17.790,MODE_ID_3,-12509,-12004,-12986,-0.001800,-0.000926,0.002754,0.000028,0x36
17.800,MODE_ID_3,-12489,-12002,-12998,0.002197,-0.000539,0.000218,0.001876,0x36
17.810,MODE_ID_3,-12490,-12013,-12985,0.001886,-0.002678,0.002808,0.002016,0x36
17.820,MODE_ID_3,-12514,-11993,-12999,-0.002907,0.001243,0.000009,-0.001655,0x36
17.830,MODE_ID_3,-12510,-11989,-13014,-0.002170,0.002146,-0.002854,-0.002878,0x36
17.840,MODE_ID_3,-12510,-12003,-12995,-0.002162,-0.000689,0.000983,-0.001868,0x36
17.849,MODE_ID_3,-12502,-12005,-13007,-0.000429,-0.001095,-0.001452,-0.002976,0x36
17.860,MODE_ID_3,-12510,-12008,-13002,-0.002007,-0.001640,-0.000503,-0.004150,0x36
17.869,MODE_ID_3,-12492,-11985,-13005,0.001435,0.002849,-0.001017,0.003267,0x36
17.880,MODE_ID_3,-12501,-12000,-12995,-0.000312,-0.000179,0.000854,0.000363,0x36
17.890,MODE_ID_3,-12498,-12004,-12999,0.000230,-0.000836,0.000011,-0.000595,0x36
17.900,MODE_ID_3,-12504,-12008,-12986,-0.000870,-0.001692,0.002655,0.000093,0x36
17.910,MODE_ID_3,-12491,-12014,-13008,0.001783,-0.002976,-0.001668,-0.002861,0x36
17.920,MODE_ID_3,-12492,-11997,-12989,0.001456,0.000416,0.002037,0.003909,0x36
17.930,MODE_ID_3,-12511,-11987,-13008,-0.002319,0.002414,-0.001696,-0.001601,0x36
17.940,MODE_ID_3,-12503,-11988,-13002,-0.000705,0.002361,-0.000502,0.001154,0x36
17.950,MODE_ID_3,-12503,-12005,-13013,-0.000739,-0.001138,-0.002724,-0.004601,0x36
17.961,MODE_ID_3,-12486,-11993,-12994,0.002714,0.001384,0.001163,0.005261,0x36
17.970,MODE_ID_3,-12505,-12010,-12994,-0.001123,-0.002089,0.001173,-0.002039,0x36
17.980,MODE_ID_3,-12486,-12006,-13014,0.002631,-0.001330,-0.002870,-0.001569,0x36
17.990,MODE_ID_3,-12490,-11995,-13008,0.001856,0.000833,-0.001732,0.000957,0x36
18.000,MODE_ID_3,-12493,-12011,-13001,0.001287,-0.002216,-0.000396,-0.001325,0x36
18.010,MODE_ID_3,-12496,-12013,-12997,0.000799,-0.002664,0.000538,-0.001327,0x36
18.020,MODE_ID_3,-12503,-12004,-12999,-0.000774,-0.000964,0.000119,-0.001619,0x36
18.030,MODE_ID_3,-12489,-12009,-12993,0.002191,-0.001990,0.001341,0.001542,0x36
18.040,MODE_ID_3,-12510,-12005,-12992,-0.002083,-0.001199,0.001511,-0.001771,0x36
18.050,MODE_ID_3,-12488,-12009,-12994,0.002361,-0.001873,0.001187,0.001675,0x36
18.060,MODE_ID_3,-12497,-12012,-12993,0.000536,-0.002449,0.001329,-0.000584,0x36
18.070,MODE_ID_3,-12493,-11992,-13014,0.001222,0.001404,-0.002833,-0.000207,0x36
18.080,MODE_ID_3,-12506,-12007,-13000,-0.001392,-0.001482,-0.000018,-0.002892,0x36
18.090,MODE_ID_3,-12504,-12006,-13012,-0.000845,-0.001344,-0.002435,-0.004624,0x36
18.100,MODE_ID_3,-12514,-12009,-12992,-0.002951,-0.001960,0.001423,-0.003488,0x36
18.110,MODE_ID_3,-12504,-12009,-13005,-0.000828,-0.001944,-0.001110,-0.003882,0x36
18.120,MODE_ID_3,-12509,-11996,-12996,-0.001978,0.000747,0.000668,-0.000563,0x36
18.130,MODE_ID_3,-12505,-11997,-13014,-0.001128,0.000574,-0.002972,-0.003526,0x36
18.139,MODE_ID_3,-12493,-12002,-12997,0.001382,-0.000514,0.000587,0.001455,0x36
18.150,MODE_ID_3,-12500,-11995,-13004,-0.000101,0.000960,-0.000968,-0.000109,0x36
18.160,MODE_ID_3,-12495,-11999,-13010,0.000806,0.000163,-0.002181,-0.001212,0x36
18.170,MODE_ID_3,-12511,-11999,-13006,-0.002242,0.000023,-0.001396,-0.003615,0x36
18.180,MODE_ID_3,-12508,-11996,-12997,-0.001643,0.000653,0.000577,-0.000413,0x36
18.190,MODE_ID_3,-12510,-11988,-13009,-0.002163,0.002317,-0.001886,-0.001732,0x36
18.200,MODE_ID_3,-12501,-11988,-13000,-0.000216,0.002346,-0.000164,0.001966,0x36
18.210,MODE_ID_3,-12504,-11990,-12987,-0.000973,0.001862,0.002591,0.003480,0x36
18.220,MODE_ID_3,-12501,-11986,-12997,-0.000256,0.002660,0.000422,0.002826,0x36
18.230,MODE_ID_3,-12486,-11998,-12985,0.002733,0.000298,0.002814,0.005845,0x36
18.240,MODE_ID_3,-12511,-11991,-12995,-0.002349,0.001759,0.000873,0.000283,0x36
18.250,MODE_ID_3,-12501,-11990,-13008,-0.000386,0.001889,-0.001703,-0.000200,0x36
18.260,MODE_ID_3,-12510,-12006,-12999,-0.002190,-0.001238,0.000198,-0.003230,0x36
18.270,MODE_ID_3,-12504,-12013,-13014,-0.000911,-0.002753,-0.002971,-0.006635,0x36
18.280,MODE_ID_3,-12505,-12014,-13008,-0.001116,-0.002960,-0.001683,-0.005759,0x36
18.290,MODE_ID_3,-12502,-11987,-13012,-0.000405,0.002439,-0.002423,-0.000389,0x36
18.300,MODE_ID_3,-12502,-12012,-13008,-0.000445,-0.002596,-0.001652,-0.004693,0x36
18.310,MODE_ID_3,-12489,-11985,-12991,0.002017,0.002844,0.001673,0.006534,0x36
18.320,MODE_ID_3,-12501,-12000,-12987,-0.000251,-0.000195,0.002430,0.001984,0x36
18.330,MODE_ID_3,-12503,-12013,-12990,-0.000732,-0.002784,0.001823,-0.001693,0x36
18.340,MODE_ID_3,-12487,-12003,-12988,0.002551,-0.000610,0.002330,0.004271,0x36
18.350,MODE_ID_3,-12492,-11991,-13012,0.001548,0.001630,-0.002557,0.000621,0x36
18.361,MODE_ID_3,-12508,-12014,-12990,-0.001799,-0.002985,0.001837,-0.002947,0x36
18.369,MODE_ID_3,-12505,-12003,-13004,-0.001143,-0.000703,-0.000986,-0.002832,0x36
18.380,MODE_ID_3,-12499,-12013,-12996,0.000006,-0.002759,0.000605,-0.002148,0x36
18.390,MODE_ID_3,-12497,-12008,-12996,0.000580,-0.001759,0.000780,-0.000399,0x36
18.400,MODE_ID_3,-12495,-11998,-12989,0.000947,0.000306,0.002125,0.003378,0x36
18.410,MODE_ID_3,-12496,-11993,-12989,0.000759,0.001311,0.002081,0.004151,0x36
18.420,MODE_ID_3,-12506,-12010,-13006,-0.001246,-0.002049,-0.001281,-0.004576,0x36
18.430,MODE_ID_3,-12499,-12009,-13002,0.000022,-0.001827,-0.000504,-0.002309,0x36
18.440,MODE_ID_3,-12512,-12000,-13012,-0.002419,-0.000091,-0.002467,-0.004977,0x36
18.450,MODE_ID_3,-12493,-12009,-13004,0.001400,-0.001944,-0.000955,-0.001499,0x36
18.460,MODE_ID_3,-12500,-12002,-13009,-0.000142,-0.000595,-0.001985,-0.002722,0x36
18.471,MODE_ID_3,-12490,-12004,-13002,0.001884,-0.000958,-0.000479,0.000447,0x36
18.482,MODE_ID_3,-12512,-12010,-13004,-0.002431,-0.002022,-0.000882,-0.005335,0x36
18.490,MODE_ID_3,-12513,-11995,-13009,-0.002761,0.000814,-0.001904,-0.003851,0x36
18.500,MODE_ID_3,-12492,-12002,-12994,0.001433,-0.000414,0.001110,0.002129,0x36
18.510,MODE_ID_3,-12501,-11990,-12999,-0.000319,0.001845,0.000068,0.001594,0x36
18.520,MODE_ID_3,-12496,-12012,-12994,0.000673,-0.002507,0.001054,-0.000780,0x36
18.530,MODE_ID_3,-12502,-12009,-13006,-0.000498,-0.001993,-0.001218,-0.003709,0x36
18.540,MODE_ID_3,-12503,-12008,-13009,-0.000696,-0.001760,-0.001997,-0.004453,0x36
18.550,MODE_ID_3,-12510,-12001,-12996,-0.002025,-0.000339,0.000606,-0.001758,0x36
18.560,MODE_ID_3,-12498,-12005,-13003,0.000344,-0.001187,-0.000669,-0.001512,0x36
18.570,MODE_ID_3,-12490,-12004,-12995,0.001951,-0.000974,0.000848,0.001825,0x36
18.580,MODE_ID_3,-12514,-11988,-13004,-0.002865,0.002352,-0.000890,-0.001403,0x36
18.590,MODE_ID_3,-12504,-12002,-13001,-0.000892,-0.000584,-0.000397,-0.001873,0x36
18.600,MODE_ID_3,-12488,-12007,-12992,0.002218,-0.001548,0.001451,0.002121,0x36
18.610,MODE_ID_3,-12498,-11990,-12990,0.000287,0.001997,0.001812,0.004096,0x36
18.620,MODE_ID_3,-12490,-12011,-12988,0.001851,-0.002276,0.002225,0.001800,0x36
18.630,MODE_ID_3,-12492,-11985,-13001,0.001467,0.002818,-0.000257,0.004028,0x36
18.640,MODE_ID_3,-12511,-12003,-13004,-0.002381,-0.000698,-0.000874,-0.003953,0x36
18.650,MODE_ID_3,-12507,-11994,-13009,-0.001586,0.001183,-0.001885,-0.002288,0x36
18.660,MODE_ID_3,-12489,-12013,-13007,0.002181,-0.002685,-0.001413,-0.001917,0x36
18.670,MODE_ID_3,-12498,-12003,-13010,0.000308,-0.000751,-0.002173,-0.002616,0x36
18.680,MODE_ID_3,-12506,-11997,-13000,-0.001227,0.000438,-0.000074,-0.000863,0x36
18.690,MODE_ID_3,-12500,-11994,-12991,-0.000145,0.001193,0.001637,0.002685,0x36
18.703,MODE_ID_3,-12485,-11992,-13001,0.002897,0.001426,-0.000311,0.004012,0x36
18.711,MODE_ID_3,-12505,-12004,-13013,-0.001105,-0.000873,-0.002798,-0.004776,0x36
18.720,MODE_ID_3,-12503,-12013,-12988,-0.000734,-0.002654,0.002358,-0.001030,0x36
18.730,MODE_ID_3,-12508,-12001,-13012,-0.001621,-0.000281,-0.002480,-0.004382,0x36
18.740,MODE_ID_3,-12485,-12005,-12995,0.002824,-0.001080,0.000971,0.002715,0x36
18.750,MODE_ID_3,-12485,-12003,-12997,0.002965,-0.000779,0.000534,0.002720,0x36
18.760,MODE_ID_3,-12505,-12008,-12986,-0.001177,-0.001719,0.002633,-0.000263,0x36
18.770,MODE_ID_3,-12505,-12000,-13003,-0.001035,-0.000076,-0.000693,-0.001804,0x36
18.781,MODE_ID_3,-12500,-12013,-13002,-0.000102,-0.002742,-0.000578,-0.003422,0x36
18.791,MODE_ID_3,-12513,-11998,-13013,-0.002709,0.000320,-0.002712,-0.005101,0x36
18.803,MODE_ID_3,-12514,-12000,-12986,-0.002845,-0.000145,0.002679,-0.000311,0x36
18.811,MODE_ID_3,-12486,-11989,-12997,0.002651,0.002127,0.000526,0.005304,0x36
18.820,MODE_ID_3,-12486,-12011,-12990,0.002605,-0.002275,0.001835,0.002165,0x36
18.830,MODE_ID_3,-12495,-11989,-12985,0.000819,0.002005,0.002971,0.005795,0x36
18.840,MODE_ID_3,-12494,-11988,-13009,0.001199,0.002327,-0.001875,0.001651,0x36
18.850,MODE_ID_3,-12493,-12003,-12995,0.001259,-0.000658,0.000938,0.001539,0x36
18.860,MODE_ID_3,-12488,-11986,-12996,0.002294,0.002636,0.000636,0.005566,0x36
18.870,MODE_ID_3,-12487,-12007,-12999,0.002515,-0.001487,0.000016,0.001044,0x36
18.880,MODE_ID_3,-12485,-12009,-13013,0.002910,-0.001942,-0.002654,-0.001686,0x36
18.890,MODE_ID_3,-12485,-12007,-12988,0.002907,-0.001555,0.002211,0.003563,0x36
18.900,MODE_ID_3,-12493,-12007,-13011,0.001308,-0.001556,-0.002273,-0.002521,0x36
18.910,MODE_ID_3,-12507,-11999,-13004,-0.001527,0.000176,-0.000981,-0.002332,0x36
18.920,MODE_ID_3,-12487,-12009,-12989,0.002580,-0.001986,0.002000,0.002594,0x36
18.930,MODE_ID_3,-12487,-11999,-12995,0.002570,0.000148,0.000869,0.003587,0x36
18.940,MODE_ID_3,-12509,-11993,-13007,-0.001992,0.001390,-0.001554,-0.002156,0x36
18.950,MODE_ID_3,-12508,-11991,-12998,-0.001713,0.001656,0.000270,0.000213,0x36
18.960,MODE_ID_3,-12503,-12012,-13013,-0.000645,-0.002527,-0.002782,-0.005954,0x36
18.970,MODE_ID_3,-12507,-11997,-12986,-0.001514,0.000548,0.002619,0.001653,0x36
18.980,MODE_ID_3,-12488,-12007,-12997,0.002332,-0.001519,0.000539,0.001352,0x36
18.990,MODE_ID_3,-12506,-11996,-13007,-0.001228,0.000610,-0.001588,-0.002206,0x36
19.000,MODE_ID_3,-12488,-12010,-13007,0.002382,-0.002114,-0.001592,-0.001324,0x36
19.010,MODE_ID_3,-12505,-11990,-13014,-0.001144,0.001863,-0.002833,-0.002114,0x36
19.020,MODE_ID_3,-12492,-11996,-13005,0.001450,0.000728,-0.001177,0.001001,0x36
19.030,MODE_ID_3,-12489,-12010,-12991,0.002016,-0.002115,0.001764,0.001665,0x36
19.040,MODE_ID_3,-12500,-12004,-13001,-0.000133,-0.000869,-0.000230,-0.001232,0x36
19.050,MODE_ID_3,-12504,-12003,-12999,-0.000960,-0.000717,0.000137,-0.001540,0x36
19.060,MODE_ID_3,-12503,-11995,-13006,-0.000623,0.000885,-0.001326,-0.001064,0x36
19.070,MODE_ID_3,-12493,-12005,-13000,0.001395,-0.001087,-0.000134,0.000174,0x36
19.082,MODE_ID_3,-12488,-11990,-13002,0.002293,0.001828,-0.000545,0.003576,0x36
19.090,MODE_ID_3,-12509,-11992,-13013,-0.001967,0.001463,-0.002776,-0.003280,0x36
19.100,MODE_ID_3,-12500,-11993,-12990,-0.000081,0.001249,0.001859,0.003027,0x36
19.110,MODE_ID_3,-12496,-12011,-13001,0.000784,-0.002343,-0.000394,-0.001953,0x36
19.120,MODE_ID_3,-12493,-11998,-12997,0.001395,0.000358,0.000489,0.002242,0x36
19.131,MODE_ID_3,-12493,-11987,-12997,0.001377,0.002424,0.000592,0.004393,0x36
19.140,MODE_ID_3,-12494,-11988,-13008,0.001067,0.002364,-0.001759,0.001672,0x36
19.150,MODE_ID_3,-12510,-11992,-13011,-0.002022,0.001576,-0.002334,-0.002780,0x36
19.160,MODE_ID_3,-12512,-12003,-12988,-0.002468,-0.000747,0.002231,-0.000984,0x36
19.170,MODE_ID_3,-12513,-12012,-12989,-0.002691,-0.002423,0.002107,-0.003007,0x36
19.181,MODE_ID_3,-12494,-11989,-13009,0.001116,0.002055,-0.001916,0.001255,0x36
19.190,MODE_ID_3,-12498,-12006,-13001,0.000361,-0.001346,-0.000305,-0.001290,0x36
19.200,MODE_ID_3,-12498,-11989,-12985,0.000385,0.002045,0.002834,0.005264,0x36
19.209,MODE_ID_3,-12504,-11985,-13011,-0.000935,0.002906,-0.002356,-0.000385,0x36
19.220,MODE_ID_3,-12501,-11996,-13005,-0.000322,0.000725,-0.001133,-0.000730,0x36
19.230,MODE_ID_3,-12509,-11996,-12989,-0.001959,0.000785,0.002058,0.000884,0x36
19.240,MODE_ID_3,-12514,-12009,-13005,-0.002921,-0.001861,-0.001107,-0.005889,0x36
19.250,MODE_ID_3,-12499,-11988,-13002,0.000144,0.002396,-0.000444,0.002096,0x36
19.260,MODE_ID_3,-12493,-12003,-12987,0.001319,-0.000670,0.002437,0.003086,0x36
19.270,MODE_ID_3,-12514,-12010,-13003,-0.002862,-0.002109,-0.000675,-0.005646,0x36
19.280,MODE_ID_3,-12496,-11994,-12987,0.000713,0.001011,0.002527,0.004251,0x36
19.290,MODE_ID_3,-12485,-12004,-12997,0.002819,-0.000889,0.000577,0.002507,0x36
19.300,MODE_ID_3,-12492,-12000,-13009,0.001438,-0.000031,-0.001949,-0.000542,0x36
19.310,MODE_ID_3,-12500,-12009,-13000,-0.000002,-0.001964,-0.000196,-0.002162,0x36
19.320,MODE_ID_3,-12507,-11992,-12986,-0.001531,0.001421,0.002656,0.002546,0x36
19.334,MODE_ID_3,-12501,-12008,-13012,-0.000272,-0.001669,-0.002540,-0.004481,0x36
19.340,MODE_ID_3,-12486,-11989,-12985,0.002740,0.002106,0.002821,0.007667,0x36
19.350,MODE_ID_3,-12514,-11985,-12987,-0.002913,0.002943,0.002425,0.002455,0x36
19.360,MODE_ID_3,-12507,-12008,-13006,-0.001492,-0.001635,-0.001353,-0.004480,0x36
19.370,MODE_ID_3,-12498,-12009,-13005,0.000302,-0.001904,-0.001000,-0.002602,0x36
19.380,MODE_ID_3,-12491,-11995,-12988,0.001633,0.000868,0.002385,0.004886,0x36
19.390,MODE_ID_3,-12507,-12012,-13000,-0.001498,-0.002414,-0.000197,-0.004109,0x36
19.400,MODE_ID_3,-12501,-11992,-12995,-0.000347,0.001591,0.000845,0.002089,0x36
19.410,MODE_ID_3,-12503,-12007,-12989,-0.000760,-0.001486,0.002010,-0.000236,0x36
19.420,MODE_ID_3,-12485,-11987,-13004,0.002816,0.002417,-0.000858,0.004375,0x36
19.430,MODE_ID_3,-12490,-11998,-13006,0.001809,0.000301,-0.001340,0.000770,0x36
19.440,MODE_ID_3,-12504,-11999,-12986,-0.000830,0.000122,0.002637,0.001929,0x36
19.450,MODE_ID_3,-12486,-12008,-13012,0.002618,-0.001663,-0.002411,-0.001456,0x36
19.461,MODE_ID_3,-12510,-11993,-13004,-0.002054,0.001293,-0.000843,-0.001604,0x36
19.470,MODE_ID_3,-12513,-11992,-12995,-0.002649,0.001557,0.000894,-0.000198,0x36
19.479,MODE_ID_3,-12509,-12014,-12997,-0.001920,-0.002936,0.000400,-0.004456,0x36
19.489,MODE_ID_3,-12489,-11998,-12995,0.002003,0.000231,0.000820,0.003054,0x36
19.500,MODE_ID_3,-12510,-12005,-13006,-0.002099,-0.001137,-0.001370,-0.004606,0x36
19.510,MODE_ID_3,-12510,-11999,-12988,-0.002032,0.000091,0.002333,0.000392,0x36
19.520,MODE_ID_3,-12505,-11987,-12988,-0.001120,0.002404,0.002266,0.003550,0x36
19.530,MODE_ID_3,-12499,-11996,-12993,0.000182,0.000784,0.001236,0.002202,0x36
19.540,MODE_ID_3,-12507,-12006,-12994,-0.001426,-0.001361,0.001062,-0.001725,0x36
19.550,MODE_ID_3,-12490,-12002,-12998,0.001823,-0.000598,0.000300,0.001525,0x36
19.560,MODE_ID_3,-12509,-11987,-13009,-0.001890,0.002576,-0.001837,-0.001151,0x36
19.570,MODE_ID_3,-12505,-11999,-12989,-0.001028,0.000176,0.002131,0.001279,0x36
19.580,MODE_ID_3,-12488,-11995,-12992,0.002299,0.000830,0.001449,0.004578,0x36
19.590,MODE_ID_3,-12506,-12007,-13000,-0.001279,-0.001440,-0.000128,-0.002847,0x36
19.600,MODE_ID_3,-12498,-12006,-13007,0.000307,-0.001220,-0.001480,-0.002393,0x36
19.610,MODE_ID_3,-12495,-12014,-12988,0.000998,-0.002936,0.002396,0.000458,0x36
19.620,MODE_ID_3,-12512,-12000,-13012,-0.002539,-0.000038,-0.002582,-0.005159,0x36
19.630,MODE_ID_3,-12498,-12006,-12988,0.000205,-0.001376,0.002393,0.001222,0x36
19.640,MODE_ID_3,-12507,-11995,-13014,-0.001468,0.000813,-0.002893,-0.003548,0x36
19.650,MODE_ID_3,-12485,-12013,-13010,0.002873,-0.002777,-0.002008,-0.001912,0x36
19.660,MODE_ID_3,-12506,-11996,-13014,-0.001239,0.000770,-0.002941,-0.003410,0x36
19.670,MODE_ID_3,-12493,-11989,-13004,0.001274,0.002047,-0.000910,0.002411,0x36
19.680,MODE_ID_3,-12493,-12010,-12985,0.001306,-0.002015,0.002940,0.002231,0x36
19.690,MODE_ID_3,-12493,-11990,-13001,0.001208,0.001875,-0.000383,0.002700,0x36
19.700,MODE_ID_3,-12498,-12001,-13008,0.000260,-0.000251,-0.001750,-0.001741,0x36
19.710,MODE_ID_3,-12503,-12001,-13011,-0.000633,-0.000395,-0.002397,-0.003425,0x36
19.720,MODE_ID_3,-12510,-12003,-12995,-0.002025,-0.000733,0.000875,-0.001883,0x36
19.730,MODE_ID_3,-12510,-12001,-13009,-0.002104,-0.000371,-0.001872,-0.004347,0x36
19.744,MODE_ID_3,-12500,-12013,-13002,-0.000135,-0.002668,-0.000506,-0.003309,0x36
19.750,MODE_ID_3,-12494,-11991,-12992,0.001056,0.001799,0.001507,0.004362,0x36
19.760,MODE_ID_3,-12500,-12011,-13014,-0.000192,-0.002326,-0.002861,-0.005379,0x36
19.770,MODE_ID_3,-12496,-11987,-13012,0.000716,0.002480,-0.002468,0.000728,0x36
19.780,MODE_ID_3,-12502,-11995,-13006,-0.000432,0.000886,-0.001269,-0.000815,0x36
19.790,MODE_ID_3,-12496,-11997,-12989,0.000684,0.000552,0.002096,0.003332,0x36
19.800,MODE_ID_3,-12489,-12004,-12990,0.002132,-0.000800,0.001863,0.003195,0x36
19.811,MODE_ID_3,-12492,-12012,-12987,0.001442,-0.002457,0.002425,0.001410,0x36
19.820,MODE_ID_3,-12491,-12008,-12993,0.001715,-0.001690,0.001227,0.001252,0x36
19.830,MODE_ID_3,-12507,-12007,-13010,-0.001575,-0.001436,-0.002159,-0.005170,0x36
19.840,MODE_ID_3,-12511,-12004,-13003,-0.002326,-0.000905,-0.000689,-0.003920,0x36
19.850,MODE_ID_3,-12496,-12002,-12990,0.000751,-0.000462,0.001986,0.002275,0x36
19.860,MODE_ID_3,-12506,-12001,-13012,-0.001317,-0.000246,-0.002436,-0.003999,0x36
19.870,MODE_ID_3,-12510,-11998,-12996,-0.002038,0.000324,0.000799,-0.000915,0x36
19.880,MODE_ID_3,-12496,-11994,-12993,0.000688,0.001091,0.001341,0.003120,0x36
19.890,MODE_ID_3,-12493,-12007,-12992,0.001234,-0.001469,0.001525,0.001290,0x36
19.900,MODE_ID_3,-12507,-12012,-13009,-0.001589,-0.002600,-0.001812,-0.006001,0x36
19.910,MODE_ID_3,-12491,-12011,-12991,0.001782,-0.002227,0.001618,0.001173,0x36
19.920,MODE_ID_3,-12505,-11992,-12993,-0.001103,0.001599,0.001250,0.001746,0x36
19.930,MODE_ID_3,-12511,-12012,-13006,-0.002333,-0.002514,-0.001206,-0.006053,0x36
19.940,MODE_ID_3,-12492,-12000,-13009,0.001549,-0.000016,-0.001973,-0.000440,0x36
19.950,MODE_ID_3,-12501,-11989,-12991,-0.000228,0.002128,0.001677,0.003577,0x36
19.960,MODE_ID_3,-12514,-11985,-13007,-0.002934,0.002911,-0.001512,-0.001535,0x36
19.970,MODE_ID_3,-12498,-12005,-12989,0.000282,-0.001179,0.002045,0.001148,0x36
19.980,MODE_ID_3,-12486,-12011,-13002,0.002696,-0.002382,-0.000415,-0.000101,0x36
19.990,MODE_ID_3,-12486,-11995,-12993,0.002665,0.000913,0.001265,0.004843,0x36
20.000,MODE_ID_3,-12493,-11993,-13009,0.001333,0.001246,-0.001878,0.000701,0x36
20.010,MODE_ID_3,-12503,-11994,-12987,-0.000798,0.001109,0.002490,0.002801,0x36
20.020,MODE_ID_3,-12509,-11988,-12992,-0.001873,0.002251,0.001472,0.001850,0x36
20.030,MODE_ID_3,-12502,-12014,-12995,-0.000476,-0.002882,0.000833,-0.002525,0x36
20.040,MODE_ID_3,-12489,-11990,-13001,0.002049,0.001927,-0.000282,0.003694,0x36
20.050,MODE_ID_3,-12494,-11993,-12999,0.001120,0.001324,0.000117,0.002561,0x36
20.060,MODE_ID_3,-12509,-12011,-12993,-0.001821,-0.002356,0.001334,-0.002843,0x36
20.070,MODE_ID_3,-12490,-12000,-12988,0.001832,-0.000048,0.002272,0.004056,0x36
20.080,MODE_ID_3,-12498,-11994,-13005,0.000251,0.001060,-0.001168,0.000143,0x36
20.090,MODE_ID_3,-12509,-12005,-12986,-0.001822,-0.001029,0.002601,-0.000250,0x36
20.100,MODE_ID_3,-12488,-11988,-13014,0.002339,0.002286,-0.002960,0.001665,0x36
20.111,MODE_ID_3,-12506,-12012,-12987,-0.001203,-0.002548,0.002537,-0.001214,0x36
20.120,MODE_ID_3,-12514,-12014,-12993,-0.002873,-0.002911,0.001304,-0.004480,0x36
20.130,MODE_ID_3,-12485,-11997,-12995,0.002867,0.000455,0.000904,0.004226,0x36
20.140,MODE_ID_3,-12488,-11990,-13014,0.002391,0.001803,-0.002926,0.001268,0x36
20.150,MODE_ID_3,-12508,-11992,-13001,-0.001707,0.001495,-0.000241,-0.000453,0x36
20.160,MODE_ID_3,-12513,-12008,-13005,-0.002695,-0.001655,-0.001110,-0.005460,0x36
20.170,MODE_ID_3,-12489,-11994,-12998,0.002027,0.001136,0.000214,0.003377,0x36
20.180,MODE_ID_3,-12494,-12002,-12987,0.001057,-0.000457,0.002522,0.003122,0x36
20.189,MODE_ID_3,-12506,-11993,-12987,-0.001307,0.001277,0.002405,0.002375,0x36
20.200,MODE_ID_3,-12508,-12000,-13014,-0.001672,-0.000136,-0.002805,-0.004613,0x36
20.210,MODE_ID_3,-12503,-11995,-13008,-0.000687,0.000893,-0.001728,-0.001522,0x36
20.220,MODE_ID_3,-12509,-11988,-12998,-0.001811,0.002384,0.000392,0.000965,0x36
20.230,MODE_ID_3,-12490,-12008,-13006,0.001948,-0.001621,-0.001331,-0.001004,0x36
20.240,MODE_ID_3,-12514,-12014,-12997,-0.002958,-0.002865,0.000429,-0.005394,0x36
20.250,MODE_ID_3,-12487,-12007,-12985,0.002562,-0.001427,0.002946,0.004081,0x36
20.260,MODE_ID_3,-12494,-12014,-13006,0.001001,-0.002875,-0.001364,-0.003238,0x36
20.270,MODE_ID_3,-12514,-12005,-12994,-0.002813,-0.001064,0.001052,-0.002825,0x36
20.280,MODE_ID_3,-12485,-12002,-13009,0.002968,-0.000503,-0.001863,0.000602,0x36
20.290,MODE_ID_3,-12504,-12009,-12989,-0.000956,-0.001949,0.002181,-0.000724,0x36
20.300,MODE_ID_3,-12509,-11998,-13009,-0.001979,0.000228,-0.001937,-0.003688,0x36
20.310,MODE_ID_3,-12507,-11995,-12999,-0.001552,0.000825,0.000176,-0.000551,0x36
20.320,MODE_ID_3,-12497,-11995,-13003,0.000473,0.000879,-0.000701,0.000651,0x36
20.330,MODE_ID_3,-12500,-11988,-12991,-0.000004,0.002383,0.001727,0.004106,0x36
20.340,MODE_ID_3,-12497,-11992,-12989,0.000481,0.001533,0.002041,0.004055,0x36
20.350,MODE_ID_3,-12499,-11987,-13006,0.000056,0.002546,-0.001362,0.001240,0x36
20.360,MODE_ID_3,-12490,-11991,-12998,0.001948,0.001650,0.000293,0.003891,0x36
20.370,MODE_ID_3,-12494,-11986,-12997,0.001173,0.002765,0.000480,0.004418,0x36
20.380,MODE_ID_3,-12495,-11998,-13012,0.000961,0.000319,-0.002488,-0.001208,0x36
20.390,MODE_ID_3,-12489,-11989,-13006,0.002000,0.002149,-0.001215,0.002934,0x36
20.400,MODE_ID_3,-12490,-11996,-12991,0.001926,0.000783,0.001703,0.004412,0x36
20.409,MODE_ID_3,-12492,-11985,-13014,0.001403,0.002801,-0.002832,0.001372,0x36
20.420,MODE_ID_3,-12485,-12005,-12985,0.002932,-0.001012,0.002974,0.004894,0x36
20.430,MODE_ID_3,-12511,-11990,-13000,-0.002313,0.001832,-0.000077,-0.000558,0x36
20.442,MODE_ID_3,-12509,-11997,-12986,-0.001916,0.000402,0.002649,0.001135,0x36
20.451,MODE_ID_3,-12497,-11986,-13002,0.000509,0.002707,-0.000537,0.002679,0x36
20.460,MODE_ID_3,-12485,-12003,-13006,0.002823,-0.000772,-0.001215,0.000836,0x36
20.470,MODE_ID_3,-12503,-12013,-13006,-0.000650,-0.002677,-0.001312,-0.004639,0x36
20.480,MODE_ID_3,-12494,-12003,-13004,0.001165,-0.000674,-0.000883,-0.000392,0x36
20.490,MODE_ID_3,-12489,-11997,-13008,0.002015,0.000409,-0.001682,0.000742,0x36
20.500,MODE_ID_3,-12492,-12003,-13007,0.001527,-0.000745,-0.001485,-0.000703,0x36
20.510,MODE_ID_3,-12503,-11988,-12986,-0.000648,0.002227,0.002619,0.004198,0x36
20.520,MODE_ID_3,-12500,-12002,-12993,-0.000124,-0.000585,0.001366,0.000657,0x36
20.530,MODE_ID_3,-12494,-11986,-13000,0.001178,0.002647,-0.000078,0.003747,0x36
20.541,MODE_ID_3,-12497,-11994,-13001,0.000590,0.001139,-0.000377,0.001352,0x36
20.551,MODE_ID_3,-12498,-12013,-13009,0.000283,-0.002680,-0.001875,-0.004272,0x36
20.560,MODE_ID_3,-12486,-11998,-13008,0.002691,0.000390,-0.001663,0.001418,0x36
20.570,MODE_ID_3,-12513,-12013,-12990,-0.002761,-0.002714,0.001862,-0.003613,0x36
20.580,MODE_ID_3,-12512,-11988,-13006,-0.002422,0.002260,-0.001258,-0.001420,0x36
20.590,MODE_ID_3,-12514,-12014,-12995,-0.002924,-0.002893,0.000816,-0.005001,0x36
20.600,MODE_ID_3,-12508,-11992,-12995,-0.001672,0.001524,0.000991,0.000843,0x36
20.610,MODE_ID_3,-12496,-11997,-12995,0.000600,0.000559,0.000929,0.002088,0x36
20.620,MODE_ID_3,-12494,-11999,-13000,0.001179,0.000157,-0.000124,0.001212,0x36
20.630,MODE_ID_3,-12502,-12004,-12996,-0.000576,-0.000947,0.000639,-0.000884,0x36
20.640,MODE_ID_3,-12499,-11991,-12997,0.000063,0.001658,0.000519,0.002240,0x36
20.650,MODE_ID_3,-12487,-12012,-13010,0.002586,-0.002505,-0.002168,-0.002087,0x36
20.660,MODE_ID_3,-12508,-11998,-12988,-0.001719,0.000373,0.002395,0.001049,0x36
20.670,MODE_ID_3,-12510,-12001,-13002,-0.002176,-0.000241,-0.000509,-0.002926,0x36
20.680,MODE_ID_3,-12492,-11992,-13001,0.001583,0.001537,-0.000310,0.002810,0x36
20.690,MODE_ID_3,-12496,-12013,-13012,0.000618,-0.002733,-0.002437,-0.004552,0x36
20.700,MODE_ID_3,-12487,-12003,-12991,0.002575,-0.000763,0.001779,0.003591,0x36
20.710,MODE_ID_3,-12510,-11988,-12987,-0.002085,0.002356,0.002577,0.002848,0x36
20.720,MODE_ID_3,-12492,-11987,-12993,0.001511,0.002569,0.001307,0.005387,0x36
20.730,MODE_ID_3,-12507,-11993,-13002,-0.001431,0.001395,-0.000454,-0.000490,0x36
20.740,MODE_ID_3,-12487,-12011,-12996,0.002516,-0.002396,0.000784,0.000904,0x36
20.750,MODE_ID_3,-12500,-12013,-12985,-0.000117,-0.002790,0.002975,0.000068,0x36
20.760,MODE_ID_3,-12485,-12013,-13002,0.002982,-0.002682,-0.000556,-0.000256,0x36
20.771,MODE_ID_3,-12511,-12009,-13007,-0.002270,-0.001938,-0.001568,-0.005776,0x36
20.781,MODE_ID_3,-12500,-12010,-12987,-0.000011,-0.002076,0.002501,0.000414,0x36
20.790,MODE_ID_3,-12511,-12014,-13005,-0.002394,-0.002973,-0.001064,-0.006431,0x36
20.800,MODE_ID_3,-12513,-11987,-13003,-0.002612,0.002508,-0.000791,-0.000895,0x36
20.810,MODE_ID_3,-12512,-12014,-12988,-0.002526,-0.002971,0.002326,-0.003171,0x36
20.820,MODE_ID_3,-12508,-11995,-12997,-0.001650,0.000993,0.000469,-0.000188,0x36
20.830,MODE_ID_3,-12489,-12001,-13008,0.002057,-0.000396,-0.001720,-0.000059,0x36
20.840,MODE_ID_3,-12514,-12002,-13012,-0.002842,-0.000476,-0.002492,-0.005810,0x36
20.850,MODE_ID_3,-12485,-12007,-13003,0.002815,-0.001572,-0.000760,0.000483,0x36
20.860,MODE_ID_3,-12509,-12001,-12989,-0.001949,-0.000242,0.002172,-0.000019,0x36
20.870,MODE_ID_3,-12498,-12014,-12985,0.000237,-0.002836,0.002982,0.000383,0x36
20.880,MODE_ID_3,-12504,-11986,-12985,-0.000985,0.002799,0.002942,0.004756,0x36
20.890,MODE_ID_3,-12486,-11994,-13012,0.002682,0.001033,-0.002450,0.001265,0x36
20.900,MODE_ID_3,-12495,-12002,-12995,0.000857,-0.000551,0.000875,0.001181,0x36
20.910,MODE_ID_3,-12504,-11993,-13010,-0.000811,0.001364,-0.002025,-0.001472,0x36
20.920,MODE_ID_3,-12508,-11989,-13012,-0.001796,0.002099,-0.002568,-0.002265,0x36
20.930,MODE_ID_3,-12501,-11988,-13011,-0.000222,0.002336,-0.002375,-0.000261,0x36
20.940,MODE_ID_3,-12507,-12001,-13012,-0.001485,-0.000351,-0.002514,-0.004350,0x36
20.950,MODE_ID_3,-12505,-12011,-13010,-0.001014,-0.002206,-0.002152,-0.005372,0x36
20.960,MODE_ID_3,-12496,-12004,-12987,0.000745,-0.000920,0.002593,0.002418,0x36
20.970,MODE_ID_3,-12498,-12012,-13008,0.000324,-0.002583,-0.001749,-0.004008,0x36
20.980,MODE_ID_3,-12502,-11987,-13014,-0.000414,0.002599,-0.002844,-0.000659,0x36
20.990,MODE_ID_3,-12503,-11998,-12994,-0.000735,0.000392,0.001029,0.000686,0x36
21.000,MODE_ID_3,-12487,-12007,-12993,0.002528,-0.001527,0.001318,0.002319,0x36
21.010,MODE_ID_3,-12503,-12011,-12985,-0.000797,-0.002376,0.002889,-0.000284,0x36
21.020,MODE_ID_3,-12487,-12006,-13007,0.002528,-0.001212,-0.001470,-0.000154,0x36
21.030,MODE_ID_3,-12501,-11994,-12987,-0.000332,0.001039,0.002508,0.003215,0x36
21.041,MODE_ID_3,-12514,-12001,-13004,-0.002816,-0.000399,-0.000949,-0.004164,0x36
21.050,MODE_ID_3,-12511,-12001,-13011,-0.002321,-0.000379,-0.002220,-0.004920,0x36
21.060,MODE_ID_3,-12501,-11985,-13000,-0.000276,0.002935,-0.000078,0.002581,0x36
21.070,MODE_ID_3,-12509,-12010,-13007,-0.001821,-0.002104,-0.001453,-0.005378,0x36
21.080,MODE_ID_3,-12508,-12003,-12992,-0.001643,-0.000653,0.001550,-0.000746,0x36
21.090,MODE_ID_3,-12514,-11999,-12995,-0.002808,0.000159,0.000914,-0.001735,0x36
21.100,MODE_ID_3,-12488,-11989,-12998,0.002354,0.002059,0.000234,0.004647,0x36
21.110,MODE_ID_3,-12495,-11993,-12997,0.000889,0.001290,0.000484,0.002663,0x36
21.120,MODE_ID_3,-12498,-11985,-12989,0.000379,0.002970,0.002079,0.005428,0x36
21.130,MODE_ID_3,-12492,-11993,-13013,0.001583,0.001322,-0.002785,0.000120,0x36
21.140,MODE_ID_3,-12509,-12004,-12990,-0.001870,-0.000823,0.001905,-0.000788,0x36
21.150,MODE_ID_3,-12503,-12014,-12991,-0.000683,-0.002835,0.001755,-0.001763,0x36
21.160,MODE_ID_3,-12514,-12002,-12987,-0.002984,-0.000452,0.002469,-0.000967,0x36
21.170,MODE_ID_3,-12510,-12014,-13007,-0.002154,-0.002981,-0.001472,-0.006607,0x36
21.180,MODE_ID_3,-12494,-12005,-12988,0.001045,-0.001139,0.002226,0.002132,0x36
21.190,MODE_ID_3,-12498,-12002,-12987,0.000380,-0.000441,0.002424,0.002363,0x36
21.200,MODE_ID_3,-12487,-11985,-13011,0.002478,0.002826,-0.002203,0.003101,0x36
21.210,MODE_ID_3,-12494,-12013,-13001,0.001178,-0.002705,-0.000358,-0.001885,0x36
21.220,MODE_ID_3,-12513,-11993,-12989,-0.002699,0.001257,0.002044,0.000602,0x36
21.230,MODE_ID_3,-12485,-11986,-13000,0.002994,0.002627,-0.000022,0.005599,0x36
21.240,MODE_ID_3,-12511,-11989,-13007,-0.002228,0.002040,-0.001569,-0.001757,0x36
21.250,MODE_ID_3,-12485,-12003,-12990,0.002871,-0.000771,0.001850,0.003950,0x36
21.260,MODE_ID_3,-12487,-11987,-12988,0.002564,0.002506,0.002372,0.007442,0x36
21.270,MODE_ID_3,-12487,-11991,-12994,0.002570,0.001706,0.001016,0.005292,0x36
21.280,MODE_ID_3,-12501,-12002,-12988,-0.000353,-0.000487,0.002215,0.001375,0x36
21.290,MODE_ID_3,-12507,-11993,-13001,-0.001583,0.001239,-0.000360,-0.000704,0x36
21.300,MODE_ID_3,-12495,-11987,-12991,0.000837,0.002550,0.001765,0.005152,0x36
21.310,MODE_ID_3,-12492,-11989,-13006,0.001429,0.002046,-0.001386,0.002089,0x36
21.320,MODE_ID_3,-12488,-11988,-13004,0.002209,0.002349,-0.000837,0.003721,0x36
21.330,MODE_ID_3,-12492,-11986,-13009,0.001421,0.002657,-0.001926,0.002152,0x36
21.340,MODE_ID_3,-12508,-11989,-13003,-0.001608,0.002036,-0.000721,-0.000293,0x36
21.350,MODE_ID_3,-12504,-12008,-13013,-0.000909,-0.001621,-0.002773,-0.005303,0x36
21.360,MODE_ID_3,-12504,-11991,-13003,-0.000920,0.001692,-0.000668,0.000104,0x36
21.370,MODE_ID_3,-12490,-12006,-13001,0.001910,-0.001235,-0.000312,0.000363,0x36
21.381,MODE_ID_3,-12514,-11996,-13009,-0.002870,0.000745,-0.001982,-0.004107,0x36
21.390,MODE_ID_3,-12508,-11992,-13001,-0.001645,0.001522,-0.000327,-0.000450,0x36
21.400,MODE_ID_3,-12496,-12002,-13010,0.000720,-0.000474,-0.002104,-0.001858,0x36
21.411,MODE_ID_3,-12506,-12005,-12997,-0.001390,-0.001113,0.000593,-0.001910,0x36
21.420,MODE_ID_3,-12494,-12008,-12993,0.001011,-0.001760,0.001223,0.000474,0x36
21.430,MODE_ID_3,-12488,-12000,-12987,0.002286,-0.000095,0.002540,0.004731,0x36
21.440,MODE_ID_3,-12511,-12012,-13012,-0.002375,-0.002418,-0.002474,-0.007267,0x36
21.450,MODE_ID_3,-12506,-12005,-12986,-0.001237,-0.001177,0.002731,0.000317,0x36
21.460,MODE_ID_3,-12508,-11989,-12990,-0.001770,0.002011,0.001821,0.002062,0x36
21.470,MODE_ID_3,-12505,-11997,-12987,-0.001196,0.000535,0.002528,0.001867,0x36
21.481,MODE_ID_3,-12485,-11993,-12989,0.002835,0.001372,0.002064,0.006271,0x36
21.490,MODE_ID_3,-12506,-12004,-12991,-0.001308,-0.000818,0.001738,-0.000388,0x36
21.500,MODE_ID_3,-12504,-11997,-13013,-0.000952,0.000587,-0.002788,-0.003153,0x36
21.510,MODE_ID_3,-12502,-12002,-12990,-0.000411,-0.000465,0.001825,0.000949,0x36
21.520,MODE_ID_3,-12493,-11987,-12996,0.001227,0.002413,0.000667,0.004307,0x36
21.530,MODE_ID_3,-12508,-11996,-13013,-0.001660,0.000615,-0.002643,-0.003688,0x36
21.540,MODE_ID_3,-12485,-11997,-13011,0.002916,0.000545,-0.002397,0.001064,0x36
21.550,MODE_ID_3,-12512,-12007,-13003,-0.002540,-0.001598,-0.000603,-0.004741,0x36
21.560,MODE_ID_3,-12513,-12001,-13010,-0.002670,-0.000333,-0.002008,-0.005011,0x36
21.570,MODE_ID_3,-12507,-11998,-13011,-0.001549,0.000347,-0.002352,-0.003554,0x36
21.580,MODE_ID_3,-12503,-11995,-13000,-0.000675,0.000992,-0.000157,0.000160,0x36
21.591,MODE_ID_3,-12501,-12000,-12993,-0.000225,-0.000194,0.001365,0.000946,0x36
21.600,MODE_ID_3,-12491,-12010,-13013,0.001611,-0.002150,-0.002734,-0.003273,0x36
21.610,MODE_ID_3,-12499,-12007,-12998,0.000054,-0.001493,0.000382,-0.001057,0x36
21.620,MODE_ID_3,-12490,-12009,-12995,0.001803,-0.001972,0.000954,0.000785,0x36
21.630,MODE_ID_3,-12485,-12001,-13003,0.002863,-0.000283,-0.000703,0.001877,0x36
21.640,MODE_ID_3,-12498,-11986,-12995,0.000245,0.002761,0.000927,0.003933,0x36
21.650,MODE_ID_3,-12504,-12002,-13012,-0.000883,-0.000572,-0.002439,-0.003894,0x36
21.660,MODE_ID_3,-12498,-12007,-13005,0.000242,-0.001586,-0.001093,-0.002437,0x36
21.670,MODE_ID_3,-12499,-11992,-12997,0.000039,0.001508,0.000568,0.002115,0x36
21.680,MODE_ID_3,-12498,-12002,-12995,0.000235,-0.000499,0.000994,0.000730,0x36
21.690,MODE_ID_3,-12512,-11986,-13013,-0.002575,0.002600,-0.002749,-0.002724,0x36
21.700,MODE_ID_3,-12502,-12007,-12990,-0.000596,-0.001553,0.001982,-0.000167,0x36
21.710,MODE_ID_3,-12489,-11987,-12995,0.002003,0.002547,0.000808,0.005358,0x36
21.720,MODE_ID_3,-12511,-11993,-13005,-0.002213,0.001293,-0.001192,-0.002112,0x36
21.732,MODE_ID_3,-12492,-12003,-12997,0.001570,-0.000776,0.000488,0.001282,0x36
21.739,MODE_ID_3,-12499,-11989,-12987,0.000127,0.002150,0.002444,0.004721,0x36
21.750,MODE_ID_3,-12497,-12011,-13014,0.000438,-0.002388,-0.002823,-0.004773,0x36
21.760,MODE_ID_3,-12505,-11987,-12993,-0.001082,0.002563,0.001296,0.002777,0x36
21.770,MODE_ID_3,-12503,-11989,-13006,-0.000742,0.002129,-0.001255,0.000132,0x36
21.780,MODE_ID_3,-12487,-11989,-12988,0.002516,0.002186,0.002205,0.006907,0x36
21.790,MODE_ID_3,-12491,-12006,-12986,0.001602,-0.001376,0.002604,0.002830,0x36
21.800,MODE_ID_3,-12486,-12004,-13013,0.002724,-0.000917,-0.002762,-0.000955,0x36
21.810,MODE_ID_3,-12491,-12014,-13003,0.001658,-0.002842,-0.000653,-0.001837,0x36
21.820,MODE_ID_3,-12514,-11999,-13004,-0.002853,0.000192,-0.000845,-0.003506,0x36
21.831,MODE_ID_3,-12494,-11986,-12998,0.001078,0.002748,0.000366,0.004192,0x36
21.840,MODE_ID_3,-12504,-11997,-12997,-0.000879,0.000413,0.000574,0.000108,0x36
21.850,MODE_ID_3,-12495,-12010,-13006,0.000846,-0.002013,-0.001262,-0.002429,0x36
21.860,MODE_ID_3,-12489,-11992,-12992,0.002155,0.001462,0.001426,0.005043,0x36
21.870,MODE_ID_3,-12501,-11987,-12986,-0.000287,0.002545,0.002626,0.004884,0x36
21.880,MODE_ID_3,-12490,-11990,-12988,0.001910,0.001984,0.002331,0.006225,0x36
21.890,MODE_ID_3,-12499,-12010,-13013,0.000132,-0.002066,-0.002689,-0.004623,0x36
21.900,MODE_ID_3,-12500,-11986,-12987,-0.000010,0.002765,0.002587,0.005342,0x36
21.910,MODE_ID_3,-12486,-12007,-13012,0.002618,-0.001510,-0.002492,-0.001384,0x36
21.920,MODE_ID_3,-12488,-12003,-13000,0.002356,-0.000773,-0.000086,0.001497,0x36
21.930,MODE_ID_3,-12498,-11992,-12985,0.000347,0.001599,0.002962,0.004908,0x36
21.940,MODE_ID_3,-12503,-11993,-12989,-0.000777,0.001338,0.002085,0.002646,0x36
21.950,MODE_ID_3,-12512,-11990,-12993,-0.002529,0.001962,0.001364,0.000797,0x36
21.960,MODE_ID_3,-12510,-12014,-12990,-0.002174,-0.002989,0.001891,-0.003272,0x36
21.970,MODE_ID_3,-12513,-11995,-12996,-0.002634,0.000993,0.000613,-0.001028,0x36
21.980,MODE_ID_3,-12506,-12013,-12994,-0.001264,-0.002796,0.001005,-0.003055,0x36
21.990,MODE_ID_3,-12491,-11990,-13003,0.001775,0.001806,-0.000771,0.002810,0x36
22.000,MODE_ID_3,-12502,-11989,-13002,-0.000501,0.002014,-0.000580,0.000933,0x36
22.011,MODE_ID_3,-12508,-12010,-13005,-0.001728,-0.002175,-0.001142,-0.005045,0x36
22.020,MODE_ID_3,-12485,-12004,-12986,0.002908,-0.000942,0.002644,0.004610,0x36
22.030,MODE_ID_3,-12506,-12013,-13013,-0.001369,-0.002615,-0.002752,-0.006736,0x36
22.040,MODE_ID_3,-12487,-12010,-12998,0.002578,-0.002050,0.000334,0.000862,0x36
22.050,MODE_ID_3,-12504,-12012,-13004,-0.000905,-0.002476,-0.000930,-0.004311,0x36
22.059,MODE_ID_3,-12514,-12006,-13004,-0.002851,-0.001217,-0.000936,-0.005004,0x36
22.070,MODE_ID_3,-12492,-11996,-13003,0.001482,0.000798,-0.000687,0.001593,0x36
22.080,MODE_ID_3,-12498,-12004,-13012,0.000217,-0.000972,-0.002515,-0.003270,0x36
22.091,MODE_ID_3,-12487,-11985,-12992,0.002592,0.002886,0.001405,0.006883,0x36
22.100,MODE_ID_3,-12503,-12010,-13000,-0.000672,-0.002028,-0.000073,-0.002773,0x36
22.110,MODE_ID_3,-12509,-11990,-13014,-0.001914,0.001868,-0.002898,-0.002944,0x36
22.120,MODE_ID_3,-12490,-11997,-13001,0.001839,0.000552,-0.000230,0.002161,0x36
22.130,MODE_ID_3,-12505,-11999,-12999,-0.001090,0.000027,0.000186,-0.000877,0x36
22.140,MODE_ID_3,-12491,-11991,-13000,0.001697,0.001715,-0.000024,0.003388,0x36
22.150,MODE_ID_3,-12506,-11987,-13014,-0.001315,0.002547,-0.002823,-0.001591,0x36
22.160,MODE_ID_3,-12494,-12008,-13006,0.001034,-0.001761,-0.001320,-0.002047,0x36
22.170,MODE_ID_3,-12495,-12003,-13005,0.000998,-0.000702,-0.001013,-0.000717,0x36
22.180,MODE_ID_3,-12513,-11993,-13005,-0.002627,0.001317,-0.001178,-0.002488,0x36
22.190,MODE_ID_3,-12486,-12003,-12994,0.002758,-0.000634,0.001085,0.003209,0x36
22.200,MODE_ID_3,-12498,-12002,-13009,0.000260,-0.000431,-0.001928,-0.002099,0x36
22.210,MODE_ID_3,-12491,-11988,-12987,0.001658,0.002358,0.002440,0.006456,0x36
22.220,MODE_ID_3,-12499,-11989,-13001,0.000190,0.002127,-0.000299,0.002018,0x36
22.230,MODE_ID_3,-12496,-11985,-13003,0.000600,0.002861,-0.000762,0.002699,0x36
22.241,MODE_ID_3,-12503,-11988,-13001,-0.000687,0.002346,-0.000370,0.001289,0x36
22.251,MODE_ID_3,-12503,-11991,-12993,-0.000755,0.001620,0.001398,0.002263,0x36
22.263,MODE_ID_3,-12508,-11989,-12998,-0.001721,0.002090,0.000387,0.000756,0x36
22.270,MODE_ID_3,-12513,-12007,-12989,-0.002663,-0.001517,0.002013,-0.002167,0x36
22.280,MODE_ID_3,-12509,-12013,-13008,-0.001928,-0.002764,-0.001653,-0.006345,0x36
22.290,MODE_ID_3,-12497,-11993,-13014,0.000538,0.001253,-0.002849,-0.001058,0x36
22.300,MODE_ID_3,-12490,-11992,-13001,0.001985,0.001574,-0.000330,0.003229,0x36
22.310,MODE_ID_3,-12487,-11996,-12992,0.002535,0.000740,0.001515,0.004790,0x36
22.320,MODE_ID_3,-12494,-11986,-12988,0.001125,0.002713,0.002200,0.006038,0x36
22.329,MODE_ID_3,-12502,-11988,-13004,-0.000430,0.002250,-0.000928,0.000892,0x36
22.340,MODE_ID_3,-12506,-11993,-12989,-0.001264,0.001203,0.002123,0.002062,0x36
22.350,MODE_ID_3,-12488,-12000,-13009,0.002276,-0.000139,-0.001837,0.000300,0x36
22.360,MODE_ID_3,-12506,-11996,-13006,-0.001250,0.000758,-0.001293,-0.001785,0x36
22.376,MODE_ID_3,-12490,-11986,-13003,0.001953,0.002751,-0.000763,0.003941,0x36
22.380,MODE_ID_3,-12498,-11997,-12987,0.000313,0.000527,0.002568,0.003408,0x36
22.390,MODE_ID_3,-12510,-12012,-13011,-0.002003,-0.002571,-0.002342,-0.006916,0x36
22.400,MODE_ID_3,-12508,-12002,-12999,-0.001742,-0.000451,0.000180,-0.002013,0x36
22.410,MODE_ID_3,-12500,-11991,-12993,-0.000013,0.001673,0.001357,0.003017,0x36
22.420,MODE_ID_3,-12512,-12006,-12999,-0.002446,-0.001395,0.000050,-0.003791,0x36
22.430,MODE_ID_3,-12504,-12003,-12986,-0.000966,-0.000723,0.002771,0.001082,0x36
22.440,MODE_ID_3,-12494,-12004,-12991,0.001193,-0.000953,0.001721,0.001961,0x36
22.450,MODE_ID_3,-12499,-12007,-13001,0.000148,-0.001440,-0.000371,-0.001663,0x36
22.460,MODE_ID_3,-12499,-11986,-12994,0.000156,0.002660,0.001156,0.003972,0x36
22.470,MODE_ID_3,-12511,-12013,-12988,-0.002252,-0.002637,0.002261,-0.002628,0x36
22.480,MODE_ID_3,-12487,-12014,-13001,0.002523,-0.002813,-0.000305,-0.000595,0x36
22.490,MODE_ID_3,-12485,-12006,-12985,0.002861,-0.001314,0.002928,0.004475,0x36
22.500,MODE_ID_3,-12485,-11999,-13013,0.002850,0.000173,-0.002747,0.000276,0x36
22.510,MODE_ID_3,-12495,-11993,-12987,0.000873,0.001393,0.002569,0.004835,0x36
22.520,MODE_ID_3,-12486,-11995,-12987,0.002746,0.000968,0.002434,0.006148,0x36
22.530,MODE_ID_3,-12511,-12014,-12997,-0.002323,-0.002919,0.000503,-0.004739,0x36
22.540,MODE_ID_3,-12489,-12005,-12986,0.002087,-0.001083,0.002761,0.003765,0x36
22.551,MODE_ID_3,-12487,-12003,-12996,0.002583,-0.000621,0.000694,0.002656,0x36
22.560,MODE_ID_3,-12500,-12007,-13009,-0.000009,-0.001413,-0.001945,-0.003367,0x36
22.570,MODE_ID_3,-12497,-12011,-13001,0.000590,-0.002230,-0.000310,-0.001950,0x36
22.580,MODE_ID_3,-12499,-12005,-13012,0.000084,-0.001008,-0.002542,-0.003466,0x36
22.590,MODE_ID_3,-12498,-12004,-13008,0.000387,-0.000896,-0.001764,-0.002273,0x36
22.600,MODE_ID_3,-12489,-11994,-13009,0.002121,0.001100,-0.001831,0.001390,0x36
22.610,MODE_ID_3,-12499,-12010,-13011,0.000109,-0.002179,-0.002332,-0.004402,0x36
22.620,MODE_ID_3,-12487,-12012,-12996,0.002403,-0.002559,0.000644,0.000488,0x36
22.630,MODE_ID_3,-12485,-12010,-12990,0.002850,-0.002195,0.001901,0.002556,0x36
22.640,MODE_ID_3,-12491,-12002,-12993,0.001621,-0.000457,0.001321,0.002485,0x36
22.650,MODE_ID_3,-12511,-12000,-13014,-0.002269,-0.000154,-0.002899,-0.005322,0x36
22.660,MODE_ID_3,-12492,-12013,-12991,0.001515,-0.002606,0.001716,0.000625,0x36
22.670,MODE_ID_3,-12510,-11996,-12992,-0.002025,0.000628,0.001582,0.000185,0x36
22.680,MODE_ID_3,-12489,-11989,-12988,0.002193,0.002180,0.002344,0.006717,0x36
22.690,MODE_ID_3,-12485,-11994,-12989,0.002877,0.001073,0.002168,0.006118,0x36
22.700,MODE_ID_3,-12496,-11992,-12995,0.000740,0.001410,0.000900,0.003050,0x36
22.711,MODE_ID_3,-12512,-11995,-13013,-0.002425,0.000850,-0.002777,-0.004352,0x36
22.720,MODE_ID_3,-12505,-11989,-13005,-0.001085,0.002131,-0.001041,0.000005,0x36
22.730,MODE_ID_3,-12504,-12002,-12992,-0.000834,-0.000567,0.001439,0.000038,0x36
22.740,MODE_ID_3,-12510,-12005,-13001,-0.002079,-0.001078,-0.000380,-0.003537,0x36
22.750,MODE_ID_3,-12501,-11985,-13014,-0.000251,0.002816,-0.002955,-0.000390,0x36
22.759,MODE_ID_3,-12494,-12004,-13000,0.001190,-0.000993,-0.000185,0.000012,0x36
22.770,MODE_ID_3,-12504,-12006,-12999,-0.000814,-0.001387,0.000078,-0.002123,0x36
22.780,MODE_ID_3,-12508,-11988,-12994,-0.001612,0.002394,0.001138,0.001920,0x36
22.790,MODE_ID_3,-12501,-12009,-12985,-0.000239,-0.001834,0.002905,0.000832,0x36
22.800,MODE_ID_3,-12499,-11998,-13000,0.000073,0.000314,-0.000183,0.000204,0x36
22.810,MODE_ID_3,-12497,-11997,-13014,0.000448,0.000586,-0.002847,-0.001813,0x36
22.820,MODE_ID_3,-12498,-11998,-13009,0.000272,0.000340,-0.001819,-0.001207,0x36
22.834,MODE_ID_3,-12506,-12005,-13002,-0.001281,-0.001200,-0.000529,-0.003010,0x36
22.840,MODE_ID_3,-12498,-11989,-13004,0.000387,0.002200,-0.000891,0.001696,0x36
22.850,MODE_ID_3,-12506,-12013,-13012,-0.001280,-0.002660,-0.002499,-0.006439,0x36
22.860,MODE_ID_3,-12505,-11988,-12989,-0.001008,0.002257,0.002123,0.003372,0x36
22.870,MODE_ID_3,-12494,-12004,-13010,0.001159,-0.000922,-0.002147,-0.001910,0x36
22.879,MODE_ID_3,-12498,-12012,-13006,0.000372,-0.002549,-0.001384,-0.003561,0x36
22.889,MODE_ID_3,-12489,-12013,-13008,0.002118,-0.002772,-0.001701,-0.002355,0x36
22.900,MODE_ID_3,-12496,-12008,-13012,0.000771,-0.001680,-0.002451,-0.003360,0x36
22.910,MODE_ID_3,-12503,-11997,-12989,-0.000726,0.000532,0.002040,0.001846,0x36
22.920,MODE_ID_3,-12507,-12014,-13009,-0.001537,-0.002996,-0.001938,-0.006471,0x36
22.930,MODE_ID_3,-12507,-11995,-13002,-0.001427,0.000990,-0.000502,-0.000939,0x36
22.940,MODE_ID_3,-12502,-11997,-12993,-0.000586,0.000564,0.001213,0.001191,0x36
22.950,MODE_ID_3,-12512,-11986,-12987,-0.002511,0.002764,0.002575,0.002828,0x36
22.960,MODE_ID_3,-12501,-12001,-12997,-0.000349,-0.000330,0.000472,-0.000207,0x36
22.971,MODE_ID_3,-12513,-12002,-12999,-0.002664,-0.000573,0.000131,-0.003106,0x36
22.980,MODE_ID_3,-12495,-12001,-13014,0.000961,-0.000322,-0.002835,-0.002196,0x36
22.991,MODE_ID_3,-12485,-11987,-12998,0.002864,0.002441,0.000326,0.005631,0x36
23.000,MODE_ID_3,-12487,-11985,-12995,0.002565,0.002875,0.000871,0.006311,0x36
23.010,MODE_ID_3,-12494,-11992,-12985,0.001144,0.001534,0.002991,0.005669,0x36
23.020,MODE_ID_3,-12507,-12013,-13011,-0.001490,-0.002684,-0.002377,-0.006551,0x36
23.030,MODE_ID_3,-12487,-11988,-12997,0.002598,0.002304,0.000559,0.005461,0x36
23.040,MODE_ID_3,-12512,-11994,-12994,-0.002508,0.001192,0.001020,-0.000296,0x36
23.050,MODE_ID_3,-12494,-11994,-12988,0.001177,0.001088,0.002392,0.004657,0x36
23.060,MODE_ID_3,-12507,-12001,-12999,-0.001445,-0.000261,0.000159,-0.001547,0x36
23.070,MODE_ID_3,-12494,-11994,-12997,0.001049,0.001012,0.000529,0.002590,0x36
23.080,MODE_ID_3,-12504,-12004,-13005,-0.000830,-0.000890,-0.001032,-0.002752,0x36
23.090,MODE_ID_3,-12495,-12007,-12994,0.000964,-0.001580,0.001056,0.000440,0x36
23.100,MODE_ID_3,-12505,-11988,-12991,-0.001109,0.002356,0.001690,0.002937,0x36
23.114,MODE_ID_3,-12487,-11991,-13014,0.002559,0.001669,-0.002840,0.001388,0x36
23.120,MODE_ID_3,-12490,-11986,-12985,0.001859,0.002629,0.002936,0.007424,0x36
23.130,MODE_ID_3,-12491,-12011,-12993,0.001721,-0.002392,0.001369,0.000698,0x36
23.140,MODE_ID_3,-12498,-11991,-13012,0.000210,0.001726,-0.002595,-0.000659,0x36
23.150,MODE_ID_3,-12491,-12006,-12985,0.001729,-0.001382,0.002852,0.003199,0x36
23.160,MODE_ID_3,-12507,-12007,-12997,-0.001481,-0.001451,0.000579,-0.002353,0x36
23.170,MODE_ID_3,-12493,-12004,-13011,0.001327,-0.000853,-0.002349,-0.001875,0x36
23.180,MODE_ID_3,-12509,-12001,-13011,-0.001963,-0.000378,-0.002305,-0.004646,0x36
23.190,MODE_ID_3,-12507,-12003,-13003,-0.001440,-0.000648,-0.000722,-0.002810,0x36
23.200,MODE_ID_3,-12506,-12006,-12993,-0.001370,-0.001361,0.001298,-0.001433,0x36
23.210,MODE_ID_3,-12509,-12003,-12987,-0.001861,-0.000612,0.002549,0.000076,0x36
23.220,MODE_ID_3,-12500,-12012,-12992,-0.000102,-0.002438,0.001441,-0.001099,0x36
23.230,MODE_ID_3,-12507,-11994,-12988,-0.001546,0.001142,0.002388,0.001984,0x36
23.240,MODE_ID_3,-12485,-12001,-13007,0.002978,-0.000316,-0.001422,0.001240,0x36
23.250,MODE_ID_3,-12487,-12003,-13004,0.002464,-0.000680,-0.000896,0.000888,0x36
23.260,MODE_ID_3,-12506,-11990,-13014,-0.001335,0.001909,-0.002937,-0.002363,0x36
23.271,MODE_ID_3,-12496,-11986,-13008,0.000693,0.002614,-0.001796,0.001511,0x36
23.281,MODE_ID_3,-12504,-12010,-12999,-0.000949,-0.002199,0.000144,-0.003004,0x36
23.290,MODE_ID_3,-12513,-11994,-12991,-0.002605,0.001163,0.001634,0.000192,0x36
23.299,MODE_ID_3,-12507,-11995,-13013,-0.001451,0.000900,-0.002760,-0.003311,0x36
23.310,MODE_ID_3,-12498,-12000,-13010,0.000221,-0.000184,-0.002186,-0.002149,0x36
23.319,MODE_ID_3,-12494,-11987,-13008,0.001198,0.002432,-0.001612,0.002018,0x36
23.329,MODE_ID_3,-12514,-11993,-12986,-0.002990,0.001261,0.002640,0.000911,0x36
23.339,MODE_ID_3,-12500,-12004,-12992,-0.000163,-0.000875,0.001425,0.000387,0x36
23.349,MODE_ID_3,-12494,-12000,-13004,0.001168,-0.000127,-0.000942,0.000099,0x36
23.360,MODE_ID_3,-12497,-11990,-13008,0.000510,0.001842,-0.001687,0.000665,0x36
23.369,MODE_ID_3,-12506,-12012,-12994,-0.001226,-0.002594,0.001070,-0.002750,0x36
23.380,MODE_ID_3,-12490,-11996,-13008,0.001866,0.000789,-0.001732,0.000923,0x36
23.390,MODE_ID_3,-12503,-12011,-13003,-0.000636,-0.002357,-0.000768,-0.003761,0x36
23.401,MODE_ID_3,-12513,-11995,-13009,-0.002672,0.000913,-0.001813,-0.003572,0x36
23.411,MODE_ID_3,-12500,-12003,-12999,-0.000193,-0.000684,0.000099,-0.000778,0x36
23.420,MODE_ID_3,-12512,-11992,-13011,-0.002439,0.001462,-0.002371,-0.003348,0x36
23.430,MODE_ID_3,-12497,-12013,-13005,0.000425,-0.002607,-0.001195,-0.003377,0x36
23.440,MODE_ID_3,-12497,-12013,-12991,0.000430,-0.002684,0.001758,-0.000496,0x36
23.450,MODE_ID_3,-12498,-11997,-13005,0.000252,0.000426,-0.001086,-0.000408,0x36
23.460,MODE_ID_3,-12494,-12008,-12986,0.001147,-0.001676,0.002773,0.002244,0x36
23.470,MODE_ID_3,-12506,-11997,-13012,-0.001388,0.000520,-0.002506,-0.003374,0x36
23.480,MODE_ID_3,-12511,-11987,-13001,-0.002266,0.002533,-0.000250,0.000017,0x36
23.490,MODE_ID_3,-12500,-12002,-13007,-0.000031,-0.000433,-0.001462,-0.001926,0x36
23.500,MODE_ID_3,-12507,-11999,-13004,-0.001557,0.000004,-0.000948,-0.002501,0x36
23.510,MODE_ID_3,-12489,-12000,-13008,0.002123,-0.000171,-0.001693,0.000259,0x36
23.520,MODE_ID_3,-12513,-11990,-12986,-0.002619,0.001812,0.002736,0.001929,0x36
23.530,MODE_ID_3,-12488,-12006,-13003,0.002234,-0.001295,-0.000758,0.000181,0x36
23.540,MODE_ID_3,-12499,-11999,-12995,0.000148,0.000198,0.000808,0.001154,0x36
23.550,MODE_ID_3,-12503,-11995,-13002,-0.000651,0.000968,-0.000586,-0.000269,0x36
23.560,MODE_ID_3,-12485,-12000,-13001,0.002882,-0.000137,-0.000305,0.002440,0x36
23.570,MODE_ID_3,-12489,-11989,-13006,0.002187,0.002065,-0.001225,0.003027,0x36
23.580,MODE_ID_3,-12505,-12001,-13014,-0.001122,-0.000208,-0.002812,-0.004142,0x36
23.590,MODE_ID_3,-12505,-12013,-12987,-0.001010,-0.002789,0.002434,-0.001365,0x36
23.600,MODE_ID_3,-12491,-12004,-12992,0.001787,-0.000850,0.001497,0.002434,0x36
23.610,MODE_ID_3,-12500,-11995,-13007,-0.000108,0.000991,-0.001594,-0.000711,0x36
23.620,MODE_ID_3,-12488,-12003,-13013,0.002385,-0.000786,-0.002702,-0.001103,0x36
23.630,MODE_ID_3,-12504,-12004,-12998,-0.000935,-0.000869,0.000308,-0.001496,0x36
23.640,MODE_ID_3,-12493,-11995,-13006,0.001282,0.000811,-0.001342,0.000751,0x36
23.650,MODE_ID_3,-12500,-11999,-13012,-0.000021,0.000192,-0.002529,-0.002358,0x36
23.660,MODE_ID_3,-12485,-12006,-13004,0.002936,-0.001321,-0.000971,0.000644,0x36
23.670,MODE_ID_3,-12498,-12014,-12997,0.000385,-0.002945,0.000408,-0.002152,0x36
23.680,MODE_ID_3,-12496,-11989,-12996,0.000637,0.002139,0.000796,0.003572,0x36
23.690,MODE_ID_3,-12496,-12002,-13007,0.000609,-0.000510,-0.001472,-0.001373,0x36
23.700,MODE_ID_3,-12489,-12005,-13014,0.002137,-0.001044,-0.002859,-0.001766,0x36
23.710,MODE_ID_3,-12508,-11987,-12989,-0.001750,0.002441,0.002165,0.002856,0x36
23.720,MODE_ID_3,-12495,-11987,-13011,0.000811,0.002420,-0.002234,0.000997,0x36
23.730,MODE_ID_3,-12501,-11995,-12988,-0.000311,0.000869,0.002358,0.002916,0x36
23.741,MODE_ID_3,-12486,-11988,-12985,0.002630,0.002235,0.002912,0.007777,0x36
23.752,MODE_ID_3,-12497,-11996,-12990,0.000418,0.000628,0.001814,0.002860,0x36
23.760,MODE_ID_3,-12495,-11987,-12995,0.000824,0.002401,0.000903,0.004128,0x36
23.770,MODE_ID_3,-12490,-11986,-13003,0.001928,0.002604,-0.000740,0.003792,0x36
23.780,MODE_ID_3,-12491,-11991,-13005,0.001773,0.001778,-0.001050,0.002501,0x36
23.790,MODE_ID_3,-12494,-11998,-12986,0.001028,0.000345,0.002709,0.004082,0x36
23.800,MODE_ID_3,-12492,-12002,-13006,0.001556,-0.000524,-0.001280,-0.000248,0x36
23.810,MODE_ID_3,-12503,-12004,-13000,-0.000727,-0.000980,-0.000101,-0.001808,0x36
23.820,MODE_ID_3,-12485,-11985,-13013,0.002958,0.002871,-0.002740,0.003089,0x36
23.830,MODE_ID_3,-12504,-12001,-12998,-0.000938,-0.000320,0.000353,-0.000905,0x36
23.840,MODE_ID_3,-12489,-12009,-13008,0.002025,-0.001875,-0.001681,-0.001531,0x36
23.850,MODE_ID_3,-12514,-11988,-13009,-0.002810,0.002239,-0.001934,-0.002505,0x36
23.860,MODE_ID_3,-12491,-11989,-12999,0.001671,0.002141,0.000101,0.003913,0x36
23.870,MODE_ID_3,-12512,-11997,-12992,-0.002404,0.000487,0.001540,-0.000377,0x36
23.880,MODE_ID_3,-12497,-12006,-12998,0.000573,-0.001213,0.000276,-0.000364,0x36
23.890,MODE_ID_3,-12488,-11988,-13002,0.002329,0.002256,-0.000443,0.004142,0x36
23.900,MODE_ID_3,-12500,-12009,-12993,-0.000078,-0.001987,0.001317,-0.000748,0x36
23.910,MODE_ID_3,-12495,-12007,-12992,0.000866,-0.001586,0.001472,0.000752,0x36
23.920,MODE_ID_3,-12497,-11998,-12987,0.000533,0.000257,0.002500,0.003290,0x36
23.930,MODE_ID_3,-12504,-11999,-13006,-0.000958,0.000122,-0.001374,-0.002210,0x36
23.940,MODE_ID_3,-12497,-12000,-13005,0.000509,-0.000082,-0.001143,-0.000716,0x36
23.950,MODE_ID_3,-12486,-11989,-13004,0.002763,0.002087,-0.000806,0.004044,0x36
23.960,MODE_ID_3,-12508,-11997,-13005,-0.001678,0.000564,-0.001079,-0.002193,0x36
23.970,MODE_ID_3,-12503,-12013,-12996,-0.000764,-0.002733,0.000617,-0.002880,0x36
23.980,MODE_ID_3,-12502,-12012,-13013,-0.000522,-0.002419,-0.002643,-0.005584,0x36
23.990,MODE_ID_3,-12494,-12013,-12994,0.001185,-0.002724,0.001087,-0.000452,0x36
24.000,MODE_ID_3,-12500,-12001,-12999,-0.000115,-0.000214,0.000029,-0.000300,0x36
24.010,MODE_ID_3,-12488,-11989,-12997,0.002233,0.002096,0.000422,0.004751,0x36
24.020,MODE_ID_3,-12513,-12003,-12991,-0.002621,-0.000668,0.001615,-0.001674,0x36
24.030,MODE_ID_3,-12495,-11997,-12985,0.000928,0.000423,0.002989,0.004340,0x36
24.040,MODE_ID_3,-12513,-12000,-12995,-0.002743,-0.000156,0.000962,-0.001937,0x36
24.050,MODE_ID_3,-12496,-11985,-13010,0.000651,0.002912,-0.002189,0.001374,0x36
24.060,MODE_ID_3,-12511,-11986,-13001,-0.002265,0.002769,-0.000223,0.000281,0x36
24.070,MODE_ID_3,-12502,-12009,-12985,-0.000503,-0.001965,0.002871,0.000403,0x36
24.080,MODE_ID_3,-12501,-12006,-12989,-0.000371,-0.001207,0.002091,0.000513,0x36
24.091,MODE_ID_3,-12507,-11997,-12997,-0.001427,0.000455,0.000404,-0.000568,0x36
24.100,MODE_ID_3,-12488,-11985,-13013,0.002288,0.002996,-0.002617,0.002667,0x36
24.110,MODE_ID_3,-12499,-11989,-13009,0.000176,0.002101,-0.001849,0.000428,0x36
24.120,MODE_ID_3,-12513,-12013,-13005,-0.002698,-0.002727,-0.001171,-0.006596,0x36
24.130,MODE_ID_3,-12508,-11997,-13003,-0.001669,0.000503,-0.000620,-0.001786,0x36
24.141,MODE_ID_3,-12499,-11997,-13008,0.000074,0.000567,-0.001716,-0.001075,0x36
24.150,MODE_ID_3,-12494,-12007,-12999,0.001146,-0.001404,0.000052,-0.000206,0x36
24.161,MODE_ID_3,-12513,-11992,-12989,-0.002777,0.001402,0.002033,0.000658,0x36
24.170,MODE_ID_3,-12497,-11996,-12992,0.000588,0.000754,0.001514,0.002856,0x36
24.180,MODE_ID_3,-12488,-11993,-12994,0.002312,0.001303,0.001180,0.004795,0x36
24.190,MODE_ID_3,-12497,-11996,-12998,0.000462,0.000744,0.000291,0.001497,0x36
24.200,MODE_ID_3,-12503,-12009,-12986,-0.000772,-0.001958,0.002747,0.000017,0x36
24.210,MODE_ID_3,-12510,-11992,-13004,-0.002174,0.001485,-0.000911,-0.001600,0x36
24.220,MODE_ID_3,-12487,-12004,-12985,0.002587,-0.000889,0.002996,0.004694,0x36
24.230,MODE_ID_3,-12506,-12007,-13011,-0.001375,-0.001581,-0.002334,-0.005290,0x36
24.240,MODE_ID_3,-12488,-12011,-13006,0.002282,-0.002378,-0.001292,-0.001388,0x36
24.250,MODE_ID_3,-12511,-12006,-13010,-0.002315,-0.001323,-0.002172,-0.005810,0x36
24.260,MODE_ID_3,-12504,-12007,-12985,-0.000947,-0.001483,0.002863,0.000433,0x36
24.270,MODE_ID_3,-12500,-11993,-12993,-0.000048,0.001381,0.001264,0.002597,0x36
24.405,MODE_ID_3,-12489,-12009,-13006,0.002047,-0.001987,-0.001396,-0.001336,0x36
24.415,MODE_ID_3,-12509,-11996,-13014,-0.001933,0.000629,-0.002891,-0.004195,0x36
24.420,MODE_ID_3,-12499,-11993,-13010,0.000051,0.001249,-0.002168,-0.000868,0x36
24.430,MODE_ID_3,-12497,-12010,-13000,0.000474,-0.002119,-0.000176,-0.001821,0x36
24.441,MODE_ID_3,-12500,-12003,-12989,-0.000168,-0.000711,0.002119,0.001240,0x36
24.450,MODE_ID_3,-12503,-11987,-13007,-0.000688,0.002414,-0.001401,0.000325,0x36
24.460,MODE_ID_3,-12508,-12004,-12993,-0.001633,-0.000898,0.001275,-0.001256,0x36
24.470,MODE_ID_3,-12503,-12010,-13013,-0.000795,-0.002122,-0.002758,-0.005675,0x36
24.480,MODE_ID_3,-12501,-12011,-13005,-0.000328,-0.002226,-0.001050,-0.003604,0x36
24.490,MODE_ID_3,-12502,-11994,-12998,-0.000597,0.001149,0.000211,0.000763,0x36
24.500,MODE_ID_3,-12487,-11994,-13004,0.002480,0.001012,-0.000931,0.002561,0x36
24.510,MODE_ID_3,-12504,-11985,-13010,-0.000873,0.002889,-0.002043,-0.000027,0x36
24.520,MODE_ID_3,-12489,-11999,-12999,0.002115,0.000076,0.000113,0.002304,0x36
24.530,MODE_ID_3,-12513,-12014,-13007,-0.002762,-0.002939,-0.001540,-0.007241,0x36
24.540,MODE_ID_3,-12510,-12012,-13005,-0.002055,-0.002487,-0.001130,-0.005672,0x36
24.550,MODE_ID_3,-12508,-12008,-12997,-0.001651,-0.001741,0.000421,-0.002971,0x36
24.560,MODE_ID_3,-12498,-11990,-13000,0.000293,0.001849,-0.000139,0.002003,0x36
24.570,MODE_ID_3,-12509,-11999,-13003,-0.001933,0.000093,-0.000683,-0.002523,0x36
24.580,MODE_ID_3,-12512,-12001,-13003,-0.002431,-0.000203,-0.000753,-0.003387,0x36
24.590,MODE_ID_3,-12499,-12001,-12998,0.000017,-0.000212,0.000376,0.000181,0x36
24.600,MODE_ID_3,-12503,-11988,-12989,-0.000798,0.002240,0.002172,0.003614,0x36
24.610,MODE_ID_3,-12498,-12001,-13010,0.000226,-0.000240,-0.002030,-0.002044,0x36
24.620,MODE_ID_3,-12512,-12012,-13005,-0.002412,-0.002472,-0.001025,-0.005909,0x36
24.630,MODE_ID_3,-12513,-12003,-12995,-0.002746,-0.000696,0.000825,-0.002617,0x36
24.640,MODE_ID_3,-12500,-11988,-12998,-0.000160,0.002339,0.000345,0.002524,0x36
24.650,MODE_ID_3,-12491,-12000,-12987,0.001638,-0.000035,0.002422,0.004025,0x36
24.660,MODE_ID_3,-12500,-12014,-12994,-0.000091,-0.002997,0.001181,-0.001907,0x36
24.670,MODE_ID_3,-12489,-11999,-12991,0.002109,0.000112,0.001689,0.003910,0x36
24.680,MODE_ID_3,-12506,-11986,-13011,-0.001292,0.002734,-0.002366,-0.000924,0x36
24.690,MODE_ID_3,-12494,-11995,-12999,0.001190,0.000966,0.000084,0.002240,0x36
24.700,MODE_ID_3,-12487,-11988,-13007,0.002482,0.002214,-0.001452,0.003244,0x36
24.710,MODE_ID_3,-12506,-11996,-13008,-0.001260,0.000785,-0.001666,-0.002141,0x36
24.720,MODE_ID_3,-12506,-12002,-13008,-0.001224,-0.000417,-0.001676,-0.003317,0x36
24.729,MODE_ID_3,-12501,-11997,-13009,-0.000265,0.000508,-0.001878,-0.001635,0x36
24.741,MODE_ID_3,-12495,-12014,-12998,0.000821,-0.002940,0.000357,-0.001762,0x36
24.750,MODE_ID_3,-12487,-11987,-13004,0.002431,0.002535,-0.000973,0.003993,0x36
24.760,MODE_ID_3,-12491,-12005,-12993,0.001614,-0.001161,0.001305,0.001758,0x36
24.770,MODE_ID_3,-12489,-11996,-13010,0.002066,0.000713,-0.002198,0.000581,0x36
24.780,MODE_ID_3,-12512,-11995,-13010,-0.002545,0.000832,-0.002122,-0.003835,0x36
24.790,MODE_ID_3,-12496,-12008,-12999,0.000676,-0.001790,0.000094,-0.001020,0x36
24.805,MODE_ID_3,-12511,-12005,-13003,-0.002287,-0.001056,-0.000683,-0.004026,0x36
24.810,MODE_ID_3,-12510,-12008,-12999,-0.002064,-0.001692,0.000034,-0.003722,0x36
24.820,MODE_ID_3,-12497,-11986,-13010,0.000531,0.002716,-0.002134,0.001113,0x36
24.830,MODE_ID_3,-12514,-11992,-12987,-0.002856,0.001556,0.002493,0.001193,0x36
24.841,MODE_ID_3,-12492,-12010,-13009,0.001433,-0.002034,-0.001856,-0.002457,0x36
24.850,MODE_ID_3,-12488,-11996,-13011,0.002301,0.000696,-0.002297,0.000700,0x36
24.860,MODE_ID_3,-12509,-12007,-13007,-0.001909,-0.001473,-0.001596,-0.004978,0x36
24.870,MODE_ID_3,-12485,-12002,-12993,0.002837,-0.000462,0.001296,0.003671,0x36
