0.025,MODE_ID_2,-12495,-12010,-13002,0.000821,-0.002137,-0.000493,-0.001809,0x36
0.045,MODE_ID_2,-12493,-12009,-13013,0.001322,-0.001931,-0.002781,-0.003390,0x36
0.048,MODE_ID_2,-12501,-11998,-12993,-0.000335,0.000285,0.001273,0.001223,0x36
0.058,MODE_ID_2,-12507,-11997,-12996,-0.001445,0.000517,0.000623,-0.000305,0x36
0.069,MODE_ID_2,-12492,-12005,-12987,0.001511,-0.001029,0.002528,0.003010,0x36
0.079,MODE_ID_2,-12513,-12007,-12995,-0.002676,-0.001446,0.000851,-0.003271,0x36
0.089,MODE_ID_2,-12488,-11986,-12988,0.002202,0.002636,0.002367,0.007205,0x36
0.099,MODE_ID_2,-12507,-11994,-12988,-0.001491,0.001200,0.002270,0.001979,0x36
0.109,MODE_ID_2,-12510,-12003,-13002,-0.002103,-0.000725,-0.000494,-0.003322,0x36
0.120,MODE_ID_2,-12500,-12014,-13010,-0.000051,-0.002864,-0.002096,-0.005011,0x36
0.128,MODE_ID_2,-12497,-11997,-13010,0.000420,0.000529,-0.002007,-0.001058,0x36
0.138,MODE_ID_2,-12501,-12009,-12997,-0.000227,-0.001946,0.000546,-0.001627,0x36
0.149,MODE_ID_2,-12510,-11997,-12997,-0.002151,0.000516,0.000434,-0.001201,0x36
0.159,MODE_ID_2,-12491,-11987,-12985,0.001689,0.002584,0.002844,0.007117,0x36
0.169,MODE_ID_2,-12494,-12006,-12999,0.001157,-0.001259,0.000046,-0.000056,0x36
0.179,MODE_ID_2,-12510,-11990,-12985,-0.002027,0.001929,0.002972,0.002874,0x36
0.188,MODE_ID_2,-12485,-12007,-13003,0.002814,-0.001566,-0.000751,0.000497,0x36
0.203,MODE_ID_2,-12486,-12000,-12987,0.002642,-0.000151,0.002476,0.004967,0x36
0.208,MODE_ID_2,-12500,-12002,-13010,-0.000009,-0.000507,-0.002058,-0.002574,0x36
0.219,MODE_ID_2,-12498,-11992,-13009,0.000343,0.001569,-0.001872,0.000040,0x36
0.229,MODE_ID_2,-12491,-11992,-12992,0.001626,0.001433,0.001470,0.004529,0x36
0.238,MODE_ID_2,-12511,-11987,-12988,-0.002204,0.002541,0.002256,0.002593,0x36
0.249,MODE_ID_2,-12506,-11989,-12988,-0.001297,0.002074,0.002311,0.003088,0x36
0.259,MODE_ID_2,-12497,-11997,-13008,0.000431,0.000521,-0.001664,-0.000712,0x36
0.269,MODE_ID_2,-12514,-11985,-12998,-0.002926,0.002866,0.000206,0.000146,0x36
0.279,MODE_ID_2,-12510,-12000,-12994,-0.002142,-0.000134,0.001105,-0.001171,0x36
0.289,MODE_ID_2,-12489,-11999,-13012,0.002048,0.000177,-0.002424,-0.000199,0x36
0.299,MODE_ID_2,-12498,-12013,-12988,0.000221,-0.002707,0.002302,-0.000184,0x36
0.309,MODE_ID_2,-12506,-11996,-12994,-0.001304,0.000767,0.001136,0.000599,0x36
0.320,MODE_ID_2,-12496,-12000,-12996,0.000618,-0.000002,0.000625,0.001241,0x36
0.328,MODE_ID_2,-12498,-12006,-12996,0.000308,-0.001387,0.000768,-0.000311,0x36
0.339,MODE_ID_2,-12496,-11990,-13000,0.000669,0.001867,-0.000096,0.002440,0x36
0.349,MODE_ID_2,-12497,-11997,-13001,0.000505,0.000491,-0.000326,0.000670,0x36
0.359,MODE_ID_2,-12500,-11990,-12997,-0.000120,0.001859,0.000470,0.002209,0x36
0.369,MODE_ID_2,-12510,-11999,-12989,-0.002094,0.000023,0.002187,0.000116,0x36
0.379,MODE_ID_2,-12512,-12013,-12999,-0.002550,-0.002788,0.000132,-0.005206,0x36
0.388,MODE_ID_2,-12495,-11986,-12991,0.000849,0.002793,0.001789,0.005431,0x36
0.399,MODE_ID_2,-12504,-11999,-13003,-0.000826,0.000189,-0.000613,-0.001250,0x36
0.409,MODE_ID_2,-12486,-12006,-13009,0.002788,-0.001330,-0.001914,-0.000456,0x36
0.419,MODE_ID_2,-12495,-12004,-13003,0.000864,-0.000905,-0.000694,-0.000735,0x36
0.428,MODE_ID_2,-12513,-12003,-13010,-0.002779,-0.000608,-0.002021,-0.005408,0x36
0.439,MODE_ID_2,-12487,-12012,-12999,0.002403,-0.002578,0.000078,-0.000097,0x36
0.450,MODE_ID_2,-12496,-12012,-12992,0.000789,-0.002482,0.001522,-0.000171,0x36
0.458,MODE_ID_2,-12488,-11993,-12988,0.002288,0.001384,0.002282,0.005954,0x36
0.470,MODE_ID_2,-12492,-12012,-13008,0.001417,-0.002514,-0.001613,-0.002710,0x36
0.479,MODE_ID_2,-12487,-12004,-13006,0.002448,-0.000961,-0.001230,0.000257,0x36
0.489,MODE_ID_2,-12499,-12012,-13002,0.000000,-0.002457,-0.000447,-0.002904,0x36
0.499,MODE_ID_2,-12495,-12001,-13010,0.000840,-0.000207,-0.002138,-0.001505,0x36
0.510,MODE_ID_2,-12494,-12010,-12992,0.001026,-0.002015,0.001541,0.000552,0x36
0.520,MODE_ID_2,-12508,-11998,-12986,-0.001739,0.000298,0.002603,0.001162,0x36
0.528,MODE_ID_2,-12491,-12008,-13008,0.001732,-0.001736,-0.001800,-0.001804,0x36
0.538,MODE_ID_2,-12492,-12009,-12998,0.001435,-0.001960,0.000381,-0.000144,0x36
0.548,MODE_ID_2,-12499,-12012,-13000,0.000032,-0.002485,-0.000084,-0.002537,0x36
0.559,MODE_ID_2,-12508,-11994,-12987,-0.001772,0.001034,0.002436,0.001698,0x36
0.569,MODE_ID_2,-12511,-12002,-13009,-0.002322,-0.000423,-0.001988,-0.004733,0x36
0.579,MODE_ID_2,-12493,-12003,-12997,0.001242,-0.000706,0.000580,0.001116,0x36
0.589,MODE_ID_2,-12495,-11999,-13000,0.000855,0.000021,-0.000095,0.000781,0x36
0.599,MODE_ID_2,-12489,-11992,-12992,0.002068,0.001501,0.001493,0.005062,0x36
0.609,MODE_ID_2,-12487,-12008,-13009,0.002579,-0.001681,-0.001962,-0.001064,0x36
0.620,MODE_ID_2,-12487,-11988,-13010,0.002562,0.002329,-0.002182,0.002709,0x36
0.630,MODE_ID_2,-12505,-11986,-12995,-0.001191,0.002720,0.000916,0.002445,0x36
0.638,MODE_ID_2,-12507,-12013,-13002,-0.001463,-0.002731,-0.000491,-0.004685,0x36
0.650,MODE_ID_2,-12488,-11991,-12985,0.002261,0.001718,0.002814,0.006793,0x36
0.659,MODE_ID_2,-12498,-11987,-13002,0.000365,0.002467,-0.000573,0.002259,0x36
0.669,MODE_ID_2,-12514,-12007,-13007,-0.002840,-0.001441,-0.001598,-0.005879,0x36
0.679,MODE_ID_2,-12488,-12001,-13013,0.002275,-0.000211,-0.002739,-0.000675,0x36
0.689,MODE_ID_2,-12504,-12001,-13007,-0.000832,-0.000272,-0.001511,-0.002615,0x36
0.703,MODE_ID_2,-12513,-11989,-13005,-0.002777,0.002065,-0.001026,-0.001738,0x36
0.709,MODE_ID_2,-12506,-12004,-12997,-0.001218,-0.000900,0.000557,-0.001561,0x36
0.719,MODE_ID_2,-12486,-12002,-12987,0.002640,-0.000475,0.002546,0.004711,0x36
0.729,MODE_ID_2,-12510,-12004,-13013,-0.002085,-0.000989,-0.002724,-0.005798,0x36
0.739,MODE_ID_2,-12487,-12004,-13005,0.002502,-0.000996,-0.001132,0.000374,0x36
0.748,MODE_ID_2,-12507,-12001,-13009,-0.001554,-0.000363,-0.001996,-0.003913,0x36
0.759,MODE_ID_2,-12491,-11985,-12987,0.001653,0.002805,0.002594,0.007052,0x36
0.769,MODE_ID_2,-12496,-12012,-13012,0.000778,-0.002474,-0.002431,-0.004127,0x36
0.779,MODE_ID_2,-12507,-12011,-13009,-0.001571,-0.002236,-0.001903,-0.005710,0x36
0.789,MODE_ID_2,-12505,-11996,-12991,-0.001135,0.000672,0.001681,0.001218,0x36
0.799,MODE_ID_2,-12495,-11993,-13000,0.000958,0.001262,-0.000187,0.002033,0x36
0.809,MODE_ID_2,-12509,-12010,-13011,-0.001899,-0.002190,-0.002212,-0.006301,0x36
0.819,MODE_ID_2,-12506,-11993,-12993,-0.001309,0.001354,0.001359,0.001404,0x36
0.829,MODE_ID_2,-12501,-12009,-12993,-0.000365,-0.001876,0.001373,-0.000868,0x36
0.839,MODE_ID_2,-12503,-12005,-13004,-0.000728,-0.001195,-0.000837,-0.002760,0x36
0.849,MODE_ID_2,-12493,-12013,-13009,0.001397,-0.002656,-0.001858,-0.003117,0x36
0.859,MODE_ID_2,-12487,-11985,-12988,0.002511,0.002937,0.002383,0.007831,0x36
0.869,MODE_ID_2,-12494,-11997,-12989,0.001168,0.000433,0.002094,0.003695,0x36
0.879,MODE_ID_2,-12507,-12009,-12993,-0.001576,-0.001851,0.001388,-0.002039,0x36
0.888,MODE_ID_2,-12508,-11985,-12993,-0.001702,0.002953,0.001251,0.002502,0x36
0.899,MODE_ID_2,-12492,-11995,-12992,0.001548,0.000854,0.001559,0.003961,0x36
0.909,MODE_ID_2,-12510,-12005,-12993,-0.002179,-0.001043,0.001224,-0.001998,0x36
0.919,MODE_ID_2,-12490,-11999,-13006,0.001996,0.000039,-0.001311,0.000724,0x36
0.929,MODE_ID_2,-12508,-12002,-13012,-0.001752,-0.000557,-0.002479,-0.004788,0x36
0.939,MODE_ID_2,-12514,-11985,-12987,-0.002885,0.002844,0.002417,0.002376,0x36
0.949,MODE_ID_2,-12501,-11991,-13006,-0.000243,0.001737,-0.001398,0.000096,0x36
0.959,MODE_ID_2,-12488,-11994,-12990,0.002331,0.001078,0.001977,0.005386,0x36
0.969,MODE_ID_2,-12500,-12002,-12987,-0.000055,-0.000476,0.002427,0.001896,0x36
0.979,MODE_ID_2,-12496,-12011,-12996,0.000726,-0.002228,0.000666,-0.000836,0x36
0.989,MODE_ID_2,-12504,-12002,-12994,-0.000975,-0.000558,0.001073,-0.000460,0x36
0.999,MODE_ID_2,-12514,-12003,-13004,-0.002960,-0.000771,-0.000993,-0.004724,0x36
1.010,MODE_ID_2,-12506,-12009,-12994,-0.001290,-0.001890,0.001071,-0.002109,0x36
1.020,MODE_ID_2,-12509,-12001,-13013,-0.001806,-0.000364,-0.002615,-0.004785,0x36
1.029,MODE_ID_2,-12509,-12004,-12991,-0.001823,-0.000950,0.001603,-0.001170,0x36
1.039,MODE_ID_2,-12490,-11999,-13012,0.001864,0.000007,-0.002510,-0.000639,0x36
1.049,MODE_ID_2,-12510,-11994,-13008,-0.002053,0.001145,-0.001703,-0.002611,0x36
1.059,MODE_ID_2,-12504,-12006,-13004,-0.000803,-0.001395,-0.000862,-0.003060,0x36
1.069,MODE_ID_2,-12499,-12000,-13010,0.000141,-0.000105,-0.002171,-0.002135,0x36
1.079,MODE_ID_2,-12502,-12001,-13000,-0.000417,-0.000372,-0.000099,-0.000888,0x36
1.089,MODE_ID_2,-12488,-11996,-13013,0.002267,0.000717,-0.002658,0.000326,0x36
1.099,MODE_ID_2,-12493,-11991,-12995,0.001235,0.001646,0.000821,0.003702,0x36
1.109,MODE_ID_2,-12487,-11999,-12989,0.002493,0.000068,0.002104,0.004665,0x36
1.119,MODE_ID_2,-12497,-12001,-13012,0.000415,-0.000301,-0.002564,-0.002450,0x36
1.129,MODE_ID_2,-12501,-12004,-12993,-0.000370,-0.000815,0.001260,0.000075,0x36
1.139,MODE_ID_2,-12508,-11988,-12990,-0.001715,0.002301,0.001959,0.002545,0x36
1.149,MODE_ID_2,-12506,-12000,-13005,-0.001304,-0.000139,-0.001125,-0.002568,0x36
1.159,MODE_ID_2,-12500,-12001,-12996,-0.000045,-0.000202,0.000706,0.000459,0x36
1.169,MODE_ID_2,-12495,-12005,-13003,0.000842,-0.001075,-0.000697,-0.000930,0x36
1.179,MODE_ID_2,-12502,-11998,-12993,-0.000451,0.000209,0.001255,0.001013,0x36
1.189,MODE_ID_2,-12514,-12001,-12993,-0.002960,-0.000295,0.001257,-0.001998,0x36
1.198,MODE_ID_2,-12500,-12001,-13013,-0.000120,-0.000227,-0.002753,-0.003100,0x36
1.209,MODE_ID_2,-12510,-11994,-13014,-0.002184,0.001126,-0.002869,-0.003927,0x36
1.219,MODE_ID_2,-12507,-11995,-12997,-0.001559,0.000962,0.000424,-0.000173,0x36
1.229,MODE_ID_2,-12501,-11986,-13012,-0.000380,0.002601,-0.002509,-0.000288,0x36
1.239,MODE_ID_2,-12492,-11998,-12991,0.001573,0.000356,0.001772,0.003701,0x36
1.250,MODE_ID_2,-12485,-11992,-12998,0.002998,0.001548,0.000252,0.004798,0x36
1.260,MODE_ID_2,-12500,-12010,-12994,-0.000101,-0.002039,0.001083,-0.001057,0x36
1.269,MODE_ID_2,-12505,-12012,-12987,-0.001164,-0.002451,0.002479,-0.001136,0x36
1.279,MODE_ID_2,-12514,-11997,-12985,-0.002880,0.000553,0.002900,0.000573,0x36
1.289,MODE_ID_2,-12496,-11994,-12985,0.000746,0.001008,0.002927,0.004681,0x36
1.298,MODE_ID_2,-12496,-12004,-12988,0.000609,-0.000988,0.002240,0.001861,0x36
1.309,MODE_ID_2,-12487,-11995,-12994,0.002472,0.000998,0.001111,0.004581,0x36
1.319,MODE_ID_2,-12500,-11995,-12991,-0.000039,0.000866,0.001666,0.002493,0x36
1.329,MODE_ID_2,-12490,-12008,-12994,0.001928,-0.001745,0.001078,0.001261,0x36
1.339,MODE_ID_2,-12488,-12003,-12988,0.002382,-0.000630,0.002225,0.003977,0x36
1.349,MODE_ID_2,-12490,-12011,-12986,0.001917,-0.002360,0.002789,0.002346,0x36
1.359,MODE_ID_2,-12506,-11998,-13005,-0.001220,0.000245,-0.001135,-0.002110,0x36
1.369,MODE_ID_2,-12508,-12013,-13001,-0.001768,-0.002774,-0.000251,-0.004793,0x36
1.379,MODE_ID_2,-12489,-11992,-12990,0.002099,0.001467,0.001918,0.005484,0x36
1.388,MODE_ID_2,-12499,-11994,-12989,0.000160,0.001154,0.002132,0.003446,0x36
1.400,MODE_ID_2,-12508,-12000,-12996,-0.001628,-0.000039,0.000741,-0.000926,0x36
1.409,MODE_ID_2,-12499,-12008,-12992,0.000019,-0.001610,0.001548,-0.000043,0x36
1.419,MODE_ID_2,-12506,-12009,-12989,-0.001252,-0.001878,0.002044,-0.001086,0x36
1.429,MODE_ID_2,-12507,-12012,-12985,-0.001487,-0.002572,0.002899,-0.001160,0x36
1.439,MODE_ID_2,-12493,-11995,-12991,0.001293,0.000808,0.001638,0.003739,0x36
1.449,MODE_ID_2,-12507,-11992,-12989,-0.001511,0.001503,0.002110,0.002102,0x36
1.459,MODE_ID_2,-12512,-11992,-13013,-0.002574,0.001481,-0.002629,-0.003722,0x36
1.469,MODE_ID_2,-12491,-12013,-13013,0.001795,-0.002731,-0.002689,-0.003625,0x36
1.479,MODE_ID_2,-12502,-12011,-13013,-0.000552,-0.002287,-0.002759,-0.005598,0x36
1.489,MODE_ID_2,-12508,-11988,-13008,-0.001787,0.002204,-0.001610,-0.001193,0x36
1.499,MODE_ID_2,-12492,-11991,-13003,0.001429,0.001769,-0.000613,0.002585,0x36
1.515,MODE_ID_2,-12485,-12010,-13007,0.002941,-0.002087,-0.001490,-0.000636,0x36
1.519,MODE_ID_2,-12491,-12005,-12995,0.001638,-0.001157,0.000960,0.001441,0x36
1.529,MODE_ID_2,-12503,-12009,-12996,-0.000620,-0.001947,0.000753,-0.001814,0x36
1.539,MODE_ID_2,-12513,-12013,-13000,-0.002663,-0.002696,-0.000165,-0.005524,0x36
1.549,MODE_ID_2,-12504,-11995,-13012,-0.000932,0.000953,-0.002521,-0.002500,0x36
1.559,MODE_ID_2,-12493,-12005,-13010,0.001334,-0.001068,-0.002031,-0.001765,0x36
1.569,MODE_ID_2,-12488,-11992,-12994,0.002324,0.001583,0.001124,0.005031,0x36
1.578,MODE_ID_2,-12487,-12000,-13001,0.002487,-0.000193,-0.000399,0.001895,0x36
1.589,MODE_ID_2,-12487,-11995,-12996,0.002432,0.000837,0.000786,0.004055,0x36
1.598,MODE_ID_2,-12492,-11999,-13013,0.001565,0.000194,-0.002783,-0.001024,0x36
1.609,MODE_ID_2,-12488,-11987,-12989,0.002341,0.002592,0.002159,0.007092,0x36
1.619,MODE_ID_2,-12486,-12003,-12986,0.002668,-0.000653,0.002655,0.004670,0x36
1.628,MODE_ID_2,-12489,-12000,-12994,0.002008,-0.000087,0.001057,0.002978,0x36
1.639,MODE_ID_2,-12497,-12005,-12985,0.000494,-0.001194,0.002995,0.002295,0x36
1.649,MODE_ID_2,-12488,-12005,-12993,0.002393,-0.001119,0.001269,0.002543,0x36
1.659,MODE_ID_2,-12494,-11985,-13014,0.001003,0.002931,-0.002839,0.001095,0x36
1.669,MODE_ID_2,-12503,-11988,-13014,-0.000717,0.002290,-0.002998,-0.001425,0x36
1.679,MODE_ID_2,-12491,-11998,-12997,0.001708,0.000226,0.000560,0.002494,0x36
1.689,MODE_ID_2,-12493,-12002,-13004,0.001327,-0.000460,-0.000852,0.000015,0x36
1.701,MODE_ID_2,-12507,-11985,-13009,-0.001540,0.002900,-0.001811,-0.000451,0x36
1.709,MODE_ID_2,-12497,-12000,-12986,0.000460,-0.000088,0.002695,0.003067,0x36
1.719,MODE_ID_2,-12491,-11987,-12997,0.001687,0.002584,0.000540,0.004811,0x36
1.729,MODE_ID_2,-12494,-12004,-13000,0.001194,-0.000978,-0.000081,0.000135,0x36
1.739,MODE_ID_2,-12503,-11989,-13012,-0.000672,0.002102,-0.002417,-0.000987,0x36
1.749,MODE_ID_2,-12487,-12011,-12999,0.002484,-0.002379,0.000017,0.000122,0x36
1.761,MODE_ID_2,-12496,-11997,-13006,0.000663,0.000561,-0.001344,-0.000120,0x36
1.769,MODE_ID_2,-12505,-11997,-13003,-0.001062,0.000508,-0.000749,-0.001303,0x36
1.779,MODE_ID_2,-12497,-12004,-13013,0.000569,-0.000952,-0.002688,-0.003071,0x36
1.789,MODE_ID_2,-12491,-12007,-13004,0.001664,-0.001482,-0.000879,-0.000697,0x36
1.799,MODE_ID_2,-12514,-11998,-12987,-0.002979,0.000221,0.002543,-0.000215,0x36
1.810,MODE_ID_2,-12493,-12012,-12987,0.001387,-0.002433,0.002547,0.001501,0x36
1.819,MODE_ID_2,-12503,-12014,-12988,-0.000728,-0.002908,0.002338,-0.001298,0x36
1.829,MODE_ID_2,-12512,-11999,-13009,-0.002465,0.000163,-0.001843,-0.004145,0x36
1.839,MODE_ID_2,-12512,-12011,-13011,-0.002497,-0.002323,-0.002212,-0.007032,0x36
1.849,MODE_ID_2,-12509,-12005,-13006,-0.001840,-0.001145,-0.001332,-0.004317,0x36
1.859,MODE_ID_2,-12491,-12006,-13014,0.001792,-0.001243,-0.002913,-0.002364,0x36
1.868,MODE_ID_2,-12510,-11994,-13011,-0.002168,0.001033,-0.002279,-0.003414,0x36
1.879,MODE_ID_2,-12514,-12012,-12993,-0.002844,-0.002412,0.001385,-0.003871,0x36
1.889,MODE_ID_2,-12491,-11985,-13004,0.001628,0.002874,-0.000845,0.003657,0x36
1.899,MODE_ID_2,-12489,-11994,-13004,0.002101,0.001126,-0.000969,0.002258,0x36
1.909,MODE_ID_2,-12496,-11988,-12990,0.000698,0.002328,0.001967,0.004993,0x36
1.919,MODE_ID_2,-12513,-11996,-12999,-0.002776,0.000630,0.000154,-0.001992,0x36
1.929,MODE_ID_2,-12506,-12003,-12998,-0.001254,-0.000638,0.000310,-0.001582,0x36
1.939,MODE_ID_2,-12490,-12000,-12988,0.001919,-0.000178,0.002372,0.004113,0x36
1.949,MODE_ID_2,-12488,-12007,-12996,0.002318,-0.001499,0.000737,0.001556,0x36
1.958,MODE_ID_2,-12505,-12013,-13014,-0.001080,-0.002679,-0.002819,-0.006578,0x36
1.970,MODE_ID_2,-12488,-11990,-13013,0.002249,0.001877,-0.002640,0.001486,0x36
1.979,MODE_ID_2,-12514,-11987,-13002,-0.002906,0.002550,-0.000582,-0.000938,0x36
1.988,MODE_ID_2,-12508,-12008,-13012,-0.001626,-0.001763,-0.002540,-0.005929,0x36
1.999,MODE_ID_2,-12496,-12012,-12998,0.000694,-0.002565,0.000284,-0.001587,0x36
2.010,MODE_ID_2,-12487,-12009,-12990,0.002404,-0.001874,0.001860,0.002390,0x36
2.019,MODE_ID_2,-12499,-12012,-13014,0.000105,-0.002487,-0.002860,-0.005242,0x36
2.029,MODE_ID_2,-12509,-11996,-13009,-0.001979,0.000788,-0.001925,-0.003116,0x36
2.039,MODE_ID_2,-12495,-12011,-13006,0.000817,-0.002306,-0.001299,-0.002788,0x36
2.049,MODE_ID_2,-12509,-11989,-13011,-0.001829,0.002003,-0.002296,-0.002122,0x36
2.059,MODE_ID_2,-12490,-12007,-12991,0.001849,-0.001554,0.001689,0.001984,0x36
2.069,MODE_ID_2,-12487,-11996,-13013,0.002424,0.000710,-0.002707,0.000427,0x36
2.079,MODE_ID_2,-12503,-11995,-12986,-0.000687,0.000807,0.002620,0.002740,0x36
2.089,MODE_ID_2,-12512,-11991,-12986,-0.002570,0.001720,0.002779,0.001929,0x36
2.099,MODE_ID_2,-12503,-11996,-13007,-0.000699,0.000616,-0.001514,-0.001597,0x36
2.109,MODE_ID_2,-12490,-11990,-12991,0.001982,0.001977,0.001735,0.005694,0x36
2.118,MODE_ID_2,-12498,-11989,-12993,0.000392,0.002071,0.001343,0.003806,0x36
2.129,MODE_ID_2,-12499,-11991,-12985,0.000075,0.001778,0.002823,0.004676,0x36
2.139,MODE_ID_2,-12485,-11987,-13008,0.002964,0.002467,-0.001747,0.003684,0x36
2.148,MODE_ID_2,-12494,-12003,-12989,0.001175,-0.000769,0.002074,0.002480,0x36
2.159,MODE_ID_2,-12487,-11994,-12998,0.002486,0.001025,0.000374,0.003885,0x36
2.168,MODE_ID_2,-12511,-12010,-12996,-0.002359,-0.002020,0.000644,-0.003735,0x36
2.178,MODE_ID_2,-12506,-11996,-13014,-0.001250,0.000794,-0.002818,-0.003274,0x36
2.189,MODE_ID_2,-12493,-12012,-13010,0.001369,-0.002512,-0.002084,-0.003227,0x36
2.199,MODE_ID_2,-12502,-11994,-12994,-0.000489,0.001136,0.001021,0.001668,0x36
2.209,MODE_ID_2,-12514,-12005,-12995,-0.002929,-0.001004,0.000852,-0.003081,0x36
2.219,MODE_ID_2,-12491,-11988,-12994,0.001782,0.002257,0.001189,0.005228,0x36
2.229,MODE_ID_2,-12505,-12008,-12995,-0.001179,-0.001788,0.000925,-0.002042,0x36
2.239,MODE_ID_2,-12491,-12008,-13008,0.001600,-0.001653,-0.001630,-0.001683,0x36
2.249,MODE_ID_2,-12489,-12013,-13008,0.002098,-0.002663,-0.001601,-0.002166,0x36
2.259,MODE_ID_2,-12509,-12002,-12998,-0.001967,-0.000464,0.000285,-0.002146,0x36
2.269,MODE_ID_2,-12501,-12005,-13003,-0.000397,-0.001034,-0.000671,-0.002102,0x36
2.279,MODE_ID_2,-12501,-12008,-13002,-0.000392,-0.001669,-0.000585,-0.002646,0x36
2.288,MODE_ID_2,-12501,-11987,-13004,-0.000328,0.002530,-0.000887,0.001315,0x36
2.299,MODE_ID_2,-12513,-12000,-12988,-0.002687,-0.000113,0.002234,-0.000566,0x36
2.309,MODE_ID_2,-12497,-11999,-12997,0.000495,0.000029,0.000422,0.000946,0x36
2.319,MODE_ID_2,-12504,-12010,-13010,-0.000971,-0.002110,-0.002025,-0.005106,0x36
2.328,MODE_ID_2,-12508,-11998,-13003,-0.001671,0.000273,-0.000774,-0.002172,0x36
2.339,MODE_ID_2,-12503,-11988,-12995,-0.000717,0.002316,0.000850,0.002449,0x36
2.349,MODE_ID_2,-12509,-11985,-12993,-0.001929,0.002955,0.001271,0.002297,0x36
2.359,MODE_ID_2,-12495,-11991,-12993,0.000951,0.001781,0.001240,0.003972,0x36
2.368,MODE_ID_2,-12492,-11999,-12999,0.001529,0.000063,0.000012,0.001604,0x36
2.379,MODE_ID_2,-12506,-12000,-12995,-0.001283,-0.000189,0.000940,-0.000532,0x36
2.388,MODE_ID_2,-12501,-11995,-13011,-0.000254,0.000965,-0.002267,-0.001556,0x36
2.398,MODE_ID_2,-12509,-12001,-12990,-0.001999,-0.000250,0.001864,-0.000385,0x36
2.408,MODE_ID_2,-12488,-12009,-12995,0.002272,-0.001895,0.000989,0.001366,0x36
2.418,MODE_ID_2,-12490,-12006,-13002,0.001967,-0.001348,-0.000443,0.000176,0x36
2.429,MODE_ID_2,-12507,-12002,-12987,-0.001523,-0.000448,0.002580,0.000609,0x36
2.439,MODE_ID_2,-12497,-11988,-12985,0.000548,0.002347,0.002834,0.005729,0x36
2.449,MODE_ID_2,-12498,-11992,-13012,0.000319,0.001514,-0.002544,-0.000711,0x36
2.459,MODE_ID_2,-12488,-12004,-12994,0.002246,-0.000977,0.001071,0.002340,0x36
2.469,MODE_ID_2,-12503,-12001,-13012,-0.000737,-0.000291,-0.002543,-0.003571,0x36
2.478,MODE_ID_2,-12501,-11990,-12993,-0.000255,0.001897,0.001378,0.003020,0x36
2.488,MODE_ID_2,-12505,-11988,-13013,-0.001118,0.002231,-0.002693,-0.001580,0x36
2.499,MODE_ID_2,-12514,-12009,-12996,-0.002925,-0.001973,0.000707,-0.004191,0x36
2.509,MODE_ID_2,-12514,-11987,-13006,-0.002938,0.002469,-0.001323,-0.001792,0x36
2.521,MODE_ID_2,-12489,-12011,-12993,0.002056,-0.002373,0.001281,0.000964,0x36
2.529,MODE_ID_2,-12507,-12005,-13009,-0.001476,-0.001077,-0.001845,-0.004398,0x36
2.539,MODE_ID_2,-12491,-12003,-13011,0.001732,-0.000734,-0.002201,-0.001203,0x36
2.549,MODE_ID_2,-12490,-12001,-13005,0.001903,-0.000364,-0.001142,0.000397,0x36
2.559,MODE_ID_2,-12509,-12009,-12997,-0.001829,-0.001923,0.000598,-0.003154,0x36
2.569,MODE_ID_2,-12488,-11986,-13012,0.002380,0.002799,-0.002542,0.002637,0x36
2.579,MODE_ID_2,-12498,-11986,-13012,0.000386,0.002783,-0.002512,0.000657,0x36
2.589,MODE_ID_2,-12506,-11997,-13006,-0.001296,0.000587,-0.001388,-0.002097,0x36
2.599,MODE_ID_2,-12496,-11994,-13003,0.000755,0.001056,-0.000689,0.001122,0x36
2.608,MODE_ID_2,-12508,-11985,-13006,-0.001653,0.002939,-0.001365,-0.000079,0x36
2.619,MODE_ID_2,-12499,-12000,-13002,0.000020,-0.000076,-0.000469,-0.000525,0x36
2.629,MODE_ID_2,-12511,-12000,-12989,-0.002377,-0.000139,0.002153,-0.000363,0x36
2.639,MODE_ID_2,-12508,-11999,-13012,-0.001703,0.000008,-0.002535,-0.004230,0x36
2.649,MODE_ID_2,-12503,-12006,-13012,-0.000783,-0.001316,-0.002420,-0.004519,0x36
2.658,MODE_ID_2,-12498,-11985,-12994,0.000249,0.002912,0.001181,0.004342,0x36
2.668,MODE_ID_2,-12501,-12005,-12989,-0.000238,-0.001055,0.002036,0.000743,0x36
2.679,MODE_ID_2,-12487,-12010,-12999,0.002449,-0.002049,0.000058,0.000458,0x36
2.688,MODE_ID_2,-12506,-12006,-12994,-0.001297,-0.001273,0.001148,-0.001422,0x36
2.698,MODE_ID_2,-12491,-11996,-12986,0.001659,0.000769,0.002696,0.005124,0x36
2.708,MODE_ID_2,-12485,-11986,-13000,0.002934,0.002719,-0.000195,0.005458,0x36
2.719,MODE_ID_2,-12510,-11997,-12986,-0.002114,0.000414,0.002710,0.001010,0x36
2.728,MODE_ID_2,-12487,-12012,-13011,0.002509,-0.002446,-0.002246,-0.002183,0x36
2.739,MODE_ID_2,-12506,-11997,-13012,-0.001331,0.000400,-0.002561,-0.003492,0x36
2.749,MODE_ID_2,-12496,-11988,-13007,0.000708,0.002348,-0.001534,0.001522,0x36
2.759,MODE_ID_2,-12501,-12002,-13005,-0.000269,-0.000446,-0.001181,-0.001896,0x36
2.769,MODE_ID_2,-12506,-12013,-13012,-0.001254,-0.002745,-0.002556,-0.006555,0x36
2.779,MODE_ID_2,-12491,-12009,-13008,0.001673,-0.001898,-0.001676,-0.001901,0x36
2.789,MODE_ID_2,-12508,-11988,-12994,-0.001737,0.002249,0.001173,0.001685,0x36
2.799,MODE_ID_2,-12491,-11997,-12994,0.001712,0.000453,0.001054,0.003219,0x36
2.809,MODE_ID_2,-12507,-12007,-13009,-0.001404,-0.001517,-0.001817,-0.004738,0x36
2.818,MODE_ID_2,-12488,-12009,-13014,0.002244,-0.001822,-0.002853,-0.002431,0x36
2.829,MODE_ID_2,-12490,-12010,-12999,0.001854,-0.002154,0.000174,-0.000126,0x36
2.839,MODE_ID_2,-12509,-12011,-13010,-0.001936,-0.002362,-0.002004,-0.006302,0x36
2.849,MODE_ID_2,-12488,-11997,-12988,0.002320,0.000527,0.002317,0.005164,0x36
2.858,MODE_ID_2,-12492,-11993,-13007,0.001400,0.001305,-0.001599,0.001106,0x36
2.869,MODE_ID_2,-12488,-12000,-12999,0.002212,-0.000069,0.000044,0.002187,0x36
2.879,MODE_ID_2,-12514,-12005,-12992,-0.002820,-0.001129,0.001562,-0.002387,0x36
2.889,MODE_ID_2,-12498,-12014,-12991,0.000239,-0.002977,0.001683,-0.001055,0x36
2.899,MODE_ID_2,-12490,-11996,-12990,0.001857,0.000757,0.001967,0.004581,0x36
2.909,MODE_ID_2,-12495,-12011,-13001,0.000830,-0.002203,-0.000293,-0.001666,0x36
2.919,MODE_ID_2,-12499,-12010,-12991,0.000066,-0.002109,0.001794,-0.000249,0x36
2.929,MODE_ID_2,-12502,-11985,-13010,-0.000595,0.002875,-0.002029,0.000251,0x36
2.939,MODE_ID_2,-12503,-11991,-13006,-0.000677,0.001729,-0.001251,-0.000199,0x36
2.949,MODE_ID_2,-12490,-12009,-12993,0.001813,-0.001886,0.001315,0.001242,0x36
2.959,MODE_ID_2,-12491,-11997,-12998,0.001648,0.000511,0.000246,0.002405,0x36
2.969,MODE_ID_2,-12502,-11985,-13008,-0.000459,0.002864,-0.001750,0.000655,0x36
2.979,MODE_ID_2,-12514,-12008,-13011,-0.002852,-0.001675,-0.002234,-0.006761,0x36
2.989,MODE_ID_2,-12505,-12001,-12991,-0.001106,-0.000342,0.001771,0.000323,0x36
2.998,MODE_ID_2,-12508,-11987,-13002,-0.001719,0.002530,-0.000443,0.000368,0x36
3.008,MODE_ID_2,-12492,-11997,-13000,0.001588,0.000439,-0.000109,0.001918,0x36
3.018,MODE_ID_2,-12500,-12003,-13000,-0.000095,-0.000682,-0.000023,-0.000800,0x36
3.028,MODE_ID_2,-12501,-11996,-13004,-0.000315,0.000657,-0.000973,-0.000631,0x36
3.038,MODE_ID_2,-12500,-11985,-12991,-0.000180,0.002918,0.001631,0.004369,0x36
3.048,MODE_ID_2,-12508,-12013,-13012,-0.001605,-0.002761,-0.002498,-0.006864,0x36
3.058,MODE_ID_2,-12509,-12003,-13011,-0.001874,-0.000649,-0.002397,-0.004920,0x36
3.069,MODE_ID_2,-12509,-11989,-13010,-0.001902,0.002030,-0.002128,-0.002000,0x36
3.078,MODE_ID_2,-12493,-12000,-12994,0.001352,-0.000159,0.001012,0.002205,0x36
3.088,MODE_ID_2,-12491,-12000,-13002,0.001784,-0.000046,-0.000546,0.001192,0x36
3.098,MODE_ID_2,-12501,-12003,-12995,-0.000260,-0.000661,0.000879,-0.000042,0x36
3.109,MODE_ID_2,-12514,-11991,-13009,-0.002824,0.001663,-0.001891,-0.003052,0x36
3.119,MODE_ID_2,-12493,-11985,-12992,0.001310,0.002811,0.001490,0.005611,0x36
3.132,MODE_ID_2,-12501,-12010,-12985,-0.000385,-0.002080,0.002894,0.000429,0x36
3.139,MODE_ID_2,-12499,-11998,-12999,0.000023,0.000354,0.000024,0.000401,0x36
3.149,MODE_ID_2,-12489,-12010,-13006,0.002196,-0.002182,-0.001280,-0.001266,0x36
3.159,MODE_ID_2,-12491,-12010,-13009,0.001725,-0.002150,-0.001962,-0.002387,0x36
3.168,MODE_ID_2,-12487,-12000,-13008,0.002438,-0.000081,-0.001695,0.000662,0x36
3.179,MODE_ID_2,-12509,-12001,-12995,-0.001827,-0.000296,0.000827,-0.001296,0x36
3.189,MODE_ID_2,-12505,-12006,-13008,-0.001149,-0.001370,-0.001608,-0.004127,0x36
3.198,MODE_ID_2,-12492,-12003,-13002,0.001514,-0.000791,-0.000483,0.000240,0x36
3.208,MODE_ID_2,-12493,-11987,-12987,0.001245,0.002563,0.002456,0.006264,0x36
3.218,MODE_ID_2,-12514,-11994,-13004,-0.002856,0.001097,-0.000868,-0.002627,0x36
3.229,MODE_ID_2,-12495,-11987,-13014,0.000972,0.002561,-0.002855,0.000678,0x36
3.239,MODE_ID_2,-12496,-12000,-13013,0.000679,-0.000192,-0.002767,-0.002280,0x36
3.249,MODE_ID_2,-12499,-12010,-13008,0.000138,-0.002184,-0.001612,-0.003658,0x36
3.259,MODE_ID_2,-12487,-11992,-12985,0.002437,0.001484,0.002835,0.006756,0x36
3.269,MODE_ID_2,-12493,-12013,-12997,0.001283,-0.002611,0.000473,-0.000855,0x36
3.279,MODE_ID_2,-12507,-11993,-13008,-0.001459,0.001246,-0.001788,-0.002001,0x36
3.289,MODE_ID_2,-12502,-11990,-12985,-0.000501,0.001926,0.002974,0.004399,0x36
3.299,MODE_ID_2,-12492,-12001,-12988,0.001474,-0.000386,0.002358,0.003446,0x36
3.308,MODE_ID_2,-12489,-12002,-13004,0.002168,-0.000476,-0.000947,0.000745,0x36
3.320,MODE_ID_2,-12508,-11992,-13008,-0.001601,0.001498,-0.001796,-0.001899,0x36
3.329,MODE_ID_2,-12507,-11985,-13007,-0.001551,0.002836,-0.001414,-0.000129,0x36
3.339,MODE_ID_2,-12507,-11992,-13000,-0.001467,0.001566,-0.000021,0.000078,0x36
3.349,MODE_ID_2,-12505,-11992,-12991,-0.001162,0.001525,0.001727,0.002090,0x36
3.359,MODE_ID_2,-12486,-12004,-12998,0.002660,-0.000800,0.000384,0.002244,0x36
3.369,MODE_ID_2,-12511,-12006,-12999,-0.002278,-0.001278,0.000037,-0.003519,0x36
3.383,MODE_ID_2,-12500,-11987,-13008,-0.000064,0.002482,-0.001681,0.000737,0x36
3.389,MODE_ID_2,-12513,-11985,-12987,-0.002695,0.002965,0.002524,0.002794,0x36
3.399,MODE_ID_2,-12510,-11995,-13009,-0.002019,0.000840,-0.001963,-0.003142,0x36
3.409,MODE_ID_2,-12485,-11993,-12993,0.002867,0.001218,0.001323,0.005408,0x36
3.419,MODE_ID_2,-12514,-11989,-13001,-0.002910,0.002077,-0.000352,-0.001185,0x36
3.429,MODE_ID_2,-12490,-11986,-13001,0.001919,0.002767,-0.000254,0.004432,0x36
3.439,MODE_ID_2,-12495,-11997,-12992,0.000951,0.000535,0.001545,0.003031,0x36
3.449,MODE_ID_2,-12489,-11991,-12986,0.002180,0.001648,0.002767,0.006595,0x36
3.459,MODE_ID_2,-12504,-12002,-12995,-0.000910,-0.000585,0.000822,-0.000673,0x36
3.469,MODE_ID_2,-12508,-12001,-13005,-0.001687,-0.000220,-0.001123,-0.003030,0x36
3.479,MODE_ID_2,-12490,-11986,-12985,0.001814,0.002789,0.002899,0.007502,0x36
3.489,MODE_ID_2,-12510,-11992,-13006,-0.002051,0.001472,-0.001244,-0.001823,0x36
3.498,MODE_ID_2,-12491,-12000,-13003,0.001780,-0.000029,-0.000643,0.001108,0x36
3.511,MODE_ID_2,-12489,-11997,-12988,0.002105,0.000470,0.002393,0.004968,0x36
3.519,MODE_ID_2,-12505,-11988,-13006,-0.001058,0.002249,-0.001362,-0.000171,0x36
3.528,MODE_ID_2,-12494,-11999,-12988,0.001156,0.000026,0.002364,0.003546,0x36
3.539,MODE_ID_2,-12514,-12008,-13009,-0.002911,-0.001606,-0.001854,-0.006371,0x36
3.549,MODE_ID_2,-12489,-12002,-13014,0.002193,-0.000428,-0.002950,-0.001185,0x36
3.563,MODE_ID_2,-12498,-12001,-13003,0.000276,-0.000348,-0.000617,-0.000689,0x36
3.572,MODE_ID_2,-12503,-12001,-13004,-0.000604,-0.000281,-0.000980,-0.001865,0x36
3.579,MODE_ID_2,-12490,-11985,-12997,0.001851,0.002809,0.000450,0.005110,0x36
3.589,MODE_ID_2,-12504,-12003,-12985,-0.000829,-0.000665,0.002803,0.001309,0x36
3.599,MODE_ID_2,-12503,-12006,-13012,-0.000640,-0.001268,-0.002426,-0.004334,0x36
3.609,MODE_ID_2,-12487,-11998,-13014,0.002575,0.000365,-0.002903,0.000037,0x36
3.619,MODE_ID_2,-12511,-12006,-12986,-0.002399,-0.001266,0.002639,-0.001026,0x36
3.629,MODE_ID_2,-12502,-11996,-13011,-0.000534,0.000723,-0.002203,-0.002014,0x36
3.639,MODE_ID_2,-12498,-11999,-12995,0.000382,0.000049,0.000899,0.001330,0x36
3.649,MODE_ID_2,-12494,-11992,-12993,0.001151,0.001546,0.001384,0.004081,0x36
3.659,MODE_ID_2,-12486,-11986,-13006,0.002650,0.002709,-0.001295,0.004064,0x36
3.669,MODE_ID_2,-12493,-11995,-12996,0.001389,0.000986,0.000709,0.003084,0x36
3.679,MODE_ID_2,-12488,-11986,-12994,0.002243,0.002709,0.001161,0.006113,0x36
3.689,MODE_ID_2,-12495,-12001,-13000,0.000871,-0.000222,-0.000057,0.000592,0x36
3.699,MODE_ID_2,-12503,-11988,-13003,-0.000728,0.002245,-0.000691,0.000826,0x36
3.709,MODE_ID_2,-12485,-12014,-13014,0.002968,-0.002886,-0.002850,-0.002768,0x36
3.719,MODE_ID_2,-12511,-11993,-13011,-0.002286,0.001371,-0.002388,-0.003303,0x36
3.729,MODE_ID_2,-12486,-12006,-12992,0.002631,-0.001257,0.001567,0.002941,0x36
3.739,MODE_ID_2,-12508,-12004,-12986,-0.001644,-0.000982,0.002707,0.000081,0x36
3.749,MODE_ID_2,-12493,-12008,-13011,0.001306,-0.001604,-0.002345,-0.002643,0x36
3.764,MODE_ID_2,-12500,-12001,-12996,-0.000116,-0.000378,0.000636,0.000142,0x36
3.773,MODE_ID_2,-12498,-11985,-12991,0.000318,0.002974,0.001649,0.004941,0x36
3.779,MODE_ID_2,-12505,-11986,-12997,-0.001026,0.002610,0.000565,0.002149,0x36
3.789,MODE_ID_2,-12511,-12006,-12987,-0.002347,-0.001325,0.002435,-0.001237,0x36
3.799,MODE_ID_2,-12509,-11989,-12998,-0.001923,0.002145,0.000343,0.000565,0x36
3.809,MODE_ID_2,-12485,-12009,-12986,0.002821,-0.001877,0.002776,0.003720,0x36
3.824,MODE_ID_2,-12509,-11993,-12993,-0.001987,0.001315,0.001216,0.000544,0x36
3.829,MODE_ID_2,-12501,-12010,-12989,-0.000285,-0.002146,0.002059,-0.000372,0x36
3.839,MODE_ID_2,-12510,-12006,-13000,-0.002054,-0.001394,-0.000129,-0.003577,0x36
3.848,MODE_ID_2,-12507,-11992,-12997,-0.001495,0.001459,0.000560,0.000524,0x36
3.859,MODE_ID_2,-12506,-12001,-13014,-0.001359,-0.000369,-0.002993,-0.004721,0x36
3.869,MODE_ID_2,-12491,-12009,-13002,0.001703,-0.001879,-0.000561,-0.000737,0x36
3.887,MODE_ID_2,-12490,-11997,-13006,0.001846,0.000542,-0.001371,0.001017,0x36
3.894,MODE_ID_2,-12488,-12009,-13007,0.002274,-0.001959,-0.001568,-0.001253,0x36
3.899,MODE_ID_2,-12488,-11993,-13011,0.002321,0.001270,-0.002301,0.001290,0x36
3.910,MODE_ID_2,-12510,-11988,-13007,-0.002199,0.002228,-0.001449,-0.001420,0x36
3.919,MODE_ID_2,-12486,-12012,-12996,0.002600,-0.002584,0.000744,0.000760,0x36
3.929,MODE_ID_2,-12511,-11994,-13008,-0.002263,0.001188,-0.001632,-0.002707,0x36
3.939,MODE_ID_2,-12494,-11990,-13005,0.001090,0.001952,-0.001088,0.001954,0x36
3.953,MODE_ID_2,-12502,-12005,-12987,-0.000425,-0.001197,0.002411,0.000789,0x36
3.959,MODE_ID_2,-12508,-12010,-12988,-0.001687,-0.002105,0.002276,-0.001516,0x36
3.969,MODE_ID_2,-12494,-11995,-13009,0.001114,0.000965,-0.001917,0.000162,0x36
3.979,MODE_ID_2,-12493,-12003,-12994,0.001292,-0.000715,0.001071,0.001648,0x36
3.995,MODE_ID_2,-12486,-11985,-13002,0.002742,0.002962,-0.000591,0.005113,0x36
3.999,MODE_ID_2,-12501,-12011,-13007,-0.000212,-0.002267,-0.001479,-0.003958,0x36
4.019,MODE_ID_2,-12492,-11994,-13004,0.001429,0.001190,-0.000985,0.001634,0x36
4.030,MODE_ID_2,-12507,-11988,-12989,-0.001460,0.002361,0.002017,0.002918,0x36
4.039,MODE_ID_2,-12501,-12004,-13007,-0.000323,-0.000841,-0.001535,-0.002699,0x36
4.049,MODE_ID_2,-12500,-11996,-13002,-0.000126,0.000704,-0.000415,0.000163,0x36
4.059,MODE_ID_2,-12490,-12012,-13010,0.001948,-0.002581,-0.002174,-0.002807,0x36
4.069,MODE_ID_2,-12506,-11987,-13012,-0.001231,0.002498,-0.002509,-0.001242,0x36
4.078,MODE_ID_2,-12497,-12010,-12995,0.000516,-0.002098,0.000859,-0.000723,0x36
4.089,MODE_ID_2,-12495,-11987,-13014,0.000985,0.002567,-0.002855,0.000697,0x36
4.102,MODE_ID_2,-12498,-11999,-12994,0.000232,0.000068,0.001103,0.001403,0x36
4.109,MODE_ID_2,-12513,-12007,-13010,-0.002758,-0.001475,-0.002144,-0.006377,0x36
4.119,MODE_ID_2,-12503,-12013,-13010,-0.000659,-0.002754,-0.002010,-0.005423,0x36
4.129,MODE_ID_2,-12505,-12014,-12999,-0.001158,-0.002817,0.000152,-0.003823,0x36
4.139,MODE_ID_2,-12497,-11987,-13008,0.000498,0.002421,-0.001770,0.001149,0x36
4.149,MODE_ID_2,-12508,-12012,-12987,-0.001781,-0.002503,0.002420,-0.001864,0x36
4.159,MODE_ID_2,-12485,-11991,-12991,0.002918,0.001713,0.001607,0.006238,0x36
4.169,MODE_ID_2,-12487,-11992,-12998,0.002407,0.001562,0.000228,0.004197,0x36
4.179,MODE_ID_2,-12486,-11998,-13002,0.002768,0.000276,-0.000496,0.002548,0x36
4.189,MODE_ID_2,-12499,-12002,-12998,0.000071,-0.000402,0.000300,-0.000031,0x36
4.199,MODE_ID_2,-12505,-11989,-12995,-0.001019,0.002118,0.000847,0.001946,0x36
4.208,MODE_ID_2,-12493,-11996,-12985,0.001355,0.000728,0.002924,0.005007,0x36
4.219,MODE_ID_2,-12486,-12000,-13012,0.002699,-0.000078,-0.002596,0.000025,0x36
4.229,MODE_ID_2,-12506,-11990,-13005,-0.001317,0.001860,-0.001184,-0.000641,0x36
4.240,MODE_ID_2,-12507,-12002,-12992,-0.001514,-0.000515,0.001577,-0.000452,0x36
4.248,MODE_ID_2,-12485,-12011,-13001,0.002944,-0.002207,-0.000228,0.000509,0x36
4.261,MODE_ID_2,-12513,-11992,-13001,-0.002633,0.001481,-0.000333,-0.001485,0x36
4.272,MODE_ID_2,-12506,-12014,-12998,-0.001287,-0.002908,0.000344,-0.003851,0x36
4.279,MODE_ID_2,-12502,-11991,-13001,-0.000484,0.001653,-0.000319,0.000850,0x36
4.289,MODE_ID_2,-12507,-11988,-12993,-0.001558,0.002317,0.001239,0.001998,0x36
4.299,MODE_ID_2,-12511,-11997,-13010,-0.002221,0.000484,-0.002028,-0.003765,0x36
4.308,MODE_ID_2,-12506,-12003,-13007,-0.001291,-0.000610,-0.001580,-0.003481,0x36
4.319,MODE_ID_2,-12510,-12004,-12986,-0.002130,-0.000838,0.002703,-0.000265,0x36
4.329,MODE_ID_2,-12495,-11992,-13005,0.000991,0.001475,-0.001067,0.001399,0x36
4.339,MODE_ID_2,-12488,-11995,-12995,0.002298,0.000926,0.000928,0.004152,0x36
4.349,MODE_ID_2,-12506,-12000,-12989,-0.001330,-0.000008,0.002038,0.000700,0x36
4.359,MODE_ID_2,-12485,-11999,-12998,0.002827,0.000161,0.000349,0.003337,0x36
4.369,MODE_ID_2,-12511,-11990,-13008,-0.002327,0.001985,-0.001767,-0.002109,0x36
4.380,MODE_ID_2,-12485,-12011,-12996,0.002822,-0.002300,0.000729,0.001251,0x36
4.388,MODE_ID_2,-12498,-11987,-13000,0.000244,0.002582,-0.000153,0.002673,0x36
4.399,MODE_ID_2,-12485,-11996,-12992,0.002832,0.000712,0.001418,0.004962,0x36
4.409,MODE_ID_2,-12499,-12006,-13002,0.000141,-0.001216,-0.000454,-0.001529,0x36
4.422,MODE_ID_2,-12504,-12012,-13013,-0.000843,-0.002550,-0.002692,-0.006085,0x36
4.429,MODE_ID_2,-12494,-12005,-12997,0.001113,-0.001013,0.000591,0.000691,0x36
4.439,MODE_ID_2,-12486,-12002,-12986,0.002714,-0.000409,0.002659,0.004964,0x36
4.450,MODE_ID_2,-12512,-12014,-13003,-0.002593,-0.002817,-0.000617,-0.006027,0x36
4.460,MODE_ID_2,-12496,-12010,-13004,0.000678,-0.002048,-0.000842,-0.002212,0x36
4.468,MODE_ID_2,-12494,-12012,-13005,0.001019,-0.002511,-0.001008,-0.002500,0x36
4.479,MODE_ID_2,-12510,-11996,-12991,-0.002141,0.000652,0.001681,0.000192,0x36
4.489,MODE_ID_2,-12495,-12000,-13011,0.000866,-0.000136,-0.002391,-0.001661,0x36
4.500,MODE_ID_2,-12495,-12012,-12988,0.000970,-0.002425,0.002389,0.000934,0x36
4.513,MODE_ID_2,-12507,-12005,-13010,-0.001514,-0.001015,-0.002141,-0.004670,0x36
4.525,MODE_ID_2,-12504,-12001,-12985,-0.000977,-0.000296,0.002855,0.001582,0x36
4.529,MODE_ID_2,-12502,-12010,-12996,-0.000510,-0.002087,0.000702,-0.001895,0x36
4.539,MODE_ID_2,-12512,-12002,-13011,-0.002543,-0.000516,-0.002222,-0.005281,0x36
4.549,MODE_ID_2,-12486,-11987,-12998,0.002757,0.002422,0.000370,0.005549,0x36
4.559,MODE_ID_2,-12486,-12011,-13003,0.002758,-0.002394,-0.000737,-0.000373,0x36
4.570,MODE_ID_2,-12489,-11996,-13003,0.002015,0.000657,-0.000771,0.001901,0x36
4.579,MODE_ID_2,-12504,-12011,-12994,-0.000927,-0.002384,0.001143,-0.002168,0x36
4.589,MODE_ID_2,-12489,-12012,-12989,0.002116,-0.002444,0.002001,0.001673,0x36
4.599,MODE_ID_2,-12500,-12009,-12985,-0.000089,-0.001992,0.002802,0.000721,0x36
4.609,MODE_ID_2,-12491,-12011,-12985,0.001720,-0.002390,0.002809,0.002139,0x36
4.619,MODE_ID_2,-12500,-11991,-13001,-0.000127,0.001655,-0.000375,0.001153,0x36
4.629,MODE_ID_2,-12514,-11994,-12987,-0.002894,0.001020,0.002456,0.000582,0x36
4.639,MODE_ID_2,-12507,-12008,-13013,-0.001532,-0.001763,-0.002721,-0.006016,0x36
4.649,MODE_ID_2,-12494,-12001,-12992,0.001102,-0.000328,0.001442,0.002216,0x36
4.659,MODE_ID_2,-12498,-12000,-13009,0.000316,-0.000173,-0.001955,-0.001812,0x36
4.669,MODE_ID_2,-12491,-12013,-13000,0.001795,-0.002737,-0.000021,-0.000963,0x36
4.679,MODE_ID_2,-12505,-12002,-13002,-0.001190,-0.000585,-0.000587,-0.002362,0x36
4.689,MODE_ID_2,-12486,-12001,-13008,0.002723,-0.000392,-0.001737,0.000594,0x36
4.701,MODE_ID_2,-12504,-12007,-13006,-0.000840,-0.001501,-0.001369,-0.003710,0x36
4.709,MODE_ID_2,-12504,-12005,-12992,-0.000808,-0.001078,0.001508,-0.000378,0x36
4.719,MODE_ID_2,-12490,-11992,-13001,0.001966,0.001498,-0.000204,0.003260,0x36
4.729,MODE_ID_2,-12502,-11985,-13004,-0.000593,0.002842,-0.000858,0.001391,0x36
4.742,MODE_ID_2,-12489,-11992,-13006,0.002075,0.001470,-0.001334,0.002211,0x36
4.749,MODE_ID_2,-12500,-12010,-12992,-0.000194,-0.002139,0.001543,-0.000790,0x36
4.762,MODE_ID_2,-12509,-11986,-13001,-0.001893,0.002708,-0.000363,0.000452,0x36
4.769,MODE_ID_2,-12493,-11996,-12997,0.001394,0.000788,0.000599,0.002781,0x36
4.778,MODE_ID_2,-12513,-12003,-12991,-0.002716,-0.000633,0.001715,-0.001634,0x36
4.789,MODE_ID_2,-12501,-11993,-13012,-0.000216,0.001271,-0.002590,-0.001535,0x36
4.799,MODE_ID_2,-12512,-12011,-12991,-0.002402,-0.002243,0.001696,-0.002949,0x36
4.809,MODE_ID_2,-12491,-11994,-12999,0.001794,0.001193,0.000194,0.003181,0x36
4.821,MODE_ID_2,-12504,-11997,-13010,-0.000842,0.000498,-0.002019,-0.002363,0x36
4.829,MODE_ID_2,-12490,-12013,-12990,0.001833,-0.002653,0.001833,0.001013,0x36
4.839,MODE_ID_2,-12488,-11989,-13000,0.002256,0.002142,-0.000161,0.004237,0x36
4.849,MODE_ID_2,-12491,-12003,-13001,0.001707,-0.000637,-0.000369,0.000701,0x36
4.859,MODE_ID_2,-12485,-12004,-13012,0.002838,-0.000868,-0.002496,-0.000526,0x36
4.869,MODE_ID_2,-12503,-11985,-13008,-0.000778,0.002930,-0.001648,0.000504,0x36
4.879,MODE_ID_2,-12490,-11990,-13003,0.001981,0.001972,-0.000769,0.003184,0x36
4.888,MODE_ID_2,-12491,-11993,-13013,0.001704,0.001229,-0.002751,0.000182,0x36
4.899,MODE_ID_2,-12494,-12014,-12989,0.001010,-0.002988,0.002138,0.000160,0x36
4.909,MODE_ID_2,-12491,-11997,-12986,0.001766,0.000588,0.002796,0.005150,0x36
4.918,MODE_ID_2,-12485,-12008,-12985,0.002924,-0.001706,0.002860,0.004078,0x36
4.929,MODE_ID_2,-12498,-12003,-13011,0.000238,-0.000793,-0.002367,-0.002922,0x36
4.939,MODE_ID_2,-12491,-11985,-13010,0.001649,0.002983,-0.002116,0.002516,0x36
4.952,MODE_ID_2,-12498,-11995,-13010,0.000328,0.000966,-0.002061,-0.000767,0x36
4.959,MODE_ID_2,-12492,-12004,-12996,0.001454,-0.000965,0.000622,0.001111,0x36
4.969,MODE_ID_2,-12496,-12003,-12988,0.000687,-0.000781,0.002359,0.002265,0x36
4.979,MODE_ID_2,-12498,-12013,-12990,0.000226,-0.002705,0.001980,-0.000499,0x36
4.989,MODE_ID_2,-12503,-11996,-13000,-0.000683,0.000630,-0.000015,-0.000068,0x36
4.999,MODE_ID_2,-12509,-12002,-12989,-0.001900,-0.000583,0.002191,-0.000292,0x36
5.010,MODE_ID_2,-12492,-12005,-12999,0.001473,-0.001107,0.000186,0.000552,0x36
5.018,MODE_ID_2,-12506,-11996,-12989,-0.001379,0.000672,0.002096,0.001389,0x36
5.028,MODE_ID_2,-12502,-12002,-12994,-0.000570,-0.000501,0.001173,0.000102,0x36
5.039,MODE_ID_2,-12509,-12014,-13000,-0.001883,-0.002834,-0.000183,-0.004900,0x36
5.048,MODE_ID_2,-12490,-11992,-12999,0.001867,0.001460,0.000135,0.003462,0x36
5.059,MODE_ID_2,-12502,-12008,-12993,-0.000445,-0.001735,0.001213,-0.000967,0x36
5.071,MODE_ID_2,-12491,-12010,-13014,0.001623,-0.002061,-0.002825,-0.003263,0x36
5.079,MODE_ID_2,-12501,-12008,-13001,-0.000204,-0.001773,-0.000369,-0.002346,0x36
5.089,MODE_ID_2,-12492,-12011,-12995,0.001421,-0.002367,0.000829,-0.000117,0x36
5.100,MODE_ID_2,-12500,-12012,-13012,-0.000112,-0.002583,-0.002544,-0.005239,0x36
5.110,MODE_ID_2,-12498,-11993,-12997,0.000234,0.001260,0.000494,0.001988,0x36
5.118,MODE_ID_2,-12499,-12012,-12985,0.000153,-0.002508,0.002942,0.000587,0x36
5.129,MODE_ID_2,-12487,-11987,-13003,0.002493,0.002462,-0.000697,0.004258,0x36
5.149,MODE_ID_2,-12491,-12013,-12985,0.001708,-0.002664,0.002808,0.001852,0x36
5.159,MODE_ID_2,-12503,-11997,-13013,-0.000603,0.000495,-0.002633,-0.002741,0x36
5.169,MODE_ID_2,-12489,-11997,-12999,0.002194,0.000540,0.000113,0.002847,0x36
5.178,MODE_ID_2,-12511,-12002,-13003,-0.002258,-0.000425,-0.000727,-0.003410,0x36
5.189,MODE_ID_2,-12503,-12012,-12997,-0.000661,-0.002599,0.000581,-0.002679,0x36
5.199,MODE_ID_2,-12501,-12011,-12990,-0.000395,-0.002258,0.001988,-0.000665,0x36
5.208,MODE_ID_2,-12491,-12007,-13008,0.001784,-0.001417,-0.001757,-0.001390,0x36
5.218,MODE_ID_2,-12488,-12001,-13010,0.002294,-0.000395,-0.002064,-0.000165,0x36
5.229,MODE_ID_2,-12485,-12013,-13011,0.002833,-0.002785,-0.002232,-0.002184,0x36
5.239,MODE_ID_2,-12486,-12013,-12990,0.002691,-0.002689,0.001978,0.001980,0x36
5.249,MODE_ID_2,-12503,-12012,-13008,-0.000665,-0.002411,-0.001758,-0.004834,0x36
5.259,MODE_ID_2,-12491,-12008,-13012,0.001669,-0.001728,-0.002443,-0.002502,0x36
5.269,MODE_ID_2,-12496,-12001,-12991,0.000635,-0.000212,0.001692,0.002115,0x36
5.278,MODE_ID_2,-12490,-12002,-12995,0.001949,-0.000567,0.000932,0.002314,0x36
5.288,MODE_ID_2,-12494,-12004,-13000,0.001023,-0.000944,-0.000184,-0.000105,0x36
5.299,MODE_ID_2,-12503,-11988,-13012,-0.000741,0.002264,-0.002517,-0.000994,0x36
5.309,MODE_ID_2,-12506,-11988,-12999,-0.001229,0.002315,0.000106,0.001192,0x36
5.322,MODE_ID_2,-12488,-12013,-13006,0.002249,-0.002727,-0.001348,-0.001826,0x36
5.329,MODE_ID_2,-12510,-12008,-12990,-0.002116,-0.001670,0.001912,-0.001874,0x36
5.339,MODE_ID_2,-12505,-11986,-13009,-0.001155,0.002720,-0.001928,-0.000363,0x36
5.350,MODE_ID_2,-12488,-12013,-12989,0.002327,-0.002797,0.002130,0.001660,0x36
5.359,MODE_ID_2,-12499,-12001,-13010,0.000060,-0.000275,-0.002128,-0.002343,0x36
5.369,MODE_ID_2,-12492,-11995,-12994,0.001493,0.000942,0.001173,0.003608,0x36
5.383,MODE_ID_2,-12510,-11994,-12988,-0.002048,0.001138,0.002269,0.001359,0x36
5.389,MODE_ID_2,-12495,-11999,-12994,0.000901,0.000125,0.001068,0.002094,0x36
5.399,MODE_ID_2,-12489,-12001,-12999,0.002045,-0.000366,0.000178,0.001857,0x36
5.409,MODE_ID_2,-12493,-11996,-13010,0.001271,0.000731,-0.002045,-0.000043,0x36
5.419,MODE_ID_2,-12489,-12013,-12996,0.002164,-0.002776,0.000604,-0.000008,0x36
5.429,MODE_ID_2,-12508,-12011,-12985,-0.001660,-0.002263,0.002807,-0.001116,0x36
5.440,MODE_ID_2,-12500,-11999,-13011,-0.000079,0.000126,-0.002291,-0.002244,0x36
5.449,MODE_ID_2,-12492,-11993,-13008,0.001421,0.001268,-0.001705,0.000984,0x36
5.459,MODE_ID_2,-12504,-12001,-12995,-0.000802,-0.000211,0.000959,-0.000054,0x36
5.469,MODE_ID_2,-12512,-11985,-13012,-0.002471,0.002840,-0.002412,-0.002043,0x36
5.478,MODE_ID_2,-12508,-12014,-13008,-0.001759,-0.002996,-0.001647,-0.006402,0x36
5.489,MODE_ID_2,-12496,-11994,-12997,0.000711,0.001014,0.000541,0.002266,0x36
5.498,MODE_ID_2,-12485,-12009,-12986,0.002823,-0.001986,0.002746,0.003583,0x36
5.509,MODE_ID_2,-12507,-11995,-12991,-0.001463,0.000888,0.001735,0.001160,0x36
5.519,MODE_ID_2,-12487,-12013,-13011,0.002509,-0.002790,-0.002205,-0.002486,0x36
5.529,MODE_ID_2,-12487,-12010,-13009,0.002577,-0.002157,-0.001907,-0.001487,0x36
5.539,MODE_ID_2,-12488,-12004,-13009,0.002260,-0.000918,-0.001869,-0.000527,0x36
5.549,MODE_ID_2,-12495,-11995,-13011,0.000924,0.000900,-0.002292,-0.000468,0x36
5.559,MODE_ID_2,-12504,-11985,-12990,-0.000945,0.002989,0.001951,0.003995,0x36
5.574,MODE_ID_2,-12494,-12005,-12987,0.001018,-0.001044,0.002553,0.002527,0x36
5.579,MODE_ID_2,-12513,-12014,-13004,-0.002791,-0.002961,-0.000855,-0.006607,0x36
5.589,MODE_ID_2,-12505,-11995,-13003,-0.001116,0.000876,-0.000741,-0.000981,0x36
5.599,MODE_ID_2,-12490,-12001,-12996,0.001827,-0.000296,0.000623,0.002154,0x36
5.608,MODE_ID_2,-12486,-11997,-13009,0.002706,0.000564,-0.001806,0.001464,0x36
5.619,MODE_ID_2,-12505,-12004,-13003,-0.001171,-0.000820,-0.000624,-0.002615,0x36
5.629,MODE_ID_2,-12514,-11992,-13008,-0.002946,0.001431,-0.001622,-0.003137,0x36
5.649,MODE_ID_2,-12502,-11990,-12990,-0.000452,0.001833,0.001911,0.003292,0x36
5.649,MODE_ID_2,-12509,-12010,-13009,-0.001999,-0.002112,-0.001958,-0.006069,0x36
5.658,MODE_ID_2,-12490,-12004,-12990,0.001873,-0.000881,0.001805,0.002797,0x36
5.669,MODE_ID_2,-12497,-11987,-12987,0.000448,0.002443,0.002448,0.005339,0x36
5.679,MODE_ID_2,-12501,-11993,-13013,-0.000203,0.001383,-0.002630,-0.001450,0x36
5.689,MODE_ID_2,-12500,-12001,-12997,-0.000021,-0.000318,0.000452,0.000113,0x36
5.699,MODE_ID_2,-12491,-11989,-12991,0.001753,0.002100,0.001724,0.005577,0x36
5.709,MODE_ID_2,-12489,-12000,-13008,0.002089,-0.000107,-0.001729,0.000253,0x36
5.719,MODE_ID_2,-12506,-12004,-12992,-0.001229,-0.000854,0.001473,-0.000610,0x36
5.729,MODE_ID_2,-12514,-12004,-13001,-0.002967,-0.000880,-0.000286,-0.004133,0x36
5.738,MODE_ID_2,-12508,-11986,-12995,-0.001708,0.002653,0.000974,0.001919,0x36
5.749,MODE_ID_2,-12496,-12011,-12991,0.000675,-0.002354,0.001760,0.000081,0x36
5.760,MODE_ID_2,-12494,-11992,-13000,0.001105,0.001420,-0.000040,0.002485,0x36
5.769,MODE_ID_2,-12490,-11996,-13012,0.001911,0.000762,-0.002495,0.000178,0x36
5.779,MODE_ID_2,-12485,-11995,-13002,0.002912,0.000802,-0.000429,0.003285,0x36
5.789,MODE_ID_2,-12499,-12008,-13003,0.000193,-0.001652,-0.000634,-0.002093,0x36
5.800,MODE_ID_2,-12502,-11986,-13005,-0.000485,0.002700,-0.001129,0.001086,0x36
5.808,MODE_ID_2,-12503,-12010,-13000,-0.000648,-0.002192,-0.000087,-0.002927,0x36
5.820,MODE_ID_2,-12493,-12005,-13009,0.001254,-0.001138,-0.001813,-0.001697,0x36
5.829,MODE_ID_2,-12496,-11999,-12990,0.000683,0.000019,0.001973,0.002675,0x36
5.838,MODE_ID_2,-12486,-11986,-12997,0.002777,0.002722,0.000472,0.005971,0x36
5.848,MODE_ID_2,-12495,-11986,-13009,0.000945,0.002790,-0.001809,0.001926,0x36
5.859,MODE_ID_2,-12494,-11998,-13012,0.001119,0.000299,-0.002429,-0.001011,0x36
5.869,MODE_ID_2,-12499,-11997,-13014,0.000178,0.000488,-0.002815,-0.002149,0x36
5.879,MODE_ID_2,-12495,-11995,-13010,0.000971,0.000872,-0.002156,-0.000313,0x36
5.889,MODE_ID_2,-12508,-12012,-12990,-0.001691,-0.002586,0.001977,-0.002300,0x36
5.898,MODE_ID_2,-12511,-12012,-13004,-0.002278,-0.002571,-0.000851,-0.005700,0x36
5.909,MODE_ID_2,-12503,-12011,-12998,-0.000657,-0.002215,0.000338,-0.002534,0x36
5.919,MODE_ID_2,-12505,-11996,-12988,-0.001177,0.000644,0.002261,0.001728,0x36
5.928,MODE_ID_2,-12494,-12011,-13009,0.001037,-0.002308,-0.001812,-0.003083,0x36
5.939,MODE_ID_2,-12486,-12009,-12990,0.002709,-0.001876,0.001860,0.002693,0x36
5.948,MODE_ID_2,-12513,-12001,-12987,-0.002672,-0.000267,0.002465,-0.000474,0x36
5.960,MODE_ID_2,-12501,-11990,-12989,-0.000301,0.001933,0.002042,0.003674,0x36
5.969,MODE_ID_2,-12487,-12001,-12993,0.002585,-0.000335,0.001350,0.003600,0x36
5.978,MODE_ID_2,-12501,-11988,-13011,-0.000279,0.002297,-0.002397,-0.000379,0x36
5.988,MODE_ID_2,-12504,-11985,-13013,-0.000868,0.002901,-0.002769,-0.000736,0x36
5.998,MODE_ID_2,-12485,-11989,-13000,0.002906,0.002010,-0.000165,0.004751,0x36
6.011,MODE_ID_2,-12503,-12005,-12995,-0.000704,-0.001079,0.000960,-0.000823,0x36
6.019,MODE_ID_2,-12488,-11997,-13008,0.002380,0.000472,-0.001650,0.001202,0x36
6.029,MODE_ID_2,-12489,-12001,-13002,0.002058,-0.000238,-0.000400,0.001420,0x36
6.038,MODE_ID_2,-12510,-12003,-13012,-0.002062,-0.000608,-0.002486,-0.005156,0x36
6.048,MODE_ID_2,-12499,-12001,-12988,0.000034,-0.000340,0.002381,0.002075,0x36
6.059,MODE_ID_2,-12494,-12010,-13014,0.001019,-0.002152,-0.002920,-0.004053,0x36
6.073,MODE_ID_2,-12513,-12009,-12992,-0.002721,-0.001915,0.001564,-0.003072,0x36
6.079,MODE_ID_2,-12512,-12009,-13008,-0.002421,-0.001822,-0.001639,-0.005882,0x36
6.089,MODE_ID_2,-12502,-11996,-13014,-0.000510,0.000662,-0.002839,-0.002687,0x36
6.099,MODE_ID_2,-12486,-11993,-13007,0.002694,0.001328,-0.001526,0.002496,0x36
6.109,MODE_ID_2,-12488,-12000,-12995,0.002344,-0.000118,0.000821,0.003047,0x36
6.119,MODE_ID_2,-12498,-12006,-13001,0.000271,-0.001351,-0.000260,-0.001340,0x36
6.132,MODE_ID_2,-12513,-11990,-13006,-0.002664,0.001849,-0.001229,-0.002044,0x36
6.139,MODE_ID_2,-12485,-12002,-13000,0.002952,-0.000487,-0.000028,0.002437,0x36
6.149,MODE_ID_2,-12497,-11986,-12999,0.000532,0.002643,0.000083,0.003258,0x36
6.159,MODE_ID_2,-12505,-11996,-13002,-0.001064,0.000639,-0.000474,-0.000899,0x36
6.169,MODE_ID_2,-12501,-11995,-12991,-0.000283,0.000896,0.001688,0.002301,0x36
6.179,MODE_ID_2,-12501,-11989,-13010,-0.000233,0.002195,-0.002119,-0.000157,0x36
6.188,MODE_ID_2,-12494,-12012,-13005,0.001158,-0.002499,-0.001083,-0.002424,0x36
6.210,MODE_ID_2,-12514,-12014,-12995,-0.002846,-0.002825,0.000834,-0.004837,0x36
6.219,MODE_ID_2,-12506,-12011,-12997,-0.001381,-0.002231,0.000424,-0.003188,0x36
6.229,MODE_ID_2,-12496,-11999,-13004,0.000780,0.000079,-0.000996,-0.000137,0x36
6.239,MODE_ID_2,-12495,-12000,-12994,0.000949,-0.000055,0.001098,0.001992,0x36
6.249,MODE_ID_2,-12512,-12012,-13004,-0.002421,-0.002526,-0.000802,-0.005749,0x36
6.260,MODE_ID_2,-12501,-11998,-12987,-0.000317,0.000297,0.002441,0.002421,0x36
6.269,MODE_ID_2,-12485,-11993,-12985,0.002941,0.001201,0.002953,0.007095,0x36
6.279,MODE_ID_2,-12494,-12013,-13006,0.001092,-0.002778,-0.001288,-0.002974,0x36
6.289,MODE_ID_2,-12499,-12001,-13000,0.000123,-0.000216,-0.000014,-0.000107,0x36
6.299,MODE_ID_2,-12511,-12011,-13005,-0.002354,-0.002247,-0.001123,-0.005724,0x36
6.309,MODE_ID_2,-12507,-12008,-12985,-0.001484,-0.001645,0.002863,-0.000266,0x36
6.321,MODE_ID_2,-12487,-11989,-12989,0.002523,0.002028,0.002143,0.006694,0x36
6.329,MODE_ID_2,-12499,-12006,-12995,0.000075,-0.001234,0.000841,-0.000318,0x36
6.339,MODE_ID_2,-12494,-12007,-12994,0.001040,-0.001451,0.001087,0.000676,0x36
6.349,MODE_ID_2,-12493,-12012,-12995,0.001227,-0.002498,0.000988,-0.000283,0x36
6.359,MODE_ID_2,-12507,-12011,-13007,-0.001430,-0.002379,-0.001574,-0.005383,0x36
6.369,MODE_ID_2,-12506,-11999,-13001,-0.001313,0.000121,-0.000371,-0.001563,0x36
6.385,MODE_ID_2,-12499,-12000,-12986,0.000196,-0.000197,0.002643,0.002642,0x36
6.388,MODE_ID_2,-12511,-11999,-12997,-0.002382,0.000109,0.000489,-0.001784,0x36
6.398,MODE_ID_2,-12514,-11990,-13003,-0.002831,0.001882,-0.000633,-0.001582,0x36
6.409,MODE_ID_2,-12487,-11999,-13013,0.002425,0.000047,-0.002738,-0.000266,0x36
6.419,MODE_ID_2,-12490,-12001,-13011,0.001998,-0.000380,-0.002380,-0.000762,0x36
6.429,MODE_ID_2,-12502,-12010,-13013,-0.000540,-0.002122,-0.002790,-0.005452,0x36
6.439,MODE_ID_2,-12514,-11985,-12999,-0.002983,0.002960,0.000020,-0.000003,0x36
6.448,MODE_ID_2,-12493,-11996,-13009,0.001372,0.000654,-0.001919,0.000107,0x36
6.459,MODE_ID_2,-12504,-11998,-13012,-0.000969,0.000334,-0.002494,-0.003129,0x36
6.468,MODE_ID_2,-12504,-11998,-13001,-0.000815,0.000244,-0.000393,-0.000964,0x36
6.479,MODE_ID_2,-12496,-12013,-12988,0.000652,-0.002686,0.002278,0.000244,0x36
6.489,MODE_ID_2,-12511,-12003,-12996,-0.002232,-0.000622,0.000764,-0.002090,0x36
6.498,MODE_ID_2,-12502,-12012,-12994,-0.000565,-0.002448,0.001053,-0.001960,0x36
6.508,MODE_ID_2,-12485,-11994,-12987,0.002865,0.001069,0.002406,0.006340,0x36
6.519,MODE_ID_2,-12509,-12000,-12987,-0.001948,-0.000100,0.002415,0.000367,0x36
6.529,MODE_ID_2,-12492,-12005,-12993,0.001553,-0.001157,0.001219,0.001615,0x36
6.539,MODE_ID_2,-12507,-12014,-13011,-0.001498,-0.002849,-0.002281,-0.006628,0x36
6.550,MODE_ID_2,-12503,-12009,-13003,-0.000642,-0.001975,-0.000681,-0.003298,0x36
6.559,MODE_ID_2,-12488,-11986,-12987,0.002310,0.002750,0.002542,0.007602,0x36
6.569,MODE_ID_2,-12492,-11990,-12996,0.001495,0.001928,0.000664,0.004087,0x36
6.579,MODE_ID_2,-12510,-12006,-12989,-0.002017,-0.001241,0.002050,-0.001208,0x36
6.589,MODE_ID_2,-12486,-12007,-12985,0.002692,-0.001571,0.002961,0.004082,0x36
6.599,MODE_ID_2,-12502,-11996,-12990,-0.000473,0.000751,0.001890,0.002168,0x36
6.609,MODE_ID_2,-12502,-12013,-13010,-0.000558,-0.002643,-0.002173,-0.005374,0x36
6.618,MODE_ID_2,-12485,-12009,-13001,0.002938,-0.001935,-0.000289,0.000714,0x36
6.628,MODE_ID_2,-12511,-12014,-12997,-0.002358,-0.002917,0.000486,-0.004789,0x36
6.638,MODE_ID_2,-12488,-12002,-12994,0.002310,-0.000538,0.001147,0.002919,0x36
6.649,MODE_ID_2,-12513,-11998,-13014,-0.002744,0.000316,-0.002840,-0.005268,0x36
6.659,MODE_ID_2,-12486,-12010,-13014,0.002601,-0.002004,-0.002890,-0.002293,0x36
6.669,MODE_ID_2,-12493,-11992,-13008,0.001367,0.001507,-0.001730,0.001144,0x36
6.679,MODE_ID_2,-12506,-12003,-12993,-0.001321,-0.000694,0.001366,-0.000649,0x36
6.688,MODE_ID_2,-12492,-12007,-12994,0.001554,-0.001489,0.001033,0.001098,0x36
6.699,MODE_ID_2,-12502,-12000,-13003,-0.000591,-0.000058,-0.000683,-0.001332,0x36
6.709,MODE_ID_2,-12491,-11999,-13007,0.001742,0.000169,-0.001486,0.000425,0x36
6.719,MODE_ID_2,-12495,-12010,-12997,0.000997,-0.002191,0.000565,-0.000629,0x36
6.729,MODE_ID_2,-12501,-11997,-12992,-0.000376,0.000599,0.001592,0.001815,0x36
6.739,MODE_ID_2,-12511,-11998,-13010,-0.002309,0.000313,-0.002118,-0.004114,0x36
6.749,MODE_ID_2,-12504,-11987,-13011,-0.000803,0.002417,-0.002249,-0.000635,0x36
6.774,MODE_ID_2,-12504,-12001,-12998,-0.000977,-0.000329,0.000254,-0.001052,0x36
6.780,MODE_ID_2,-12488,-11986,-13004,0.002312,0.002776,-0.000967,0.004121,0x36
6.789,MODE_ID_2,-12493,-12008,-12994,0.001310,-0.001709,0.001185,0.000786,0x36
6.799,MODE_ID_2,-12494,-12011,-12999,0.001171,-0.002303,0.000015,-0.001117,0x36
6.809,MODE_ID_2,-12488,-11993,-12998,0.002374,0.001389,0.000308,0.004071,0x36
6.819,MODE_ID_2,-12488,-12014,-12999,0.002363,-0.002915,0.000196,-0.000356,0x36
6.829,MODE_ID_2,-12494,-11998,-13002,0.001002,0.000257,-0.000561,0.000698,0x36
6.839,MODE_ID_2,-12496,-11991,-12998,0.000710,0.001751,0.000261,0.002722,0x36
6.849,MODE_ID_2,-12489,-12003,-13014,0.002135,-0.000769,-0.002951,-0.001585,0x36
6.858,MODE_ID_2,-12491,-11989,-13013,0.001761,0.002168,-0.002754,0.001175,0x36
6.869,MODE_ID_2,-12510,-11991,-13008,-0.002027,0.001749,-0.001645,-0.001923,0x36
6.878,MODE_ID_2,-12488,-11991,-13014,0.002202,0.001617,-0.002829,0.000990,0x36
6.888,MODE_ID_2,-12514,-11996,-13001,-0.002956,0.000772,-0.000374,-0.002558,0x36
6.898,MODE_ID_2,-12505,-11986,-13012,-0.001071,0.002640,-0.002445,-0.000876,0x36
6.909,MODE_ID_2,-12509,-11999,-13001,-0.001914,0.000157,-0.000376,-0.002133,0x36
6.919,MODE_ID_2,-12507,-11988,-13006,-0.001449,0.002212,-0.001279,-0.000516,0x36
6.929,MODE_ID_2,-12498,-12006,-13012,0.000243,-0.001377,-0.002529,-0.003663,0x36
6.939,MODE_ID_2,-12496,-11989,-13001,0.000692,0.002183,-0.000324,0.002551,0x36
6.948,MODE_ID_2,-12499,-12009,-12996,0.000128,-0.001957,0.000656,-0.001173,0x36
6.958,MODE_ID_2,-12507,-11993,-13008,-0.001432,0.001202,-0.001785,-0.002015,0x36
6.969,MODE_ID_2,-12496,-12002,-13001,0.000636,-0.000419,-0.000377,-0.000160,0x36
6.978,MODE_ID_2,-12503,-11999,-12989,-0.000732,0.000062,0.002006,0.001336,0x36
6.989,MODE_ID_2,-12504,-12014,-13012,-0.000842,-0.002840,-0.002460,-0.006142,0x36
6.999,MODE_ID_2,-12493,-11996,-13004,0.001293,0.000626,-0.000864,0.001055,0x36
7.010,MODE_ID_2,-12510,-12008,-12994,-0.002122,-0.001751,0.001104,-0.002769,0x36
7.019,MODE_ID_2,-12506,-11996,-13003,-0.001282,0.000757,-0.000765,-0.001290,0x36
7.028,MODE_ID_2,-12485,-11990,-12998,0.002880,0.001973,0.000365,0.005218,0x36
7.038,MODE_ID_2,-12486,-11997,-13011,0.002796,0.000413,-0.002238,0.000971,0x36
7.049,MODE_ID_2,-12502,-12013,-13008,-0.000407,-0.002746,-0.001661,-0.004814,0x36
7.059,MODE_ID_2,-12485,-11996,-12994,0.002962,0.000763,0.001149,0.004874,0x36
7.072,MODE_ID_2,-12497,-11998,-13012,0.000586,0.000267,-0.002454,-0.001601,0x36
7.079,MODE_ID_2,-12488,-11999,-12999,0.002373,0.000060,0.000005,0.002438,0x36
7.089,MODE_ID_2,-12509,-11989,-12994,-0.001970,0.002046,0.001124,0.001200,0x36
7.099,MODE_ID_2,-12494,-11997,-13002,0.001019,0.000462,-0.000406,0.001075,0x36
7.109,MODE_ID_2,-12498,-12007,-13003,0.000227,-0.001545,-0.000662,-0.001980,0x36
7.119,MODE_ID_2,-12489,-11997,-12992,0.002022,0.000436,0.001522,0.003980,0x36
7.131,MODE_ID_2,-12507,-12000,-13014,-0.001492,-0.000022,-0.002958,-0.004472,0x36
7.138,MODE_ID_2,-12513,-12014,-13013,-0.002623,-0.002825,-0.002650,-0.008098,0x36
7.149,MODE_ID_2,-12509,-11994,-12988,-0.001885,0.001165,0.002247,0.001527,0x36
7.159,MODE_ID_2,-12488,-11997,-12997,0.002384,0.000468,0.000458,0.003310,0x36
7.169,MODE_ID_2,-12513,-12010,-13014,-0.002644,-0.002044,-0.002863,-0.007551,0x36
7.179,MODE_ID_2,-12499,-11993,-13009,0.000133,0.001250,-0.001898,-0.000515,0x36
7.189,MODE_ID_2,-12506,-12002,-13001,-0.001252,-0.000556,-0.000226,-0.002034,0x36
7.209,MODE_ID_2,-12493,-12011,-12994,0.001210,-0.002296,0.001199,0.000113,0x36
7.218,MODE_ID_2,-12489,-11991,-12985,0.002000,0.001700,0.002828,0.006528,0x36
7.229,MODE_ID_2,-12505,-11995,-12996,-0.001019,0.000813,0.000766,0.000560,0x36
7.238,MODE_ID_2,-12507,-12013,-13007,-0.001408,-0.002690,-0.001587,-0.005685,0x36
7.248,MODE_ID_2,-12513,-12005,-13001,-0.002775,-0.001162,-0.000326,-0.004263,0x36
7.259,MODE_ID_2,-12509,-12003,-12995,-0.001977,-0.000621,0.000861,-0.001737,0x36
7.269,MODE_ID_2,-12504,-12002,-12986,-0.000913,-0.000510,0.002772,0.001349,0x36
7.279,MODE_ID_2,-12513,-12000,-12991,-0.002704,-0.000137,0.001705,-0.001136,0x36
7.289,MODE_ID_2,-12487,-12012,-12993,0.002499,-0.002500,0.001357,0.001356,0x36
7.298,MODE_ID_2,-12492,-11994,-12997,0.001500,0.001135,0.000584,0.003219,0x36
7.308,MODE_ID_2,-12496,-12010,-12991,0.000631,-0.002017,0.001691,0.000305,0x36
7.322,MODE_ID_2,-12494,-12003,-13007,0.001020,-0.000644,-0.001443,-0.001067,0x36
7.329,MODE_ID_2,-12494,-12013,-13007,0.001056,-0.002776,-0.001559,-0.003279,0x36
7.339,MODE_ID_2,-12506,-12001,-13007,-0.001248,-0.000281,-0.001559,-0.003088,0x36
7.349,MODE_ID_2,-12512,-11995,-13001,-0.002420,0.000841,-0.000219,-0.001798,0x36
7.359,MODE_ID_2,-12504,-11986,-12986,-0.000950,0.002646,0.002675,0.004371,0x36
7.369,MODE_ID_2,-12487,-11996,-12985,0.002434,0.000609,0.002918,0.005961,0x36
7.384,MODE_ID_2,-12502,-12002,-13002,-0.000401,-0.000531,-0.000473,-0.001405,0x36
7.389,MODE_ID_2,-12514,-11997,-12986,-0.002883,0.000503,0.002688,0.000308,0x36
7.399,MODE_ID_2,-12496,-11989,-13008,0.000603,0.002178,-0.001754,0.001027,0x36
7.408,MODE_ID_2,-12509,-12012,-13009,-0.001977,-0.002552,-0.001908,-0.006437,0x36
7.419,MODE_ID_2,-12496,-11987,-12999,0.000771,0.002554,0.000060,0.003385,0x36
7.429,MODE_ID_2,-12513,-11989,-13006,-0.002678,0.002002,-0.001282,-0.001958,0x36
7.439,MODE_ID_2,-12512,-12005,-13014,-0.002506,-0.001050,-0.002961,-0.006517,0x36
7.449,MODE_ID_2,-12510,-11986,-12993,-0.002022,0.002716,0.001336,0.002030,0x36
7.459,MODE_ID_2,-12495,-12003,-13001,0.000853,-0.000669,-0.000366,-0.000182,0x36
7.469,MODE_ID_2,-12506,-11987,-13009,-0.001261,0.002591,-0.001915,-0.000585,0x36
7.479,MODE_ID_2,-12503,-12008,-13010,-0.000609,-0.001724,-0.002119,-0.004452,0x36
7.489,MODE_ID_2,-12492,-12012,-13006,0.001494,-0.002451,-0.001311,-0.002268,0x36
7.499,MODE_ID_2,-12485,-12001,-12995,0.002833,-0.000253,0.000815,0.003395,0x36
7.514,MODE_ID_2,-12513,-12005,-12993,-0.002747,-0.001084,0.001380,-0.002451,0x36
7.521,MODE_ID_2,-12514,-12009,-12989,-0.002938,-0.001837,0.002178,-0.002597,0x36
7.529,MODE_ID_2,-12496,-12006,-13005,0.000778,-0.001202,-0.001061,-0.001485,0x36
7.539,MODE_ID_2,-12505,-11987,-13000,-0.001035,0.002594,-0.000050,0.001509,0x36
7.549,MODE_ID_2,-12505,-12009,-13007,-0.001156,-0.001892,-0.001538,-0.004586,0x36
7.558,MODE_ID_2,-12507,-12007,-12994,-0.001524,-0.001464,0.001137,-0.001851,0x36
7.575,MODE_ID_2,-12501,-12011,-13012,-0.000357,-0.002314,-0.002548,-0.005219,0x36
7.578,MODE_ID_2,-12514,-11992,-12988,-0.002920,0.001412,0.002286,0.000778,0x36
7.589,MODE_ID_2,-12511,-12011,-12988,-0.002238,-0.002206,0.002305,-0.002139,0x36
7.599,MODE_ID_2,-12487,-11996,-13007,0.002535,0.000793,-0.001405,0.001923,0x36
7.609,MODE_ID_2,-12499,-12007,-13002,0.000114,-0.001533,-0.000531,-0.001950,0x36
7.618,MODE_ID_2,-12488,-12004,-12994,0.002220,-0.000908,0.001100,0.002412,0x36
7.629,MODE_ID_2,-12506,-12008,-12995,-0.001287,-0.001622,0.000948,-0.001961,0x36
7.639,MODE_ID_2,-12498,-12013,-12993,0.000329,-0.002723,0.001395,-0.000999,0x36
7.649,MODE_ID_2,-12489,-11994,-12992,0.002050,0.001123,0.001417,0.004590,0x36
7.659,MODE_ID_2,-12495,-11992,-13003,0.000902,0.001553,-0.000750,0.001705,0x36
7.669,MODE_ID_2,-12512,-11996,-12991,-0.002576,0.000634,0.001758,-0.000184,0x36
7.679,MODE_ID_2,-12496,-12001,-12986,0.000657,-0.000309,0.002602,0.002950,0x36
7.688,MODE_ID_2,-12487,-11990,-13014,0.002565,0.001811,-0.002976,0.001400,0x36
7.698,MODE_ID_2,-12504,-12010,-13007,-0.000960,-0.002105,-0.001404,-0.004469,0x36
7.709,MODE_ID_2,-12485,-11994,-13001,0.002920,0.001073,-0.000286,0.003707,0x36
7.719,MODE_ID_2,-12507,-12010,-12988,-0.001414,-0.002097,0.002356,-0.001155,0x36
7.728,MODE_ID_2,-12494,-11995,-12998,0.001178,0.000977,0.000366,0.002521,0x36
7.739,MODE_ID_2,-12509,-11986,-13007,-0.001817,0.002755,-0.001472,-0.000534,0x36
7.749,MODE_ID_2,-12494,-11990,-13013,0.001054,0.001817,-0.002775,0.000096,0x36
7.759,MODE_ID_2,-12513,-12004,-12990,-0.002710,-0.000885,0.001928,-0.001667,0x36
7.769,MODE_ID_2,-12509,-12011,-12989,-0.001813,-0.002259,0.002163,-0.001909,0x36
7.778,MODE_ID_2,-12509,-11991,-13006,-0.001894,0.001669,-0.001332,-0.001557,0x36
7.789,MODE_ID_2,-12492,-11999,-12988,0.001576,0.000018,0.002364,0.003958,0x36
7.799,MODE_ID_2,-12495,-11999,-12991,0.000994,0.000165,0.001766,0.002925,0x36
7.809,MODE_ID_2,-12511,-11996,-13008,-0.002400,0.000717,-0.001788,-0.003471,0x36
7.824,MODE_ID_2,-12504,-12014,-12992,-0.000931,-0.002808,0.001401,-0.002338,0x36
7.829,MODE_ID_2,-12499,-11991,-12988,0.000179,0.001707,0.002208,0.004094,0x36
7.839,MODE_ID_2,-12503,-11992,-13006,-0.000758,0.001416,-0.001348,-0.000690,0x36
7.849,MODE_ID_2,-12497,-11997,-12988,0.000556,0.000597,0.002365,0.003518,0x36
7.859,MODE_ID_2,-12494,-12001,-13011,0.001063,-0.000231,-0.002390,-0.001558,0x36
7.869,MODE_ID_2,-12509,-12012,-12998,-0.001833,-0.002463,0.000310,-0.003986,0x36
7.882,MODE_ID_2,-12485,-11999,-12999,0.002977,0.000101,0.000180,0.003258,0x36
7.889,MODE_ID_2,-12492,-12003,-13008,0.001548,-0.000620,-0.001729,-0.000801,0x36
7.898,MODE_ID_2,-12492,-11989,-13012,0.001430,0.002112,-0.002423,0.001119,0x36
7.909,MODE_ID_2,-12501,-11985,-12998,-0.000292,0.002953,0.000218,0.002879,0x36
7.919,MODE_ID_2,-12487,-12008,-12985,0.002545,-0.001626,0.002978,0.003897,0x36
7.929,MODE_ID_2,-12503,-12012,-13010,-0.000767,-0.002461,-0.002050,-0.005278,0x36
7.940,MODE_ID_2,-12513,-11990,-12994,-0.002785,0.001997,0.001056,0.000268,0x36
7.948,MODE_ID_2,-12486,-12010,-13006,0.002775,-0.002075,-0.001210,-0.000510,0x36
7.959,MODE_ID_2,-12489,-12005,-13014,0.002129,-0.001103,-0.002921,-0.001895,0x36
7.969,MODE_ID_2,-12502,-12001,-12993,-0.000424,-0.000233,0.001316,0.000659,0x36
7.979,MODE_ID_2,-12488,-11992,-13001,0.002395,0.001413,-0.000334,0.003474,0x36
7.989,MODE_ID_2,-12493,-11989,-13008,0.001275,0.002050,-0.001703,0.001622,0x36
7.999,MODE_ID_2,-12492,-11992,-13014,0.001461,0.001508,-0.002862,0.000107,0x36
8.015,MODE_ID_2,-12501,-11995,-12989,-0.000282,0.000934,0.002105,0.002757,0x36
8.020,MODE_ID_2,-12511,-12000,-13002,-0.002332,-0.000005,-0.000586,-0.002923,0x36
8.029,MODE_ID_2,-12489,-12009,-12986,0.002035,-0.001821,0.002788,0.003002,0x36
8.040,MODE_ID_2,-12487,-12010,-13014,0.002464,-0.002132,-0.002880,-0.002548,0x36
8.049,MODE_ID_2,-12491,-12002,-13009,0.001702,-0.000410,-0.001934,-0.000642,0x36
8.059,MODE_ID_2,-12498,-11999,-13014,0.000224,0.000050,-0.002824,-0.002550,0x36
8.075,MODE_ID_2,-12486,-11998,-13004,0.002673,0.000247,-0.000886,0.002034,0x36
8.078,MODE_ID_2,-12499,-11991,-12999,0.000076,0.001796,0.000079,0.001951,0x36
8.089,MODE_ID_2,-12497,-11990,-12998,0.000534,0.001964,0.000223,0.002721,0x36
8.099,MODE_ID_2,-12487,-11993,-13001,0.002531,0.001285,-0.000279,0.003537,0x36
8.109,MODE_ID_2,-12511,-12003,-13002,-0.002315,-0.000733,-0.000557,-0.003605,0x36
8.119,MODE_ID_2,-12503,-12012,-12996,-0.000786,-0.002460,0.000699,-0.002547,0x36
8.129,MODE_ID_2,-12485,-11999,-13006,0.002867,0.000024,-0.001230,0.001661,0x36
8.139,MODE_ID_2,-12491,-11988,-13011,0.001636,0.002252,-0.002386,0.001502,0x36
8.149,MODE_ID_2,-12514,-11998,-12988,-0.002903,0.000245,0.002347,-0.000311,0x36
8.159,MODE_ID_2,-12510,-12013,-12993,-0.002114,-0.002758,0.001388,-0.003484,0x36
8.169,MODE_ID_2,-12507,-11990,-13009,-0.001406,0.001988,-0.001849,-0.001267,0x36
8.179,MODE_ID_2,-12511,-12013,-13012,-0.002360,-0.002610,-0.002409,-0.007379,0x36
8.189,MODE_ID_2,-12511,-12005,-12985,-0.002282,-0.001065,0.002829,-0.000518,0x36
8.199,MODE_ID_2,-12494,-11997,-13014,0.001088,0.000440,-0.002951,-0.001423,0x36
8.209,MODE_ID_2,-12514,-12010,-12992,-0.002966,-0.002056,0.001443,-0.003579,0x36
8.219,MODE_ID_2,-12512,-12013,-12986,-0.002466,-0.002660,0.002740,-0.002386,0x36
8.229,MODE_ID_2,-12513,-11986,-12988,-0.002677,0.002752,0.002280,0.002355,0x36
8.239,MODE_ID_2,-12513,-11986,-13004,-0.002767,0.002620,-0.000949,-0.001096,0x36
8.249,MODE_ID_2,-12512,-12014,-12997,-0.002502,-0.002902,0.000516,-0.004888,0x36
8.260,MODE_ID_2,-12486,-12009,-12989,0.002795,-0.001982,0.002040,0.002853,0x36
8.269,MODE_ID_2,-12498,-11999,-13013,0.000245,0.000192,-0.002741,-0.002304,0x36
8.279,MODE_ID_2,-12497,-11985,-13007,0.000434,0.002929,-0.001426,0.001937,0x36
8.289,MODE_ID_2,-12488,-12005,-13001,0.002266,-0.001157,-0.000304,0.000805,0x36
8.299,MODE_ID_2,-12486,-11990,-13005,0.002771,0.001898,-0.001117,0.003552,0x36
8.309,MODE_ID_2,-12490,-11990,-12994,0.001927,0.001925,0.001176,0.005028,0x36
8.322,MODE_ID_2,-12485,-11995,-13003,0.002863,0.000889,-0.000760,0.002992,0x36
8.329,MODE_ID_2,-12508,-11992,-12987,-0.001779,0.001491,0.002552,0.002264,0x36
8.339,MODE_ID_2,-12492,-11998,-12999,0.001501,0.000264,0.000039,0.001804,0x36
8.349,MODE_ID_2,-12494,-12005,-13008,0.001025,-0.001171,-0.001721,-0.001867,0x36
8.359,MODE_ID_2,-12493,-12014,-13007,0.001372,-0.002825,-0.001506,-0.002959,0x36
8.369,MODE_ID_2,-12497,-11988,-13007,0.000492,0.002337,-0.001477,0.001352,0x36
8.383,MODE_ID_2,-12493,-12002,-12988,0.001389,-0.000525,0.002325,0.003189,0x36
8.388,MODE_ID_2,-12500,-11993,-12996,-0.000073,0.001316,0.000800,0.002043,0x36
8.399,MODE_ID_2,-12492,-11986,-13005,0.001492,0.002719,-0.001076,0.003135,0x36
8.409,MODE_ID_2,-12486,-11999,-13010,0.002787,0.000014,-0.002135,0.000666,0x36
8.420,MODE_ID_2,-12490,-12009,-13012,0.001972,-0.001876,-0.002439,-0.002343,0x36
8.428,MODE_ID_2,-12498,-11991,-13014,0.000359,0.001695,-0.002912,-0.000858,0x36
8.439,MODE_ID_2,-12511,-11996,-13014,-0.002361,0.000757,-0.002935,-0.004539,0x36
8.449,MODE_ID_2,-12486,-12011,-12992,0.002674,-0.002255,0.001456,0.001875,0x36
8.463,MODE_ID_2,-12513,-12001,-13002,-0.002699,-0.000233,-0.000528,-0.003460,0x36
8.469,MODE_ID_2,-12507,-12011,-13008,-0.001451,-0.002248,-0.001772,-0.005471,0x36
8.478,MODE_ID_2,-12487,-12013,-13000,0.002471,-0.002665,-0.000056,-0.000250,0x36
8.488,MODE_ID_2,-12506,-11988,-13007,-0.001308,0.002227,-0.001541,-0.000622,0x36
8.498,MODE_ID_2,-12512,-12009,-12986,-0.002442,-0.001996,0.002779,-0.001659,0x36
8.509,MODE_ID_2,-12488,-12001,-12997,0.002248,-0.000390,0.000501,0.002359,0x36
8.519,MODE_ID_2,-12493,-11993,-12997,0.001258,0.001281,0.000559,0.003098,0x36
8.528,MODE_ID_2,-12507,-11996,-12987,-0.001571,0.000770,0.002537,0.001736,0x36
8.538,MODE_ID_2,-12492,-12000,-13011,0.001497,-0.000136,-0.002268,-0.000907,0x36
8.548,MODE_ID_2,-12500,-12002,-12992,-0.000153,-0.000429,0.001466,0.000884,0x36
8.558,MODE_ID_2,-12511,-12007,-13005,-0.002370,-0.001496,-0.001154,-0.005020,0x36
8.569,MODE_ID_2,-12487,-11992,-12999,0.002490,0.001435,0.000155,0.004080,0x36
8.580,MODE_ID_2,-12493,-12002,-12997,0.001399,-0.000543,0.000536,0.001392,0x36
8.589,MODE_ID_2,-12507,-12009,-12988,-0.001527,-0.001883,0.002234,-0.001176,0x36
8.599,MODE_ID_2,-12490,-11995,-13000,0.001849,0.000876,-0.000094,0.002631,0x36
8.609,MODE_ID_2,-12498,-12014,-13005,0.000261,-0.002834,-0.001103,-0.003676,0x36
8.619,MODE_ID_2,-12498,-12000,-12996,0.000320,-0.000115,0.000647,0.000852,0x36
8.629,MODE_ID_2,-12512,-12013,-12998,-0.002507,-0.002623,0.000383,-0.004747,0x36
8.639,MODE_ID_2,-12491,-11994,-12985,0.001650,0.001029,0.002981,0.005660,0x36
8.649,MODE_ID_2,-12486,-11996,-12985,0.002650,0.000705,0.002911,0.006266,0x36
8.659,MODE_ID_2,-12502,-11999,-12993,-0.000507,0.000194,0.001216,0.000903,0x36
8.669,MODE_ID_2,-12506,-11989,-12990,-0.001210,0.002150,0.001829,0.002769,0x36
8.679,MODE_ID_2,-12499,-12000,-13003,0.000178,-0.000103,-0.000780,-0.000705,0x36
8.689,MODE_ID_2,-12499,-11986,-12989,0.000097,0.002685,0.002136,0.004918,0x36
8.699,MODE_ID_2,-12509,-12003,-12985,-0.001957,-0.000709,0.002921,0.000255,0x36
8.709,MODE_ID_2,-12494,-12008,-13011,0.001198,-0.001727,-0.002290,-0.002819,0x36
8.719,MODE_ID_2,-12500,-12003,-12989,-0.000060,-0.000618,0.002169,0.001491,0x36
8.729,MODE_ID_2,-12500,-11996,-12988,-0.000051,0.000657,0.002365,0.002971,0x36
8.739,MODE_ID_2,-12510,-11989,-12997,-0.002167,0.002109,0.000526,0.000468,0x36
8.749,MODE_ID_2,-12493,-11997,-12991,0.001337,0.000412,0.001773,0.003522,0x36
8.759,MODE_ID_2,-12495,-11986,-13002,0.000841,0.002729,-0.000516,0.003054,0x36
8.769,MODE_ID_2,-12491,-12003,-13013,0.001694,-0.000778,-0.002675,-0.001759,0x36
8.779,MODE_ID_2,-12489,-11995,-13007,0.002080,0.000909,-0.001422,0.001567,0x36
8.789,MODE_ID_2,-12503,-12004,-12996,-0.000631,-0.000812,0.000646,-0.000797,0x36
8.799,MODE_ID_2,-12512,-12005,-12985,-0.002408,-0.001121,0.002835,-0.000694,0x36
8.809,MODE_ID_2,-12498,-11988,-13005,0.000325,0.002268,-0.001006,0.001587,0x36
8.823,MODE_ID_2,-12500,-11986,-13010,-0.000063,0.002648,-0.002114,0.000471,0x36
8.829,MODE_ID_2,-12491,-11997,-12989,0.001611,0.000420,0.002183,0.004214,0x36
8.838,MODE_ID_2,-12494,-12012,-13014,0.001182,-0.002533,-0.002958,-0.004309,0x36
8.848,MODE_ID_2,-12513,-11990,-13005,-0.002741,0.001937,-0.001066,-0.001870,0x36
8.858,MODE_ID_2,-12508,-12009,-13005,-0.001705,-0.001994,-0.001157,-0.004856,0x36
8.868,MODE_ID_2,-12510,-11997,-12996,-0.002115,0.000528,0.000692,-0.000895,0x36
8.878,MODE_ID_2,-12503,-11996,-13012,-0.000671,0.000710,-0.002549,-0.002510,0x36
8.890,MODE_ID_2,-12514,-12010,-12994,-0.002929,-0.002175,0.001028,-0.004076,0x36
8.898,MODE_ID_2,-12485,-11990,-13004,0.002821,0.001967,-0.000996,0.003792,0x36
8.909,MODE_ID_2,-12500,-12003,-12994,-0.000013,-0.000726,0.001044,0.000305,0x36
8.918,MODE_ID_2,-12507,-11985,-12991,-0.001436,0.002939,0.001710,0.003213,0x36
8.928,MODE_ID_2,-12490,-12008,-13011,0.001891,-0.001677,-0.002332,-0.002118,0x36
8.938,MODE_ID_2,-12492,-11986,-12994,0.001553,0.002628,0.001079,0.005260,0x36
8.948,MODE_ID_2,-12495,-12013,-13009,0.000844,-0.002748,-0.001984,-0.003888,0x36
8.959,MODE_ID_2,-12496,-11999,-13006,0.000726,0.000054,-0.001238,-0.000458,0x36
8.969,MODE_ID_2,-12488,-11990,-13004,0.002387,0.001974,-0.000987,0.003374,0x36
8.978,MODE_ID_2,-12498,-11998,-13011,0.000354,0.000259,-0.002237,-0.001624,0x36
8.989,MODE_ID_2,-12510,-12006,-12987,-0.002122,-0.001356,0.002408,-0.001070,0x36
8.998,MODE_ID_2,-12493,-11999,-13010,0.001256,0.000177,-0.002146,-0.000713,0x36
9.013,MODE_ID_2,-12492,-11992,-12990,0.001481,0.001554,0.001893,0.004928,0x36
9.018,MODE_ID_2,-12513,-11995,-12999,-0.002701,0.000995,0.000190,-0.001516,0x36
9.028,MODE_ID_2,-12501,-11997,-13010,-0.000356,0.000414,-0.002132,-0.002074,0x36
9.039,MODE_ID_2,-12504,-11993,-12985,-0.000872,0.001341,0.002836,0.003305,0x36
9.049,MODE_ID_2,-12508,-12000,-13001,-0.001758,-0.000131,-0.000223,-0.002112,0x36
9.059,MODE_ID_2,-12502,-12008,-12994,-0.000558,-0.001742,0.001065,-0.001235,0x36
9.069,MODE_ID_2,-12494,-12005,-12994,0.001118,-0.001066,0.001065,0.001117,0x36
9.078,MODE_ID_2,-12502,-11989,-13009,-0.000556,0.002104,-0.001975,-0.000427,0x36
9.089,MODE_ID_2,-12507,-11989,-13014,-0.001436,0.002021,-0.002846,-0.002261,0x36
9.099,MODE_ID_2,-12503,-11993,-13007,-0.000694,0.001215,-0.001553,-0.001032,0x36
9.109,MODE_ID_2,-12488,-12012,-13002,0.002391,-0.002518,-0.000511,-0.000638,0x36
9.118,MODE_ID_2,-12487,-12009,-13012,0.002579,-0.001993,-0.002566,-0.001980,0x36
9.128,MODE_ID_2,-12488,-11989,-13009,0.002375,0.002120,-0.001934,0.002561,0x36
9.138,MODE_ID_2,-12497,-11999,-13013,0.000406,0.000181,-0.002627,-0.002040,0x36
9.148,MODE_ID_2,-12488,-12000,-12997,0.002335,-0.000009,0.000530,0.002856,0x36
9.159,MODE_ID_2,-12492,-12007,-13000,0.001520,-0.001514,-0.000184,-0.000178,0x36
9.169,MODE_ID_2,-12488,-11992,-12995,0.002291,0.001518,0.000919,0.004728,0x36
9.179,MODE_ID_2,-12501,-12009,-13011,-0.000363,-0.001899,-0.002336,-0.004598,0x36
9.189,MODE_ID_2,-12488,-11988,-13000,0.002400,0.002293,-0.000044,0.004649,0x36
9.199,MODE_ID_2,-12488,-11996,-13008,0.002337,0.000767,-0.001730,0.001374,0x36
9.209,MODE_ID_2,-12486,-12011,-12998,0.002641,-0.002223,0.000237,0.000655,0x36
9.219,MODE_ID_2,-12500,-12008,-13009,-0.000125,-0.001613,-0.001834,-0.003572,0x36
9.229,MODE_ID_2,-12506,-11989,-13012,-0.001328,0.002130,-0.002559,-0.001757,0x36
9.239,MODE_ID_2,-12513,-12013,-13013,-0.002775,-0.002673,-0.002674,-0.008122,0x36
9.249,MODE_ID_2,-12498,-12002,-13010,0.000343,-0.000590,-0.002159,-0.002406,0x36
9.281,MODE_ID_2,-12503,-12009,-13010,-0.000610,-0.001811,-0.002008,-0.004429,0x36
9.289,MODE_ID_2,-12490,-12002,-13005,0.001972,-0.000553,-0.001017,0.000402,0x36
9.299,MODE_ID_2,-12499,-12007,-13008,0.000139,-0.001473,-0.001735,-0.003069,0x36
9.309,MODE_ID_2,-12508,-12003,-12997,-0.001718,-0.000626,0.000434,-0.001910,0x36
9.319,MODE_ID_2,-12506,-11995,-12993,-0.001399,0.000982,0.001344,0.000927,0x36
9.329,MODE_ID_2,-12488,-12013,-13012,0.002251,-0.002643,-0.002492,-0.002884,0x36
9.339,MODE_ID_2,-12494,-11990,-13011,0.001194,0.001838,-0.002214,0.000818,0x36
9.349,MODE_ID_2,-12494,-11987,-13013,0.001199,0.002409,-0.002789,0.000819,0x36
9.359,MODE_ID_2,-12506,-11991,-12989,-0.001330,0.001629,0.002049,0.002348,0x36
9.369,MODE_ID_2,-12506,-12010,-13013,-0.001317,-0.002150,-0.002727,-0.006194,0x36
9.379,MODE_ID_2,-12487,-12005,-12985,0.002412,-0.001129,0.002911,0.004194,0x36
9.389,MODE_ID_2,-12496,-12002,-12998,0.000715,-0.000411,0.000276,0.000580,0x36
9.399,MODE_ID_2,-12489,-12008,-13002,0.002177,-0.001689,-0.000417,0.000071,0x36
9.409,MODE_ID_2,-12491,-12003,-12988,0.001778,-0.000642,0.002334,0.003470,0x36
9.419,MODE_ID_2,-12501,-12002,-12995,-0.000354,-0.000550,0.000955,0.000051,0x36
9.428,MODE_ID_2,-12506,-11989,-13008,-0.001263,0.002062,-0.001618,-0.000819,0x36
9.439,MODE_ID_2,-12492,-12001,-13007,0.001577,-0.000330,-0.001414,-0.000167,0x36
9.455,MODE_ID_2,-12488,-11987,-13008,0.002383,0.002405,-0.001613,0.003175,0x36
9.458,MODE_ID_2,-12486,-12000,-13014,0.002677,-0.000034,-0.002910,-0.000267,0x36
9.469,MODE_ID_2,-12503,-11993,-13008,-0.000705,0.001366,-0.001779,-0.001118,0x36
9.479,MODE_ID_2,-12492,-11996,-12994,0.001482,0.000746,0.001180,0.003408,0x36
9.489,MODE_ID_2,-12496,-12008,-13005,0.000743,-0.001644,-0.001143,-0.002044,0x36
9.499,MODE_ID_2,-12512,-11998,-13000,-0.002508,0.000378,-0.000154,-0.002284,0x36
9.509,MODE_ID_2,-12514,-12005,-12999,-0.002994,-0.001055,0.000055,-0.003994,0x36
9.522,MODE_ID_2,-12512,-12005,-12990,-0.002442,-0.001199,0.001861,-0.001780,0x36
9.528,MODE_ID_2,-12501,-12001,-12985,-0.000369,-0.000264,0.002801,0.002168,0x36
9.538,MODE_ID_2,-12490,-11991,-13001,0.001888,0.001745,-0.000379,0.003254,0x36
9.549,MODE_ID_2,-12510,-11991,-13006,-0.002082,0.001796,-0.001277,-0.001563,0x36
9.559,MODE_ID_2,-12506,-12010,-13013,-0.001271,-0.002121,-0.002730,-0.006122,0x36
9.569,MODE_ID_2,-12493,-12010,-13000,0.001261,-0.002080,-0.000141,-0.000960,0x36
9.579,MODE_ID_2,-12505,-12000,-12993,-0.001147,-0.000076,0.001308,0.000085,0x36
9.589,MODE_ID_2,-12486,-12005,-12996,0.002638,-0.001055,0.000740,0.002323,0x36
9.599,MODE_ID_2,-12513,-12014,-12987,-0.002666,-0.002837,0.002430,-0.003073,0x36
9.609,MODE_ID_2,-12508,-12013,-12987,-0.001624,-0.002744,0.002570,-0.001798,0x36
9.619,MODE_ID_2,-12502,-11994,-12988,-0.000574,0.001115,0.002226,0.002767,0x36
9.629,MODE_ID_2,-12498,-12000,-13007,0.000207,-0.000180,-0.001413,-0.001386,0x36
9.639,MODE_ID_2,-12501,-12007,-12991,-0.000365,-0.001591,0.001775,-0.000181,0x36
9.649,MODE_ID_2,-12511,-12007,-13010,-0.002360,-0.001563,-0.002191,-0.006114,0x36
9.658,MODE_ID_2,-12512,-12006,-12992,-0.002546,-0.001275,0.001503,-0.002318,0x36
9.669,MODE_ID_2,-12491,-11993,-12998,0.001626,0.001385,0.000400,0.003411,0x36
9.680,MODE_ID_2,-12488,-12003,-12992,0.002247,-0.000776,0.001465,0.002936,0x36
9.689,MODE_ID_2,-12499,-12004,-13000,0.000090,-0.000883,-0.000124,-0.000917,0x36
9.699,MODE_ID_2,-12510,-11996,-13014,-0.002060,0.000734,-0.002991,-0.004317,0x36
9.708,MODE_ID_2,-12494,-12002,-12989,0.001085,-0.000558,0.002013,0.002540,0x36
9.719,MODE_ID_2,-12491,-11995,-12999,0.001662,0.000960,0.000033,0.002655,0x36
9.729,MODE_ID_2,-12488,-11998,-12994,0.002326,0.000356,0.001138,0.003820,0x36
9.739,MODE_ID_2,-12492,-11997,-12987,0.001418,0.000464,0.002480,0.004362,0x36
9.749,MODE_ID_2,-12514,-11991,-13005,-0.002833,0.001663,-0.001120,-0.002290,0x36
9.759,MODE_ID_2,-12514,-11985,-12987,-0.002886,0.002898,0.002457,0.002469,0x36
9.769,MODE_ID_2,-12505,-12002,-12998,-0.001138,-0.000406,0.000356,-0.001188,0x36
9.779,MODE_ID_2,-12499,-11985,-12991,0.000166,0.002927,0.001765,0.004858,0x36
9.788,MODE_ID_2,-12494,-11999,-12995,0.001176,0.000165,0.000895,0.002236,0x36
9.798,MODE_ID_2,-12503,-11987,-13004,-0.000683,0.002514,-0.000870,0.000961,0x36
9.809,MODE_ID_2,-12499,-12009,-12988,0.000026,-0.001974,0.002358,0.000410,0x36
9.819,MODE_ID_2,-12485,-12007,-12998,0.002943,-0.001540,0.000216,0.001619,0x36
9.829,MODE_ID_2,-12491,-12009,-13012,0.001690,-0.001849,-0.002524,-0.002683,0x36
9.838,MODE_ID_2,-12499,-11997,-13011,0.000151,0.000499,-0.002245,-0.001595,0x36
9.848,MODE_ID_2,-12491,-11985,-12987,0.001621,0.002875,0.002482,0.006978,0x36
9.859,MODE_ID_2,-12493,-11992,-13007,0.001218,0.001468,-0.001462,0.001224,0x36
9.869,MODE_ID_2,-12514,-12003,-12993,-0.002837,-0.000683,0.001215,-0.002305,0x36
9.879,MODE_ID_2,-12485,-11988,-12997,0.002843,0.002341,0.000570,0.005754,0x36
9.889,MODE_ID_2,-12486,-12001,-13014,0.002719,-0.000302,-0.002824,-0.000407,0x36
9.899,MODE_ID_2,-12506,-12013,-12990,-0.001231,-0.002658,0.001864,-0.002025,0x36
9.909,MODE_ID_2,-12501,-12003,-13009,-0.000344,-0.000734,-0.001958,-0.003036,0x36
9.919,MODE_ID_2,-12488,-11987,-12985,0.002275,0.002475,0.002914,0.007664,0x36
9.929,MODE_ID_2,-12503,-12008,-12988,-0.000750,-0.001678,0.002206,-0.000222,0x36
9.939,MODE_ID_2,-12508,-12011,-13011,-0.001629,-0.002329,-0.002207,-0.006165,0x36
9.955,MODE_ID_2,-12497,-12013,-12997,0.000440,-0.002667,0.000432,-0.001795,0x36
9.959,MODE_ID_2,-12487,-12002,-13000,0.002473,-0.000476,-0.000078,0.001919,0x36
9.969,MODE_ID_2,-12506,-11994,-13012,-0.001226,0.001172,-0.002412,-0.002466,0x36
9.979,MODE_ID_2,-12494,-11995,-12999,0.001197,0.000879,0.000178,0.002254,0x36
9.989,MODE_ID_2,-12494,-12002,-12999,0.001148,-0.000547,0.000010,0.000611,0x36
9.999,MODE_ID_2,-12487,-12009,-12989,0.002548,-0.001812,0.002106,0.002842,0x36
10.009,MODE_ID_2,-12487,-11999,-12985,0.002491,0.000086,0.002817,0.005394,0x36
10.033,MODE_ID_2,-12492,-11997,-13005,0.001445,0.000551,-0.001144,0.000852,0x36
10.039,MODE_ID_2,-12514,-12009,-13004,-0.002941,-0.001974,-0.000922,-0.005837,0x36
10.049,MODE_ID_2,-12488,-12013,-13011,0.002323,-0.002635,-0.002235,-0.002547,0x36
10.059,MODE_ID_2,-12488,-12009,-13002,0.002373,-0.001897,-0.000506,-0.000030,0x36
10.069,MODE_ID_2,-12508,-11997,-13004,-0.001698,0.000559,-0.000960,-0.002099,0x36
10.090,MODE_ID_2,-12510,-12013,-12990,-0.002095,-0.002713,0.001892,-0.002916,0x36
10.099,MODE_ID_2,-12507,-11988,-13001,-0.001488,0.002233,-0.000348,0.000397,0x36
10.109,MODE_ID_2,-12496,-12006,-12987,0.000688,-0.001392,0.002531,0.001827,0x36
10.119,MODE_ID_2,-12502,-12001,-12992,-0.000556,-0.000224,0.001474,0.000694,0x36
10.128,MODE_ID_2,-12490,-11993,-13006,0.001939,0.001257,-0.001212,0.001984,0x36
10.150,MODE_ID_2,-12512,-11986,-12986,-0.002573,0.002730,0.002655,0.002812,0x36
10.159,MODE_ID_2,-12486,-11998,-13009,0.002740,0.000233,-0.001930,0.001043,0x36
10.169,MODE_ID_2,-12498,-11996,-13002,0.000349,0.000682,-0.000498,0.000533,0x36
10.179,MODE_ID_2,-12491,-11991,-13003,0.001732,0.001653,-0.000659,0.002726,0x36
10.189,MODE_ID_2,-12514,-11994,-12985,-0.002976,0.001169,0.002837,0.001030,0x36
10.199,MODE_ID_2,-12488,-12009,-13000,0.002355,-0.001997,-0.000120,0.000238,0x36
10.219,MODE_ID_2,-12485,-12003,-12991,0.002814,-0.000623,0.001604,0.003795,0x36
10.229,MODE_ID_2,-12495,-12005,-13005,0.000878,-0.001083,-0.001029,-0.001234,0x36
10.238,MODE_ID_2,-12496,-11992,-12995,0.000680,0.001480,0.000974,0.003134,0x36
10.248,MODE_ID_2,-12502,-12000,-12994,-0.000515,-0.000153,0.001192,0.000524,0x36
10.259,MODE_ID_2,-12490,-11995,-13005,0.001843,0.000902,-0.001116,0.001629,0x36
10.287,MODE_ID_2,-12496,-12003,-12990,0.000758,-0.000716,0.001854,0.001896,0x36
10.289,MODE_ID_2,-12499,-12011,-12994,0.000058,-0.002335,0.001134,-0.001143,0x36
10.299,MODE_ID_2,-12507,-11997,-12992,-0.001440,0.000511,0.001500,0.000571,0x36
10.309,MODE_ID_2,-12491,-12011,-12995,0.001612,-0.002322,0.000923,0.000213,0x36
10.320,MODE_ID_2,-12494,-11995,-13001,0.001006,0.000850,-0.000364,0.001492,0x36
10.341,MODE_ID_2,-12507,-12008,-13011,-0.001532,-0.001631,-0.002373,-0.005536,0x36
10.349,MODE_ID_2,-12499,-12004,-12985,0.000140,-0.000930,0.002922,0.002132,0x36
10.359,MODE_ID_2,-12510,-12002,-12987,-0.002045,-0.000548,0.002454,-0.000139,0x36
10.368,MODE_ID_2,-12503,-12005,-13002,-0.000665,-0.001013,-0.000477,-0.002155,0x36
10.379,MODE_ID_2,-12489,-11992,-13006,0.002152,0.001573,-0.001386,0.002339,0x36
10.402,MODE_ID_2,-12485,-11996,-12985,0.002928,0.000604,0.002824,0.006356,0x36
10.409,MODE_ID_2,-12487,-11990,-13008,0.002445,0.001922,-0.001685,0.002682,0x36
10.419,MODE_ID_2,-12499,-12008,-13008,0.000074,-0.001670,-0.001772,-0.003368,0x36
10.428,MODE_ID_2,-12505,-11993,-12997,-0.001022,0.001277,0.000517,0.000772,0x36
10.439,MODE_ID_2,-12494,-12006,-13012,0.001149,-0.001360,-0.002415,-0.002626,0x36
10.464,MODE_ID_2,-12500,-12002,-12987,-0.000188,-0.000428,0.002567,0.001951,0x36
10.469,MODE_ID_2,-12496,-12000,-13013,0.000725,-0.000083,-0.002662,-0.002020,0x36
10.479,MODE_ID_2,-12497,-11997,-13014,0.000478,0.000428,-0.002811,-0.001905,0x36
10.489,MODE_ID_2,-12495,-12014,-12987,0.000895,-0.002977,0.002593,0.000511,0x36
10.499,MODE_ID_2,-12502,-11995,-12988,-0.000418,0.000901,0.002324,0.002807,0x36
10.508,MODE_ID_2,-12503,-11986,-12987,-0.000779,0.002744,0.002450,0.004415,0x36
10.530,MODE_ID_2,-12491,-12006,-13008,0.001627,-0.001312,-0.001775,-0.001460,0x36
10.538,MODE_ID_2,-12487,-12009,-13013,0.002581,-0.001843,-0.002701,-0.001963,0x36
10.549,MODE_ID_2,-12493,-12001,-12986,0.001371,-0.000352,0.002680,0.003699,0x36
10.559,MODE_ID_2,-12496,-12001,-13006,0.000663,-0.000335,-0.001381,-0.001053,0x36
10.569,MODE_ID_2,-12505,-12005,-13005,-0.001189,-0.001133,-0.001065,-0.003387,0x36
10.593,MODE_ID_2,-12512,-12008,-12992,-0.002534,-0.001759,0.001535,-0.002758,0x36
10.599,MODE_ID_2,-12499,-11992,-12992,0.000064,0.001519,0.001540,0.003123,0x36
10.609,MODE_ID_2,-12509,-12004,-13013,-0.001956,-0.000924,-0.002797,-0.005677,0x36
10.619,MODE_ID_2,-12496,-11996,-12991,0.000765,0.000695,0.001772,0.003232,0x36
10.629,MODE_ID_2,-12492,-12008,-13009,0.001422,-0.001770,-0.001805,-0.002153,0x36
10.652,MODE_ID_2,-12504,-11992,-13010,-0.000843,0.001588,-0.002139,-0.001394,0x36
10.658,MODE_ID_2,-12493,-11999,-13006,0.001310,0.000148,-0.001349,0.000109,0x36
10.669,MODE_ID_2,-12492,-11985,-13003,0.001427,0.002859,-0.000744,0.003542,0x36
10.679,MODE_ID_2,-12502,-12010,-13013,-0.000451,-0.002017,-0.002652,-0.005120,0x36
10.690,MODE_ID_2,-12497,-11985,-12996,0.000506,0.002899,0.000786,0.004191,0x36
10.711,MODE_ID_2,-12494,-12005,-12988,0.001200,-0.001001,0.002297,0.002496,0x36
10.719,MODE_ID_2,-12509,-11994,-12996,-0.001915,0.001187,0.000678,-0.000050,0x36
10.729,MODE_ID_2,-12495,-11997,-13003,0.000854,0.000497,-0.000633,0.000718,0x36
10.739,MODE_ID_2,-12507,-12001,-13001,-0.001442,-0.000361,-0.000233,-0.002036,0x36
10.749,MODE_ID_2,-12498,-12014,-13004,0.000269,-0.002905,-0.000942,-0.003578,0x36
10.759,MODE_ID_2,-12498,-12002,-12996,0.000284,-0.000573,0.000607,0.000318,0x36
10.784,MODE_ID_2,-12496,-12013,-12987,0.000646,-0.002620,0.002516,0.000542,0x36
10.788,MODE_ID_2,-12510,-12008,-13013,-0.002109,-0.001645,-0.002703,-0.006457,0x36
10.799,MODE_ID_2,-12485,-12005,-13000,0.002919,-0.001188,-0.000141,0.001590,0x36
10.809,MODE_ID_2,-12499,-11997,-13013,0.000194,0.000449,-0.002630,-0.001987,0x36
10.818,MODE_ID_2,-12496,-12006,-12991,0.000679,-0.001212,0.001710,0.001177,0x36
10.850,MODE_ID_2,-12506,-12012,-13010,-0.001310,-0.002551,-0.002200,-0.006061,0x36
10.858,MODE_ID_2,-12498,-12014,-13011,0.000234,-0.002946,-0.002256,-0.004968,0x36
10.868,MODE_ID_2,-12494,-12009,-13004,0.001181,-0.001895,-0.000990,-0.001704,0x36
10.879,MODE_ID_2,-12488,-11990,-12999,0.002381,0.001931,0.000191,0.004503,0x36
10.904,MODE_ID_2,-12511,-11985,-13008,-0.002336,0.002969,-0.001627,-0.000994,0x36
10.909,MODE_ID_2,-12485,-12012,-13004,0.002842,-0.002502,-0.000965,-0.000625,0x36
10.919,MODE_ID_2,-12497,-11989,-13004,0.000589,0.002157,-0.000961,0.001785,0x36
10.929,MODE_ID_2,-12485,-11997,-13007,0.002990,0.000580,-0.001477,0.002093,0x36
10.939,MODE_ID_2,-12512,-12008,-12990,-0.002575,-0.001735,0.001814,-0.002496,0x36
10.961,MODE_ID_2,-12487,-12009,-12994,0.002571,-0.001886,0.001116,0.001801,0x36
10.969,MODE_ID_2,-12500,-11993,-13000,-0.000073,0.001218,-0.000040,0.001105,0x36
10.979,MODE_ID_2,-12492,-12007,-12989,0.001477,-0.001433,0.002000,0.002044,0x36
10.989,MODE_ID_2,-12500,-11992,-12991,-0.000074,0.001449,0.001653,0.003028,0x36
10.999,MODE_ID_2,-12505,-11992,-13013,-0.001073,0.001499,-0.002745,-0.002319,0x36
11.009,MODE_ID_2,-12486,-11990,-12985,0.002748,0.001910,0.002915,0.007573,0x36
11.032,MODE_ID_2,-12506,-12009,-13012,-0.001369,-0.001831,-0.002420,-0.005620,0x36
11.039,MODE_ID_2,-12502,-12001,-12998,-0.000454,-0.000216,0.000267,-0.000403,0x36
11.049,MODE_ID_2,-12495,-11989,-13004,0.000816,0.002142,-0.000878,0.002080,0x36
11.058,MODE_ID_2,-12498,-12006,-12986,0.000251,-0.001315,0.002639,0.001575,0x36
11.069,MODE_ID_2,-12498,-12013,-12993,0.000254,-0.002671,0.001322,-0.001095,0x36
11.095,MODE_ID_2,-12506,-11991,-12994,-0.001370,0.001606,0.001148,0.001384,0x36
11.098,MODE_ID_2,-12509,-11995,-13006,-0.001968,0.000805,-0.001256,-0.002419,0x36
11.109,MODE_ID_2,-12514,-12005,-12990,-0.002916,-0.001065,0.001982,-0.001999,0x36
11.118,MODE_ID_2,-12502,-12013,-12995,-0.000479,-0.002761,0.000942,-0.002298,0x36
11.129,MODE_ID_2,-12487,-12008,-13005,0.002454,-0.001725,-0.001023,-0.000294,0x36
11.150,MODE_ID_2,-12513,-12012,-13012,-0.002705,-0.002509,-0.002562,-0.007776,0x36
11.159,MODE_ID_2,-12506,-11993,-12987,-0.001234,0.001267,0.002442,0.002475,0x36
11.169,MODE_ID_2,-12501,-12012,-12986,-0.000260,-0.002498,0.002699,-0.000059,0x36
11.179,MODE_ID_2,-12489,-11995,-12988,0.002152,0.000802,0.002213,0.005167,0x36
11.189,MODE_ID_2,-12508,-12009,-13006,-0.001680,-0.001832,-0.001361,-0.004873,0x36
11.213,MODE_ID_2,-12507,-11996,-12996,-0.001460,0.000688,0.000710,-0.000062,0x36
11.219,MODE_ID_2,-12495,-11986,-12996,0.000825,0.002721,0.000691,0.004237,0x36
11.229,MODE_ID_2,-12503,-12012,-12995,-0.000742,-0.002506,0.000851,-0.002397,0x36
11.238,MODE_ID_2,-12500,-12011,-13009,-0.000134,-0.002364,-0.001837,-0.004335,0x36
11.249,MODE_ID_2,-12487,-12010,-12991,0.002554,-0.002057,0.001778,0.002275,0x36
11.275,MODE_ID_2,-12501,-12010,-12996,-0.000332,-0.002168,0.000792,-0.001708,0x36
11.287,MODE_ID_2,-12497,-11987,-13012,0.000555,0.002406,-0.002536,0.000425,0x36
11.292,MODE_ID_2,-12488,-12008,-12997,0.002241,-0.001604,0.000597,0.001234,0x36
11.299,MODE_ID_2,-12488,-11985,-13006,0.002376,0.002876,-0.001241,0.004011,0x36
11.309,MODE_ID_2,-12487,-12009,-12994,0.002521,-0.001821,0.001195,0.001895,0x36
11.319,MODE_ID_2,-12496,-12006,-12992,0.000676,-0.001312,0.001581,0.000945,0x36
11.339,MODE_ID_2,-12503,-11989,-12987,-0.000723,0.002043,0.002543,0.003863,0x36
11.349,MODE_ID_2,-12507,-11991,-13011,-0.001533,0.001792,-0.002285,-0.002026,0x36
11.358,MODE_ID_2,-12495,-11994,-12999,0.000869,0.001068,0.000157,0.002094,0x36
11.368,MODE_ID_2,-12493,-12007,-12988,0.001322,-0.001470,0.002320,0.002172,0x36
11.379,MODE_ID_2,-12492,-11999,-13008,0.001558,0.000062,-0.001689,-0.000069,0x36
11.406,MODE_ID_2,-12485,-12002,-13007,0.002890,-0.000560,-0.001587,0.000743,0x36
11.409,MODE_ID_2,-12511,-11989,-12994,-0.002393,0.002087,0.001075,0.000769,0x36
11.419,MODE_ID_2,-12488,-11985,-13003,0.002260,0.002890,-0.000602,0.004548,0x36
11.429,MODE_ID_2,-12503,-12011,-12986,-0.000713,-0.002322,0.002683,-0.000352,0x36
11.439,MODE_ID_2,-12496,-11988,-12998,0.000659,0.002326,0.000311,0.003296,0x36
11.463,MODE_ID_2,-12499,-11993,-13004,0.000155,0.001350,-0.000947,0.000558,0x36
11.468,MODE_ID_2,-12502,-12003,-12988,-0.000534,-0.000616,0.002377,0.001227,0x36
11.478,MODE_ID_2,-12487,-11989,-12995,0.002492,0.002176,0.000995,0.005663,0x36
11.488,MODE_ID_2,-12491,-11999,-12991,0.001758,0.000065,0.001717,0.003540,0x36
11.500,MODE_ID_2,-12509,-12003,-12990,-0.001850,-0.000616,0.001826,-0.000640,0x36
11.509,MODE_ID_2,-12498,-12004,-13006,0.000295,-0.000841,-0.001338,-0.001884,0x36
11.532,MODE_ID_2,-12498,-12003,-12986,0.000363,-0.000655,0.002642,0.002350,0x36
11.539,MODE_ID_2,-12498,-12000,-13013,0.000391,-0.000183,-0.002796,-0.002588,0x36
11.549,MODE_ID_2,-12496,-12007,-12988,0.000789,-0.001548,0.002373,0.001614,0x36
11.559,MODE_ID_2,-12508,-12005,-12994,-0.001608,-0.001069,0.001041,-0.001636,0x36
11.569,MODE_ID_2,-12492,-11988,-12990,0.001402,0.002378,0.001885,0.005665,0x36
11.594,MODE_ID_2,-12514,-12004,-12985,-0.002855,-0.000932,0.002887,-0.000900,0x36
11.603,MODE_ID_2,-12496,-11993,-13000,0.000726,0.001371,-0.000120,0.001977,0x36
11.609,MODE_ID_2,-12500,-12008,-12998,-0.000184,-0.001624,0.000212,-0.001596,0x36
11.619,MODE_ID_2,-12502,-12012,-12998,-0.000491,-0.002454,0.000243,-0.002702,0x36
11.629,MODE_ID_2,-12511,-11994,-12997,-0.002252,0.001041,0.000482,-0.000729,0x36
11.652,MODE_ID_2,-12502,-11996,-13012,-0.000532,0.000629,-0.002552,-0.002455,0x36
11.659,MODE_ID_2,-12489,-12006,-12991,0.002051,-0.001358,0.001617,0.002310,0x36
11.668,MODE_ID_2,-12504,-11993,-12994,-0.000968,0.001240,0.001174,0.001446,0x36
11.680,MODE_ID_2,-12491,-12005,-13000,0.001687,-0.001126,-0.000043,0.000518,0x36
11.689,MODE_ID_2,-12492,-12008,-13011,0.001563,-0.001635,-0.002366,-0.002438,0x36
11.712,MODE_ID_2,-12507,-12001,-12992,-0.001558,-0.000360,0.001523,-0.000395,0x36
11.719,MODE_ID_2,-12498,-11991,-13001,0.000226,0.001701,-0.000380,0.001547,0x36
11.729,MODE_ID_2,-12497,-11990,-12999,0.000472,0.001813,0.000013,0.002298,0x36
11.739,MODE_ID_2,-12501,-11986,-12999,-0.000342,0.002773,0.000037,0.002468,0x36
11.749,MODE_ID_2,-12507,-12000,-12996,-0.001405,-0.000085,0.000697,-0.000793,0x36
11.758,MODE_ID_2,-12498,-12008,-12991,0.000368,-0.001687,0.001736,0.000417,0x36
11.780,MODE_ID_2,-12486,-12005,-13000,0.002600,-0.001152,-0.000025,0.001423,0x36
11.789,MODE_ID_2,-12507,-11985,-12998,-0.001440,0.002853,0.000282,0.001695,0x36
11.799,MODE_ID_2,-12500,-12000,-13000,-0.000063,-0.000117,-0.000131,-0.000311,0x36
11.809,MODE_ID_2,-12500,-12010,-12994,-0.000058,-0.002187,0.001156,-0.001089,0x36
11.819,MODE_ID_2,-12492,-11988,-12990,0.001406,0.002258,0.001994,0.005658,0x36
11.852,MODE_ID_2,-12489,-11986,-12988,0.002170,0.002653,0.002256,0.007079,0x36
11.859,MODE_ID_2,-12510,-11990,-13013,-0.002161,0.001832,-0.002768,-0.003097,0x36
11.869,MODE_ID_2,-12499,-12005,-12990,0.000150,-0.001180,0.001871,0.000841,0x36
11.895,MODE_ID_2,-12506,-11988,-12996,-0.001384,0.002220,0.000669,0.001505,0x36
11.900,MODE_ID_2,-12487,-11987,-13001,0.002586,0.002471,-0.000280,0.004777,0x36
11.909,MODE_ID_2,-12502,-12012,-12994,-0.000476,-0.002585,0.001150,-0.001911,0x36
11.919,MODE_ID_2,-12487,-11986,-12995,0.002464,0.002689,0.000826,0.005979,0x36
11.929,MODE_ID_2,-12486,-11999,-13006,0.002693,0.000072,-0.001255,0.001510,0x36
11.938,MODE_ID_2,-12496,-11993,-12989,0.000729,0.001369,0.002042,0.004140,0x36
11.962,MODE_ID_2,-12506,-12006,-12992,-0.001228,-0.001380,0.001592,-0.001016,0x36
11.969,MODE_ID_2,-12511,-11994,-13009,-0.002396,0.001119,-0.001967,-0.003244,0x36
11.978,MODE_ID_2,-12503,-11991,-13008,-0.000690,0.001673,-0.001724,-0.000741,0x36
11.989,MODE_ID_2,-12487,-11992,-12993,0.002554,0.001533,0.001222,0.005309,0x36
11.999,MODE_ID_2,-12501,-12009,-12989,-0.000383,-0.001978,0.002014,-0.000347,0x36
12.026,MODE_ID_2,-12490,-11994,-13002,0.001880,0.001185,-0.000497,0.002568,0x36
12.029,MODE_ID_2,-12514,-12010,-12985,-0.002818,-0.002080,0.002935,-0.001963,0x36
12.038,MODE_ID_2,-12499,-12013,-13003,0.000180,-0.002657,-0.000642,-0.003119,0x36
12.048,MODE_ID_2,-12499,-12012,-13013,0.000097,-0.002420,-0.002691,-0.005014,0x36
12.059,MODE_ID_2,-12490,-12002,-12985,0.001923,-0.000580,0.002953,0.004296,0x36
12.084,MODE_ID_2,-12494,-12013,-13001,0.001164,-0.002772,-0.000245,-0.001853,0x36
12.089,MODE_ID_2,-12499,-11985,-12995,0.000007,0.002800,0.000956,0.003763,0x36
12.099,MODE_ID_2,-12512,-11985,-13012,-0.002449,0.002827,-0.002552,-0.002174,0x36
12.109,MODE_ID_2,-12490,-12007,-13011,0.001995,-0.001420,-0.002308,-0.001733,0x36
12.119,MODE_ID_2,-12512,-12008,-13009,-0.002504,-0.001638,-0.001942,-0.006084,0x36
12.146,MODE_ID_2,-12508,-11992,-12997,-0.001643,0.001495,0.000540,0.000392,0x36
12.157,MODE_ID_2,-12506,-11985,-12997,-0.001238,0.002998,0.000449,0.002209,0x36
12.161,MODE_ID_2,-12490,-12004,-12997,0.001819,-0.000930,0.000568,0.001457,0x36
12.169,MODE_ID_2,-12487,-11993,-12999,0.002503,0.001204,0.000057,0.003764,0x36
12.179,MODE_ID_2,-12514,-11988,-13007,-0.002993,0.002366,-0.001516,-0.002143,0x36
12.188,MODE_ID_2,-12492,-11994,-12987,0.001479,0.001013,0.002451,0.004943,0x36
12.211,MODE_ID_2,-12512,-12009,-12988,-0.002526,-0.001801,0.002377,-0.001950,0x36
12.219,MODE_ID_2,-12514,-12010,-12993,-0.002994,-0.002199,0.001393,-0.003800,0x36
12.228,MODE_ID_2,-12503,-11998,-12988,-0.000769,0.000385,0.002336,0.001952,0x36
12.239,MODE_ID_2,-12486,-12001,-12998,0.002754,-0.000293,0.000315,0.002776,0x36
12.249,MODE_ID_2,-12501,-12005,-13003,-0.000295,-0.001198,-0.000772,-0.002265,0x36
12.273,MODE_ID_2,-12512,-12003,-13006,-0.002450,-0.000788,-0.001357,-0.004595,0x36
12.278,MODE_ID_2,-12497,-11993,-12988,0.000508,0.001305,0.002280,0.004093,0x36
12.289,MODE_ID_2,-12497,-12004,-12985,0.000444,-0.001000,0.002820,0.002264,0x36
12.298,MODE_ID_2,-12485,-12009,-12996,0.002837,-0.001928,0.000709,0.001618,0x36
12.309,MODE_ID_2,-12505,-12011,-13000,-0.001004,-0.002247,-0.000105,-0.003356,0x36
12.333,MODE_ID_2,-12504,-12005,-12985,-0.000829,-0.001151,0.002867,0.000887,0x36
12.340,MODE_ID_2,-12494,-12013,-13010,0.001096,-0.002639,-0.002192,-0.003735,0x36
12.349,MODE_ID_2,-12513,-11999,-12999,-0.002708,0.000032,0.000152,-0.002524,0x36
12.359,MODE_ID_2,-12505,-12007,-13009,-0.001019,-0.001498,-0.001824,-0.004341,0x36
12.369,MODE_ID_2,-12502,-12004,-13013,-0.000563,-0.000887,-0.002748,-0.004198,0x36
12.379,MODE_ID_2,-12502,-12003,-13007,-0.000518,-0.000798,-0.001541,-0.002857,0x36
12.401,MODE_ID_2,-12511,-12007,-12986,-0.002290,-0.001496,0.002610,-0.001176,0x36
12.409,MODE_ID_2,-12485,-11998,-13012,0.002954,0.000321,-0.002556,0.000719,0x36
12.419,MODE_ID_2,-12489,-12013,-12988,0.002027,-0.002689,0.002206,0.001544,0x36
12.429,MODE_ID_2,-12502,-11991,-13013,-0.000476,0.001729,-0.002778,-0.001525,0x36
12.439,MODE_ID_2,-12487,-11991,-12993,0.002557,0.001744,0.001250,0.005551,0x36
12.461,MODE_ID_2,-12509,-11987,-12998,-0.001873,0.002555,0.000280,0.000962,0x36
12.469,MODE_ID_2,-12511,-12002,-12993,-0.002395,-0.000473,0.001223,-0.001645,0x36
12.479,MODE_ID_2,-12495,-11990,-12993,0.000831,0.001979,0.001306,0.004116,0x36
12.488,MODE_ID_2,-12494,-11989,-12998,0.001172,0.002031,0.000286,0.003489,0x36
12.499,MODE_ID_2,-12495,-11987,-12993,0.000947,0.002454,0.001239,0.004640,0x36
12.524,MODE_ID_2,-12500,-12000,-13012,-0.000097,-0.000126,-0.002432,-0.002655,0x36
12.529,MODE_ID_2,-12502,-11992,-13013,-0.000425,0.001471,-0.002641,-0.001595,0x36
12.539,MODE_ID_2,-12485,-12002,-13014,0.002906,-0.000582,-0.002807,-0.000483,0x36
12.549,MODE_ID_2,-12505,-11989,-12993,-0.001056,0.002192,0.001340,0.002476,0x36
12.559,MODE_ID_2,-12499,-12011,-12988,0.000093,-0.002278,0.002262,0.000077,0x36
12.573,MODE_ID_2,-12505,-11995,-12999,-0.001136,0.000937,0.000027,-0.000172,0x36
12.604,MODE_ID_2,-12490,-11993,-13011,0.001882,0.001280,-0.002313,0.000849,0x36
12.608,MODE_ID_2,-12509,-11990,-13003,-0.001875,0.001958,-0.000663,-0.000580,0x36
12.619,MODE_ID_2,-12508,-11997,-13013,-0.001645,0.000573,-0.002667,-0.003739,0x36
12.629,MODE_ID_2,-12494,-12005,-13000,0.001055,-0.001158,-0.000014,-0.000117,0x36
12.650,MODE_ID_2,-12511,-11989,-13004,-0.002299,0.002149,-0.000886,-0.001036,0x36
12.659,MODE_ID_2,-12497,-11992,-13000,0.000591,0.001563,-0.000140,0.002014,0x36
12.669,MODE_ID_2,-12488,-12007,-13013,0.002271,-0.001592,-0.002787,-0.002108,0x36
12.679,MODE_ID_2,-12485,-11987,-12998,0.002857,0.002428,0.000227,0.005512,0x36
12.689,MODE_ID_2,-12495,-12001,-12999,0.000997,-0.000398,0.000030,0.000629,0x36
12.713,MODE_ID_2,-12506,-11994,-12989,-0.001219,0.001098,0.002109,0.001988,0x36
12.719,MODE_ID_2,-12509,-12009,-12985,-0.001877,-0.001912,0.002846,-0.000943,0x36
12.728,MODE_ID_2,-12499,-11999,-12985,0.000059,0.000175,0.002867,0.003101,0x36
12.739,MODE_ID_2,-12500,-12013,-12987,-0.000100,-0.002726,0.002552,-0.000274,0x36
12.749,MODE_ID_2,-12494,-11985,-13005,0.001175,0.002982,-0.001173,0.002984,0x36
12.774,MODE_ID_2,-12509,-11985,-13000,-0.001957,0.002875,-0.000042,0.000876,0x36
12.779,MODE_ID_2,-12491,-12010,-13009,0.001633,-0.002119,-0.001820,-0.002306,0x36
12.788,MODE_ID_2,-12507,-12001,-13010,-0.001544,-0.000391,-0.002075,-0.004010,0x36
12.798,MODE_ID_2,-12509,-12002,-12989,-0.001978,-0.000449,0.002004,-0.000423,0x36
12.809,MODE_ID_2,-12512,-11992,-12992,-0.002422,0.001455,0.001580,0.000613,0x36
12.821,MODE_ID_2,-12496,-11995,-13003,0.000781,0.000851,-0.000637,0.000995,0x36
12.841,MODE_ID_2,-12499,-11998,-13000,0.000006,0.000272,-0.000100,0.000178,0x36
12.848,MODE_ID_2,-12511,-12001,-13005,-0.002203,-0.000272,-0.001045,-0.003520,0x36
12.858,MODE_ID_2,-12513,-12008,-12992,-0.002700,-0.001662,0.001567,-0.002795,0x36
12.869,MODE_ID_2,-12498,-12006,-12988,0.000276,-0.001383,0.002214,0.001107,0x36
12.878,MODE_ID_2,-12494,-12005,-12985,0.001189,-0.001128,0.002880,0.002941,0x36
12.900,MODE_ID_2,-12486,-11994,-13008,0.002738,0.001079,-0.001765,0.002052,0x36
12.910,MODE_ID_2,-12493,-12000,-13010,0.001305,-0.000169,-0.002086,-0.000950,0x36
12.919,MODE_ID_2,-12505,-12000,-12990,-0.001137,-0.000099,0.001832,0.000596,0x36
12.929,MODE_ID_2,-12494,-11999,-13007,0.001121,0.000124,-0.001414,-0.000169,0x36
12.939,MODE_ID_2,-12504,-11992,-13004,-0.000849,0.001580,-0.000937,-0.000206,0x36
12.964,MODE_ID_2,-12510,-12012,-13009,-0.002143,-0.002547,-0.001840,-0.006530,0x36
12.970,MODE_ID_2,-12497,-11993,-12988,0.000425,0.001325,0.002385,0.004135,0x36
12.979,MODE_ID_2,-12489,-12011,-12991,0.002177,-0.002261,0.001789,0.001705,0x36
12.989,MODE_ID_2,-12499,-12014,-12991,0.000018,-0.002906,0.001791,-0.001097,0x36
12.999,MODE_ID_2,-12485,-12002,-12990,0.002907,-0.000431,0.001871,0.004347,0x36
13.012,MODE_ID_2,-12491,-11992,-13012,0.001627,0.001581,-0.002519,0.000689,0x36
13.042,MODE_ID_2,-12505,-11998,-12993,-0.001070,0.000396,0.001321,0.000647,0x36
13.049,MODE_ID_2,-12490,-12007,-13005,0.001979,-0.001435,-0.001176,-0.000632,0x36
13.058,MODE_ID_2,-12494,-11996,-12989,0.001044,0.000786,0.002085,0.003915,0x36
13.069,MODE_ID_2,-12488,-11997,-12997,0.002254,0.000444,0.000455,0.003153,0x36
13.093,MODE_ID_2,-12511,-12009,-13000,-0.002296,-0.001911,-0.000143,-0.004350,0x36
13.099,MODE_ID_2,-12510,-12013,-13004,-0.002106,-0.002779,-0.000886,-0.005771,0x36
13.109,MODE_ID_2,-12499,-11992,-12992,0.000139,0.001531,0.001420,0.003090,0x36
13.119,MODE_ID_2,-12510,-12009,-12991,-0.002112,-0.001975,0.001608,-0.002479,0x36
13.129,MODE_ID_2,-12499,-12005,-12997,0.000083,-0.001143,0.000552,-0.000508,0x36
13.150,MODE_ID_2,-12493,-12002,-13004,0.001308,-0.000482,-0.000804,0.000022,0x36
13.158,MODE_ID_2,-12499,-12006,-13009,0.000130,-0.001360,-0.001876,-0.003106,0x36
13.169,MODE_ID_2,-12487,-12010,-12999,0.002599,-0.002146,0.000163,0.000616,0x36
13.179,MODE_ID_2,-12492,-11992,-13001,0.001425,0.001486,-0.000277,0.002634,0x36
13.189,MODE_ID_2,-12494,-12003,-12988,0.001124,-0.000614,0.002370,0.002880,0x36
13.218,MODE_ID_2,-12490,-11997,-12988,0.001840,0.000528,0.002382,0.004750,0x36
13.223,MODE_ID_2,-12499,-11987,-12998,0.000047,0.002586,0.000231,0.002864,0x36
13.229,MODE_ID_2,-12486,-12011,-13014,0.002632,-0.002301,-0.002858,-0.002527,0x36
13.239,MODE_ID_2,-12506,-12000,-12986,-0.001253,-0.000075,0.002715,0.001387,0x36
13.248,MODE_ID_2,-12498,-11992,-12998,0.000337,0.001506,0.000240,0.002083,0x36
13.262,MODE_ID_2,-12495,-12003,-13014,0.000963,-0.000729,-0.002975,-0.002741,0x36
13.282,MODE_ID_2,-12486,-12007,-12986,0.002764,-0.001490,0.002778,0.004052,0x36
13.289,MODE_ID_2,-12511,-11986,-13004,-0.002243,0.002652,-0.000934,-0.000525,0x36
13.299,MODE_ID_2,-12507,-11998,-12991,-0.001468,0.000280,0.001740,0.000552,0x36
13.309,MODE_ID_2,-12505,-11992,-12997,-0.001053,0.001549,0.000519,0.001015,0x36
13.319,MODE_ID_2,-12513,-11986,-13000,-0.002637,0.002759,-0.000137,-0.000015,0x36
13.342,MODE_ID_2,-12497,-12006,-12987,0.000413,-0.001387,0.002589,0.001615,0x36
13.349,MODE_ID_2,-12505,-11985,-13009,-0.001174,0.002913,-0.001902,-0.000163,0x36
13.358,MODE_ID_2,-12493,-12011,-12996,0.001381,-0.002234,0.000738,-0.000115,0x36
13.369,MODE_ID_2,-12487,-12002,-13013,0.002570,-0.000515,-0.002692,-0.000637,0x36
13.378,MODE_ID_2,-12489,-11992,-13014,0.002106,0.001574,-0.002976,0.000704,0x36
13.401,MODE_ID_2,-12498,-12004,-12987,0.000275,-0.000842,0.002578,0.002011,0x36
13.408,MODE_ID_2,-12487,-11998,-13007,0.002492,0.000268,-0.001525,0.001235,0x36
13.419,MODE_ID_2,-12509,-12008,-12996,-0.001926,-0.001650,0.000690,-0.002886,0x36
13.429,MODE_ID_2,-12506,-12010,-13011,-0.001261,-0.002081,-0.002236,-0.005578,0x36
13.439,MODE_ID_2,-12493,-11998,-13006,0.001202,0.000318,-0.001275,0.000245,0x36
13.463,MODE_ID_2,-12502,-12004,-12994,-0.000464,-0.000890,0.001146,-0.000208,0x36
13.469,MODE_ID_2,-12495,-11991,-12997,0.000801,0.001773,0.000470,0.003044,0x36
13.479,MODE_ID_2,-12490,-11993,-13005,0.001954,0.001264,-0.001051,0.002167,0x36
13.489,MODE_ID_2,-12502,-12012,-12993,-0.000402,-0.002415,0.001373,-0.001444,0x36
13.498,MODE_ID_2,-12505,-11985,-12991,-0.001146,0.002999,0.001632,0.003485,0x36
13.508,MODE_ID_2,-12513,-11993,-13011,-0.002675,0.001348,-0.002331,-0.003658,0x36
13.531,MODE_ID_2,-12510,-11996,-13014,-0.002173,0.000743,-0.002999,-0.004429,0x36
13.539,MODE_ID_2,-12491,-11998,-13000,0.001643,0.000318,-0.000147,0.001814,0x36
13.549,MODE_ID_2,-12492,-12004,-12991,0.001412,-0.000987,0.001607,0.002032,0x36
13.559,MODE_ID_2,-12514,-12004,-12999,-0.002883,-0.000880,0.000013,-0.003750,0x36
13.569,MODE_ID_2,-12498,-12011,-12995,0.000296,-0.002310,0.000895,-0.001119,0x36
13.600,MODE_ID_2,-12508,-12000,-13009,-0.001665,-0.000125,-0.001838,-0.003628,0x36
13.609,MODE_ID_2,-12495,-11997,-12999,0.000973,0.000433,0.000047,0.001453,0x36
13.619,MODE_ID_2,-12487,-11987,-12987,0.002461,0.002521,0.002473,0.007455,0x36
13.629,MODE_ID_2,-12513,-12014,-13011,-0.002707,-0.002902,-0.002325,-0.007934,0x36
13.657,MODE_ID_2,-12502,-12000,-12988,-0.000516,-0.000070,0.002360,0.001774,0x36
13.659,MODE_ID_2,-12506,-11991,-12997,-0.001377,0.001789,0.000537,0.000949,0x36
13.669,MODE_ID_2,-12492,-11986,-13009,0.001546,0.002792,-0.001916,0.002422,0x36
13.679,MODE_ID_2,-12501,-11994,-12985,-0.000236,0.001086,0.002984,0.003834,0x36
13.688,MODE_ID_2,-12508,-12007,-13009,-0.001678,-0.001578,-0.001852,-0.005108,0x36
13.699,MODE_ID_2,-12497,-11993,-12987,0.000587,0.001260,0.002467,0.004314,0x36
13.721,MODE_ID_2,-12508,-11991,-12992,-0.001619,0.001756,0.001441,0.001578,0x36
13.729,MODE_ID_2,-12507,-11997,-13006,-0.001553,0.000586,-0.001290,-0.002257,0x36
13.739,MODE_ID_2,-12501,-11987,-13001,-0.000268,0.002562,-0.000234,0.002060,0x36
13.749,MODE_ID_2,-12488,-11999,-12988,0.002388,0.000185,0.002313,0.004886,0x36
13.759,MODE_ID_2,-12513,-11987,-13010,-0.002701,0.002498,-0.002119,-0.002322,0x36
13.782,MODE_ID_2,-12501,-12003,-12995,-0.000332,-0.000650,0.000809,-0.000173,0x36
13.789,MODE_ID_2,-12492,-11992,-13014,0.001462,0.001432,-0.002861,0.000033,0x36
13.799,MODE_ID_2,-12499,-12003,-13013,0.000112,-0.000664,-0.002645,-0.003197,0x36
13.809,MODE_ID_2,-12508,-12005,-12985,-0.001661,-0.001165,0.002961,0.000135,0x36
13.819,MODE_ID_2,-12496,-11998,-12986,0.000754,0.000341,0.002707,0.003802,0x36
13.841,MODE_ID_2,-12496,-11992,-13007,0.000794,0.001567,-0.001463,0.000898,0x36
13.849,MODE_ID_2,-12494,-12012,-12992,0.001136,-0.002555,0.001436,0.000017,0x36
13.859,MODE_ID_2,-12507,-11988,-12992,-0.001496,0.002339,0.001473,0.002316,0x36
13.869,MODE_ID_2,-12497,-11985,-13013,0.000458,0.002931,-0.002698,0.000691,0x36
13.879,MODE_ID_2,-12495,-11988,-12993,0.000879,0.002250,0.001328,0.004457,0x36
13.900,MODE_ID_2,-12489,-12013,-12993,0.002105,-0.002797,0.001372,0.000680,0x36
13.909,MODE_ID_2,-12507,-12007,-12989,-0.001599,-0.001550,0.002084,-0.001065,0x36
13.919,MODE_ID_2,-12504,-12007,-13003,-0.000843,-0.001464,-0.000684,-0.002991,0x36
13.929,MODE_ID_2,-12513,-12013,-12987,-0.002711,-0.002712,0.002594,-0.002829,0x36
13.939,MODE_ID_2,-12499,-12003,-12985,0.000085,-0.000677,0.002935,0.002343,0x36
13.966,MODE_ID_2,-12494,-12000,-12985,0.001115,-0.000064,0.002893,0.003944,0x36
13.968,MODE_ID_2,-12499,-11996,-12989,0.000026,0.000676,0.002144,0.002846,0x36
13.979,MODE_ID_2,-12493,-11996,-12999,0.001283,0.000772,0.000110,0.002165,0x36
13.989,MODE_ID_2,-12496,-12009,-12995,0.000621,-0.001805,0.000977,-0.000207,0x36
14.003,MODE_ID_2,-12494,-12014,-13008,0.001125,-0.002955,-0.001760,-0.003590,0x36
14.031,MODE_ID_2,-12492,-12013,-12993,0.001571,-0.002717,0.001329,0.000183,0x36
14.039,MODE_ID_2,-12506,-12006,-13001,-0.001240,-0.001290,-0.000210,-0.002740,0x36
14.048,MODE_ID_2,-12505,-12012,-12989,-0.001140,-0.002572,0.002173,-0.001539,0x36
14.059,MODE_ID_2,-12510,-11996,-13004,-0.002125,0.000745,-0.000862,-0.002242,0x36
14.069,MODE_ID_2,-12499,-11989,-12991,0.000138,0.002039,0.001791,0.003968,0x36
14.094,MODE_ID_2,-12497,-11990,-12990,0.000582,0.001900,0.001948,0.004430,0x36
14.099,MODE_ID_2,-12511,-12010,-13012,-0.002283,-0.002013,-0.002409,-0.006705,0x36
14.109,MODE_ID_2,-12514,-12010,-12998,-0.002978,-0.002165,0.000239,-0.004904,0x36
14.119,MODE_ID_2,-12497,-12006,-13003,0.000434,-0.001249,-0.000660,-0.001475,0x36
14.129,MODE_ID_2,-12514,-11986,-13000,-0.002975,0.002649,-0.000175,-0.000501,0x36
14.150,MODE_ID_2,-12502,-12008,-12989,-0.000576,-0.001784,0.002103,-0.000257,0x36
14.159,MODE_ID_2,-12491,-12014,-13000,0.001734,-0.002800,-0.000073,-0.001139,0x36
14.169,MODE_ID_2,-12512,-12009,-12992,-0.002427,-0.001974,0.001539,-0.002862,0x36
14.179,MODE_ID_2,-12493,-11987,-12994,0.001348,0.002553,0.001155,0.005056,0x36
14.189,MODE_ID_2,-12491,-11997,-13011,0.001707,0.000551,-0.002322,-0.000064,0x36
14.212,MODE_ID_2,-12491,-12013,-13004,0.001689,-0.002738,-0.000888,-0.001937,0x36
14.219,MODE_ID_2,-12486,-11996,-12987,0.002781,0.000798,0.002405,0.005984,0x36
14.228,MODE_ID_2,-12497,-12000,-13004,0.000583,-0.000006,-0.000892,-0.000315,0x36
14.239,MODE_ID_2,-12498,-12008,-13001,0.000315,-0.001682,-0.000378,-0.001745,0x36
14.249,MODE_ID_2,-12500,-11987,-12988,-0.000134,0.002569,0.002327,0.004762,0x36
14.258,MODE_ID_2,-12507,-12002,-12998,-0.001496,-0.000570,0.000280,-0.001786,0x36
14.281,MODE_ID_2,-12509,-12002,-13013,-0.001981,-0.000435,-0.002754,-0.005170,0x36
14.288,MODE_ID_2,-12491,-11999,-13005,0.001784,0.000016,-0.001081,0.000719,0x36
14.299,MODE_ID_2,-12504,-11999,-13004,-0.000801,0.000021,-0.000922,-0.001702,0x36
14.309,MODE_ID_2,-12507,-12000,-12993,-0.001485,-0.000122,0.001281,-0.000326,0x36
14.319,MODE_ID_2,-12513,-11996,-12990,-0.002771,0.000770,0.001880,-0.000121,0x36
14.347,MODE_ID_2,-12509,-12005,-12993,-0.001913,-0.001017,0.001279,-0.001651,0x36
14.348,MODE_ID_2,-12502,-12011,-13014,-0.000424,-0.002263,-0.002968,-0.005655,0x36
14.359,MODE_ID_2,-12509,-11989,-13009,-0.001909,0.002157,-0.001804,-0.001556,0x36
14.369,MODE_ID_2,-12498,-11995,-12994,0.000314,0.000952,0.001171,0.002437,0x36
14.382,MODE_ID_2,-12492,-11988,-13014,0.001579,0.002282,-0.002809,0.001052,0x36
14.404,MODE_ID_2,-12499,-11990,-12999,0.000197,0.001946,0.000190,0.002333,0x36
14.409,MODE_ID_2,-12502,-12001,-12987,-0.000570,-0.000318,0.002405,0.001517,0x36
14.419,MODE_ID_2,-12499,-11998,-13010,0.000028,0.000264,-0.002018,-0.001726,0x36
14.429,MODE_ID_2,-12508,-12011,-12989,-0.001655,-0.002252,0.002096,-0.001811,0x36
14.439,MODE_ID_2,-12505,-12002,-13008,-0.001011,-0.000597,-0.001688,-0.003296,0x36
14.449,MODE_ID_2,-12494,-12009,-12986,0.001193,-0.001925,0.002695,0.001963,0x36
14.475,MODE_ID_2,-12512,-11986,-13009,-0.002431,0.002610,-0.001892,-0.001713,0x36
14.478,MODE_ID_2,-12509,-12007,-13005,-0.001834,-0.001405,-0.001139,-0.004378,0x36
14.489,MODE_ID_2,-12491,-12011,-13006,0.001697,-0.002207,-0.001367,-0.001877,0x36
14.498,MODE_ID_2,-12504,-12014,-12988,-0.000894,-0.002934,0.002218,-0.001610,0x36
14.509,MODE_ID_2,-12489,-11988,-12997,0.002161,0.002213,0.000425,0.004799,0x36
14.532,MODE_ID_2,-12505,-11986,-12991,-0.001134,0.002779,0.001722,0.003367,0x36
14.538,MODE_ID_2,-12499,-11985,-12999,0.000046,0.002911,0.000098,0.003055,0x36
14.549,MODE_ID_2,-12507,-11991,-12998,-0.001506,0.001682,0.000387,0.000563,0x36
14.559,MODE_ID_2,-12508,-12003,-13002,-0.001702,-0.000647,-0.000449,-0.002798,0x36
14.568,MODE_ID_2,-12490,-11985,-13005,0.001818,0.002867,-0.001160,0.003525,0x36
14.591,MODE_ID_2,-12493,-12001,-12994,0.001367,-0.000364,0.001170,0.002173,0x36
14.599,MODE_ID_2,-12491,-12014,-13003,0.001690,-0.002800,-0.000799,-0.001909,0x36
14.609,MODE_ID_2,-12493,-12010,-12989,0.001321,-0.002192,0.002014,0.001143,0x36
14.619,MODE_ID_2,-12512,-12001,-13007,-0.002409,-0.000218,-0.001468,-0.004095,0x36
14.648,MODE_ID_2,-12500,-11998,-13000,-0.000032,0.000390,-0.000041,0.000317,0x36
14.659,MODE_ID_2,-12491,-12010,-13006,0.001669,-0.002124,-0.001324,-0.001779,0x36
14.669,MODE_ID_2,-12487,-11988,-13001,0.002552,0.002374,-0.000233,0.004693,0x36
14.679,MODE_ID_2,-12491,-11995,-12993,0.001608,0.000867,0.001228,0.003703,0x36
14.689,MODE_ID_2,-12499,-11988,-13009,0.000151,0.002290,-0.001876,0.000565,0x36
14.699,MODE_ID_2,-12495,-11989,-13002,0.000869,0.002176,-0.000530,0.002515,0x36
14.720,MODE_ID_2,-12506,-11993,-12991,-0.001352,0.001266,0.001778,0.001692,0x36
14.729,MODE_ID_2,-12485,-12011,-13012,0.002875,-0.002382,-0.002557,-0.002064,0x36
14.739,MODE_ID_2,-12506,-11991,-13010,-0.001232,0.001637,-0.002197,-0.001792,0x36
14.748,MODE_ID_2,-12492,-11996,-12995,0.001467,0.000609,0.000930,0.003006,0x36
14.776,MODE_ID_2,-12510,-12000,-13012,-0.002035,-0.000149,-0.002559,-0.004743,0x36
14.783,MODE_ID_2,-12488,-12014,-12990,0.002357,-0.002846,0.001927,0.001438,0x36
14.789,MODE_ID_2,-12506,-12013,-12998,-0.001268,-0.002723,0.000319,-0.003672,0x36
14.799,MODE_ID_2,-12488,-11986,-13014,0.002349,0.002664,-0.002885,0.002128,0x36
14.809,MODE_ID_2,-12498,-12001,-13010,0.000305,-0.000292,-0.002074,-0.002061,0x36
14.832,MODE_ID_2,-12498,-12000,-12999,0.000202,-0.000039,0.000050,0.000213,0x36
14.839,MODE_ID_2,-12509,-12010,-13006,-0.001893,-0.002177,-0.001348,-0.005418,0x36
14.849,MODE_ID_2,-12493,-12001,-13006,0.001274,-0.000356,-0.001275,-0.000357,0x36
14.859,MODE_ID_2,-12513,-11998,-13002,-0.002733,0.000393,-0.000574,-0.002914,0x36
14.869,MODE_ID_2,-12513,-11996,-12988,-0.002709,0.000781,0.002312,0.000384,0x36
14.896,MODE_ID_2,-12489,-12008,-12988,0.002063,-0.001647,0.002320,0.002736,0x36
14.901,MODE_ID_2,-12501,-12007,-12990,-0.000322,-0.001421,0.001984,0.000241,0x36
14.908,MODE_ID_2,-12503,-12009,-12986,-0.000788,-0.001898,0.002611,-0.000075,0x36
14.919,MODE_ID_2,-12492,-12008,-12995,0.001599,-0.001706,0.000818,0.000711,0x36
14.929,MODE_ID_2,-12506,-12006,-13000,-0.001364,-0.001311,-0.000049,-0.002724,0x36
14.938,MODE_ID_2,-12488,-11987,-12996,0.002287,0.002550,0.000641,0.005478,0x36
14.961,MODE_ID_2,-12505,-11997,-13000,-0.001121,0.000523,-0.000122,-0.000720,0x36
14.968,MODE_ID_2,-12509,-11994,-13005,-0.001875,0.001163,-0.001036,-0.001748,0x36
14.978,MODE_ID_2,-12508,-11999,-13012,-0.001661,0.000043,-0.002561,-0.004179,0x36
14.989,MODE_ID_2,-12488,-11986,-13013,0.002253,0.002665,-0.002619,0.002299,0x36
14.998,MODE_ID_2,-12503,-12013,-13011,-0.000696,-0.002691,-0.002279,-0.005666,0x36
15.008,MODE_ID_2,-12514,-12005,-12992,-0.002864,-0.001023,0.001494,-0.002393,0x36
15.031,MODE_ID_2,-12485,-11992,-13003,0.002958,0.001435,-0.000758,0.003635,0x36
15.038,MODE_ID_2,-12498,-11986,-13013,0.000326,0.002634,-0.002644,0.000316,0x36
15.048,MODE_ID_2,-12501,-11990,-13001,-0.000303,0.001959,-0.000240,0.001416,0x36
15.059,MODE_ID_2,-12496,-11995,-12997,0.000686,0.000930,0.000552,0.002168,0x36
15.085,MODE_ID_2,-12507,-12000,-12998,-0.001474,-0.000102,0.000376,-0.001200,0x36
15.097,MODE_ID_2,-12486,-11990,-13010,0.002762,0.001828,-0.002107,0.002483,0x36
15.105,MODE_ID_2,-12491,-11994,-12994,0.001734,0.001006,0.001104,0.003844,0x36
15.109,MODE_ID_2,-12497,-12008,-13013,0.000468,-0.001754,-0.002616,-0.003902,0x36
15.119,MODE_ID_2,-12493,-12012,-13011,0.001347,-0.002498,-0.002261,-0.003412,0x36
15.130,MODE_ID_2,-12490,-12014,-12999,0.001833,-0.002958,0.000096,-0.001029,0x36
15.150,MODE_ID_2,-12498,-11996,-12995,0.000290,0.000797,0.000861,0.001948,0x36
15.159,MODE_ID_2,-12488,-12011,-13000,0.002286,-0.002235,-0.000031,0.000020,0x36
15.169,MODE_ID_2,-12498,-11997,-12993,0.000330,0.000481,0.001310,0.002121,0x36
15.179,MODE_ID_2,-12485,-11987,-12989,0.002836,0.002486,0.002136,0.007458,0x36
15.188,MODE_ID_2,-12497,-11988,-12995,0.000482,0.002363,0.000919,0.003764,0x36
15.214,MODE_ID_2,-12490,-12003,-12992,0.001861,-0.000724,0.001447,0.002584,0x36
15.219,MODE_ID_2,-12500,-12011,-12991,-0.000161,-0.002340,0.001757,-0.000744,0x36
15.229,MODE_ID_2,-12508,-12004,-12992,-0.001630,-0.000995,0.001529,-0.001096,0x36
15.239,MODE_ID_2,-12497,-11995,-12998,0.000435,0.000998,0.000308,0.001741,0x36
15.249,MODE_ID_2,-12512,-11987,-12989,-0.002429,0.002461,0.002121,0.002153,0x36
15.273,MODE_ID_2,-12495,-12007,-12998,0.000807,-0.001598,0.000308,-0.000483,0x36
15.279,MODE_ID_2,-12508,-12007,-12993,-0.001798,-0.001597,0.001205,-0.002190,0x36
15.289,MODE_ID_2,-12509,-12011,-13000,-0.001955,-0.002229,-0.000034,-0.004218,0x36
15.299,MODE_ID_2,-12489,-12010,-12993,0.002067,-0.002002,0.001243,0.001308,0x36
15.308,MODE_ID_2,-12507,-12004,-13011,-0.001456,-0.000920,-0.002349,-0.004725,0x36
15.334,MODE_ID_2,-12493,-12008,-12989,0.001339,-0.001779,0.002020,0.001580,0x36
15.340,MODE_ID_2,-12498,-12010,-12987,0.000295,-0.002134,0.002492,0.000653,0x36
15.349,MODE_ID_2,-12493,-12013,-12986,0.001220,-0.002634,0.002725,0.001311,0x36
15.359,MODE_ID_2,-12503,-11986,-13000,-0.000800,0.002720,-0.000084,0.001836,0x36
15.369,MODE_ID_2,-12498,-11993,-13014,0.000261,0.001372,-0.002959,-0.001326,0x36
15.379,MODE_ID_2,-12487,-12014,-12994,0.002532,-0.002880,0.001133,0.000785,0x36
15.407,MODE_ID_2,-12495,-12010,-13013,0.000958,-0.002183,-0.002740,-0.003965,0x36
15.413,MODE_ID_2,-12493,-11999,-12987,0.001253,0.000146,0.002561,0.003960,0x36
15.419,MODE_ID_2,-12490,-11991,-12991,0.001897,0.001606,0.001716,0.005219,0x36
15.429,MODE_ID_2,-12495,-11996,-13001,0.000845,0.000630,-0.000310,0.001165,0x36
15.439,MODE_ID_2,-12491,-12012,-13004,0.001753,-0.002516,-0.000975,-0.001738,0x36
15.463,MODE_ID_2,-12491,-11989,-13002,0.001790,0.002064,-0.000545,0.003309,0x36
15.468,MODE_ID_2,-12501,-12003,-13008,-0.000206,-0.000726,-0.001743,-0.002675,0x36
15.479,MODE_ID_2,-12494,-12006,-12985,0.001192,-0.001223,0.002846,0.002815,0x36
15.489,MODE_ID_2,-12499,-12011,-13003,0.000194,-0.002232,-0.000698,-0.002736,0x36
15.499,MODE_ID_2,-12487,-11996,-13000,0.002535,0.000673,-0.000156,0.003052,0x36
15.527,MODE_ID_2,-12501,-12012,-13010,-0.000218,-0.002527,-0.002084,-0.004829,0x36
15.537,MODE_ID_2,-12508,-11990,-13011,-0.001651,0.001917,-0.002310,-0.002044,0x36
15.539,MODE_ID_2,-12512,-11988,-12989,-0.002541,0.002311,0.002110,0.001880,0x36
15.549,MODE_ID_2,-12509,-12011,-12998,-0.001946,-0.002302,0.000229,-0.004019,0x36
15.559,MODE_ID_2,-12498,-12001,-13001,0.000284,-0.000274,-0.000394,-0.000384,0x36
15.584,MODE_ID_2,-12494,-11989,-13007,0.001169,0.002141,-0.001406,0.001904,0x36
15.591,MODE_ID_2,-12513,-11986,-12994,-0.002692,0.002790,0.001137,0.001235,0x36
15.599,MODE_ID_2,-12513,-12013,-13007,-0.002696,-0.002627,-0.001538,-0.006861,0x36
15.609,MODE_ID_2,-12502,-11988,-13001,-0.000481,0.002231,-0.000343,0.001407,0x36
15.619,MODE_ID_2,-12489,-11988,-12986,0.002002,0.002235,0.002640,0.006877,0x36
15.628,MODE_ID_2,-12499,-11996,-12991,0.000075,0.000741,0.001653,0.002469,0x36
15.663,MODE_ID_2,-12500,-11989,-13014,-0.000009,0.002135,-0.002831,-0.000705,0x36
15.668,MODE_ID_2,-12498,-12000,-13009,0.000334,-0.000019,-0.001862,-0.001547,0x36
15.679,MODE_ID_2,-12503,-11998,-13014,-0.000681,0.000389,-0.002975,-0.003267,0x36
15.689,MODE_ID_2,-12509,-12008,-12988,-0.001824,-0.001729,0.002362,-0.001191,0x36
15.715,MODE_ID_2,-12510,-11987,-12994,-0.002058,0.002555,0.001181,0.001678,0x36
15.719,MODE_ID_2,-12509,-12005,-13000,-0.001841,-0.001077,-0.000084,-0.003002,0x36
15.729,MODE_ID_2,-12508,-12013,-13012,-0.001621,-0.002770,-0.002467,-0.006858,0x36
15.739,MODE_ID_2,-12493,-11989,-12991,0.001238,0.002162,0.001732,0.005132,0x36
15.749,MODE_ID_2,-12514,-12008,-13013,-0.002869,-0.001619,-0.002782,-0.007270,0x36
15.778,MODE_ID_2,-12504,-11996,-13004,-0.000931,0.000709,-0.000922,-0.001144,0x36
15.778,MODE_ID_2,-12493,-11998,-12995,0.001343,0.000258,0.000828,0.002429,0x36
15.789,MODE_ID_2,-12492,-11996,-12998,0.001562,0.000797,0.000257,0.002616,0x36
15.799,MODE_ID_2,-12513,-12005,-13012,-0.002728,-0.001019,-0.002490,-0.006237,0x36
15.809,MODE_ID_2,-12491,-12000,-12991,0.001648,-0.000123,0.001705,0.003230,0x36
15.836,MODE_ID_2,-12506,-11994,-12991,-0.001253,0.001166,0.001762,0.001675,0x36
15.846,MODE_ID_2,-12506,-12006,-12988,-0.001250,-0.001347,0.002241,-0.000356,0x36
15.851,MODE_ID_2,-12498,-12004,-12992,0.000322,-0.000939,0.001562,0.000945,0x36
15.859,MODE_ID_2,-12502,-11994,-13003,-0.000515,0.001117,-0.000726,-0.000124,0x36
15.869,MODE_ID_2,-12496,-12006,-12992,0.000731,-0.001356,0.001481,0.000856,0x36
15.878,MODE_ID_2,-12508,-12007,-12987,-0.001601,-0.001528,0.002415,-0.000714,0x36
15.901,MODE_ID_2,-12503,-11996,-12998,-0.000623,0.000686,0.000397,0.000460,0x36
15.908,MODE_ID_2,-12506,-11993,-13001,-0.001352,0.001397,-0.000385,-0.000340,0x36
15.919,MODE_ID_2,-12487,-11999,-12998,0.002464,0.000115,0.000250,0.002829,0x36
15.929,MODE_ID_2,-12502,-11987,-12990,-0.000509,0.002429,0.001915,0.003835,0x36
15.938,MODE_ID_2,-12504,-11991,-12998,-0.000813,0.001655,0.000326,0.001168,0x36
15.967,MODE_ID_2,-12501,-12005,-12998,-0.000397,-0.001160,0.000342,-0.001215,0x36
15.973,MODE_ID_2,-12512,-12009,-12988,-0.002483,-0.001935,0.002324,-0.002094,0x36
15.978,MODE_ID_2,-12495,-12006,-12998,0.000845,-0.001321,0.000338,-0.000138,0x36
15.989,MODE_ID_2,-12514,-12008,-12996,-0.002875,-0.001783,0.000776,-0.003882,0x36
15.999,MODE_ID_2,-12485,-11996,-12986,0.002926,0.000669,0.002707,0.006302,0x36
16.024,MODE_ID_2,-12506,-11995,-12987,-0.001384,0.000991,0.002526,0.002133,0x36
16.029,MODE_ID_2,-12498,-11985,-12988,0.000212,0.002975,0.002374,0.005561,0x36
16.038,MODE_ID_2,-12488,-11995,-13003,0.002369,0.000817,-0.000725,0.002461,0x36
16.048,MODE_ID_2,-12489,-11994,-13006,0.002010,0.001111,-0.001232,0.001889,0x36
16.058,MODE_ID_2,-12514,-12001,-12990,-0.002807,-0.000248,0.001983,-0.001072,0x36
16.071,MODE_ID_2,-12501,-12012,-12987,-0.000242,-0.002502,0.002435,-0.000309,0x36
16.094,MODE_ID_2,-12503,-11993,-13003,-0.000688,0.001278,-0.000653,-0.000063,0x36
16.098,MODE_ID_2,-12502,-11996,-12992,-0.000592,0.000679,0.001522,0.001609,0x36
16.109,MODE_ID_2,-12486,-12006,-12989,0.002615,-0.001293,0.002161,0.003483,0x36
16.119,MODE_ID_2,-12489,-11995,-12998,0.002026,0.000837,0.000240,0.003103,0x36
16.129,MODE_ID_2,-12485,-12010,-12989,0.002965,-0.002090,0.002152,0.003027,0x36
16.150,MODE_ID_2,-12511,-12007,-12993,-0.002283,-0.001482,0.001283,-0.002482,0x36
16.158,MODE_ID_2,-12503,-12001,-12996,-0.000696,-0.000252,0.000716,-0.000232,0x36
16.169,MODE_ID_2,-12486,-12009,-12986,0.002637,-0.001882,0.002763,0.003518,0x36
16.179,MODE_ID_2,-12505,-11993,-13003,-0.001026,0.001269,-0.000776,-0.000533,0x36
16.189,MODE_ID_2,-12501,-11997,-13010,-0.000361,0.000448,-0.002003,-0.001916,0x36
16.217,MODE_ID_2,-12505,-11986,-12987,-0.001195,0.002770,0.002574,0.004149,0x36
16.219,MODE_ID_2,-12485,-12004,-13009,0.002934,-0.000923,-0.001857,0.000154,0x36
16.229,MODE_ID_2,-12489,-11986,-12994,0.002087,0.002632,0.001173,0.005892,0x36
16.239,MODE_ID_2,-12512,-11998,-13007,-0.002480,0.000277,-0.001412,-0.003615,0x36
16.249,MODE_ID_2,-12501,-12008,-12988,-0.000245,-0.001644,0.002372,0.000483,0x36
16.275,MODE_ID_2,-12490,-11990,-12997,0.001807,0.001906,0.000461,0.004174,0x36
16.286,MODE_ID_2,-12513,-12007,-12992,-0.002683,-0.001444,0.001421,-0.002706,0x36
16.292,MODE_ID_2,-12510,-12013,-13004,-0.002173,-0.002635,-0.000964,-0.005772,0x36
16.299,MODE_ID_2,-12487,-11994,-13000,0.002435,0.001168,-0.000170,0.003433,0x36
16.308,MODE_ID_2,-12510,-12003,-12995,-0.002013,-0.000612,0.000897,-0.001728,0x36
16.318,MODE_ID_2,-12505,-11985,-13014,-0.001192,0.002940,-0.002975,-0.001227,0x36
16.341,MODE_ID_2,-12497,-11986,-13006,0.000496,0.002739,-0.001352,0.001883,0x36
16.349,MODE_ID_2,-12510,-11987,-13003,-0.002150,0.002572,-0.000717,-0.000295,0x36
16.359,MODE_ID_2,-12511,-12014,-13001,-0.002309,-0.002987,-0.000268,-0.005564,0x36
16.369,MODE_ID_2,-12498,-11996,-12990,0.000270,0.000751,0.001840,0.002861,0x36
16.379,MODE_ID_2,-12499,-11990,-12988,0.000057,0.001958,0.002233,0.004248,0x36
16.409,MODE_ID_2,-12492,-12002,-13003,0.001448,-0.000427,-0.000702,0.000319,0x36
16.421,MODE_ID_2,-12492,-11987,-12988,0.001512,0.002560,0.002283,0.006355,0x36
16.429,MODE_ID_2,-12494,-12003,-12990,0.001061,-0.000684,0.001873,0.002250,0x36
16.439,MODE_ID_2,-12499,-12013,-13010,0.000079,-0.002755,-0.002135,-0.004811,0x36
16.462,MODE_ID_2,-12490,-11994,-12987,0.001984,0.001056,0.002584,0.005624,0x36
16.469,MODE_ID_2,-12507,-12001,-13000,-0.001464,-0.000400,-0.000200,-0.002064,0x36
16.479,MODE_ID_2,-12494,-12008,-12990,0.001152,-0.001656,0.001866,0.001362,0x36
16.489,MODE_ID_2,-12492,-12002,-13011,0.001592,-0.000481,-0.002300,-0.001189,0x36
16.499,MODE_ID_2,-12505,-11990,-12993,-0.001171,0.001899,0.001370,0.002098,0x36
16.509,MODE_ID_2,-12496,-12003,-13003,0.000619,-0.000778,-0.000627,-0.000786,0x36
16.535,MODE_ID_2,-12514,-11996,-13005,-0.002822,0.000728,-0.001161,-0.003255,0x36
16.539,MODE_ID_2,-12495,-11986,-13002,0.000934,0.002652,-0.000426,0.003160,0x36
16.549,MODE_ID_2,-12496,-12014,-13011,0.000714,-0.002965,-0.002366,-0.004617,0x36
16.559,MODE_ID_2,-12496,-12014,-12995,0.000765,-0.002817,0.000813,-0.001239,0x36
16.569,MODE_ID_2,-12489,-12008,-12996,0.002173,-0.001753,0.000610,0.001030,0x36
16.592,MODE_ID_2,-12504,-12009,-12992,-0.000981,-0.001850,0.001557,-0.001274,0x36
16.599,MODE_ID_2,-12500,-11994,-12985,-0.000072,0.001108,0.002903,0.003939,0x36
16.609,MODE_ID_2,-12511,-11996,-13004,-0.002268,0.000638,-0.000896,-0.002526,0x36
16.619,MODE_ID_2,-12501,-11986,-12992,-0.000300,0.002787,0.001529,0.004016,0x36
16.629,MODE_ID_2,-12497,-11986,-12990,0.000506,0.002749,0.001919,0.005174,0x36
16.653,MODE_ID_2,-12505,-12006,-12998,-0.001139,-0.001370,0.000325,-0.002184,0x36
16.659,MODE_ID_2,-12489,-11988,-12988,0.002078,0.002248,0.002364,0.006690,0x36
16.669,MODE_ID_2,-12498,-11999,-13009,0.000238,0.000030,-0.001869,-0.001601,0x36
16.679,MODE_ID_2,-12506,-12010,-12990,-0.001264,-0.002044,0.001849,-0.001459,0x36
16.689,MODE_ID_2,-12505,-11993,-12998,-0.001147,0.001254,0.000340,0.000447,0x36
16.713,MODE_ID_2,-12494,-12012,-13009,0.001196,-0.002495,-0.001955,-0.003254,0x36
16.720,MODE_ID_2,-12495,-12008,-12987,0.000830,-0.001681,0.002488,0.001637,0x36
16.729,MODE_ID_2,-12495,-12005,-12991,0.000974,-0.001070,0.001611,0.001515,0x36
16.739,MODE_ID_2,-12489,-12009,-12995,0.002112,-0.001951,0.000881,0.001042,0x36
16.749,MODE_ID_2,-12505,-12002,-12995,-0.001023,-0.000584,0.000908,-0.000699,0x36
16.759,MODE_ID_2,-12485,-12010,-13006,0.002834,-0.002142,-0.001309,-0.000617,0x36
16.781,MODE_ID_2,-12508,-11989,-12999,-0.001676,0.002091,0.000036,0.000451,0x36
16.789,MODE_ID_2,-12509,-11990,-12994,-0.001885,0.001924,0.001169,0.001208,0x36
16.799,MODE_ID_2,-12491,-11991,-12996,0.001724,0.001772,0.000685,0.004181,0x36
16.809,MODE_ID_2,-12495,-12011,-12998,0.000932,-0.002303,0.000214,-0.001157,0x36
16.820,MODE_ID_2,-12514,-11988,-12987,-0.002940,0.002335,0.002573,0.001968,0x36
16.850,MODE_ID_2,-12512,-12008,-13005,-0.002506,-0.001654,-0.001025,-0.005185,0x36
16.859,MODE_ID_2,-12492,-12008,-12995,0.001462,-0.001798,0.000801,0.000465,0x36
16.868,MODE_ID_2,-12488,-11993,-13013,0.002285,0.001247,-0.002619,0.000913,0x36
16.879,MODE_ID_2,-12508,-12007,-13008,-0.001752,-0.001511,-0.001688,-0.004951,0x36
16.902,MODE_ID_2,-12507,-11993,-12991,-0.001528,0.001219,0.001728,0.001419,0x36
16.908,MODE_ID_2,-12492,-11986,-13009,0.001584,0.002718,-0.001901,0.002401,0x36
16.919,MODE_ID_2,-12493,-11997,-13001,0.001370,0.000427,-0.000247,0.001550,0x36
16.929,MODE_ID_2,-12505,-12004,-12993,-0.001135,-0.000835,0.001325,-0.000645,0x36
16.939,MODE_ID_2,-12499,-12007,-13004,0.000028,-0.001459,-0.000908,-0.002339,0x36
16.965,MODE_ID_2,-12497,-11991,-13002,0.000423,0.001780,-0.000432,0.001771,0x36
16.972,MODE_ID_2,-12493,-12012,-12999,0.001240,-0.002572,0.000140,-0.001192,0x36
16.979,MODE_ID_2,-12498,-11985,-12991,0.000313,0.002872,0.001769,0.004954,0x36
16.988,MODE_ID_2,-12498,-11994,-13002,0.000344,0.001018,-0.000493,0.000869,0x36
16.998,MODE_ID_2,-12505,-12011,-13011,-0.001090,-0.002208,-0.002249,-0.005547,0x36
17.009,MODE_ID_2,-12507,-12000,-13013,-0.001526,-0.000070,-0.002771,-0.004367,0x36
17.039,MODE_ID_2,-12509,-12010,-13013,-0.001998,-0.002049,-0.002763,-0.006810,0x36
17.048,MODE_ID_2,-12500,-12004,-13002,-0.000106,-0.000824,-0.000463,-0.001393,0x36
17.058,MODE_ID_2,-12495,-12008,-13003,0.000993,-0.001656,-0.000623,-0.001286,0x36
17.068,MODE_ID_2,-12498,-12005,-13013,0.000316,-0.001109,-0.002700,-0.003493,0x36
17.096,MODE_ID_2,-12497,-11996,-13007,0.000568,0.000642,-0.001421,-0.000211,0x36
17.098,MODE_ID_2,-12509,-12012,-12995,-0.001844,-0.002584,0.000900,-0.003528,0x36
17.109,MODE_ID_2,-12492,-12007,-13013,0.001561,-0.001591,-0.002711,-0.002741,0x36
17.119,MODE_ID_2,-12494,-11998,-13007,0.001008,0.000269,-0.001480,-0.000203,0x36
17.129,MODE_ID_2,-12511,-11988,-12994,-0.002398,0.002323,0.001106,0.001031,0x36
17.154,MODE_ID_2,-12514,-11994,-12994,-0.002825,0.001047,0.001021,-0.000757,0x36
17.160,MODE_ID_2,-12514,-11988,-12997,-0.002859,0.002367,0.000466,-0.000026,0x36
17.169,MODE_ID_2,-12507,-12010,-12996,-0.001519,-0.002038,0.000671,-0.002886,0x36
17.179,MODE_ID_2,-12513,-11991,-12998,-0.002764,0.001643,0.000305,-0.000816,0x36
17.188,MODE_ID_2,-12513,-12005,-13001,-0.002700,-0.001115,-0.000356,-0.004171,0x36
17.199,MODE_ID_2,-12503,-12011,-12998,-0.000609,-0.002379,0.000309,-0.002679,0x36
17.225,MODE_ID_2,-12486,-12012,-13008,0.002636,-0.002558,-0.001666,-0.001588,0x36
17.228,MODE_ID_2,-12507,-11989,-13013,-0.001571,0.002062,-0.002798,-0.002307,0x36
17.239,MODE_ID_2,-12514,-11998,-12985,-0.002835,0.000225,0.002994,0.000384,0x36
17.249,MODE_ID_2,-12490,-12005,-12986,0.001888,-0.001078,0.002647,0.003457,0x36
17.259,MODE_ID_2,-12498,-11990,-12998,0.000257,0.001807,0.000359,0.002423,0x36
17.292,MODE_ID_2,-12505,-12004,-12990,-0.001144,-0.000989,0.001960,-0.000173,0x36
17.298,MODE_ID_2,-12492,-12002,-13008,0.001561,-0.000490,-0.001614,-0.000543,0x36
17.309,MODE_ID_2,-12486,-11985,-13008,0.002636,0.002928,-0.001746,0.003818,0x36
17.319,MODE_ID_2,-12507,-11992,-12987,-0.001478,0.001508,0.002599,0.002629,0x36
17.345,MODE_ID_2,-12492,-12009,-13004,0.001430,-0.001808,-0.000936,-0.001314,0x36
17.348,MODE_ID_2,-12513,-12002,-13010,-0.002761,-0.000542,-0.002007,-0.005310,0x36
17.359,MODE_ID_2,-12505,-11994,-12987,-0.001177,0.001135,0.002435,0.002393,0x36
17.369,MODE_ID_2,-12500,-11999,-12993,-0.000061,0.000072,0.001261,0.001272,0x36
17.379,MODE_ID_2,-12499,-12006,-13014,0.000191,-0.001232,-0.002838,-0.003879,0x36
17.405,MODE_ID_2,-12485,-12000,-12997,0.002820,-0.000089,0.000505,0.003236,0x36
17.408,MODE_ID_2,-12505,-11989,-13004,-0.001011,0.002200,-0.000801,0.000388,0x36
17.419,MODE_ID_2,-12489,-12011,-12999,0.002066,-0.002217,0.000087,-0.000064,0x36
17.429,MODE_ID_2,-12512,-12006,-13003,-0.002443,-0.001266,-0.000722,-0.004431,0x36
17.438,MODE_ID_2,-12485,-12002,-12986,0.002919,-0.000499,0.002741,0.005161,0x36
17.465,MODE_ID_2,-12493,-12009,-13003,0.001323,-0.001920,-0.000707,-0.001304,0x36
17.472,MODE_ID_2,-12495,-11996,-12994,0.000843,0.000794,0.001080,0.002717,0x36
17.479,MODE_ID_2,-12490,-11999,-12995,0.001894,0.000185,0.000812,0.002891,0x36
17.489,MODE_ID_2,-12492,-12004,-12998,0.001596,-0.000952,0.000358,0.001002,0x36
17.499,MODE_ID_2,-12495,-11998,-13013,0.000974,0.000304,-0.002779,-0.001501,0x36
17.509,MODE_ID_2,-12488,-11992,-12985,0.002390,0.001529,0.002892,0.006811,0x36
17.534,MODE_ID_2,-12512,-11996,-12995,-0.002404,0.000718,0.000839,-0.000847,0x36
17.539,MODE_ID_2,-12509,-11995,-12987,-0.001930,0.000853,0.002536,0.001459,0x36
17.549,MODE_ID_2,-12486,-12011,-13009,0.002738,-0.002300,-0.001881,-0.001443,0x36
17.559,MODE_ID_2,-12504,-12005,-12991,-0.000817,-0.001113,0.001732,-0.000198,0x36
17.568,MODE_ID_2,-12505,-12002,-12989,-0.001029,-0.000402,0.002022,0.000591,0x36
17.605,MODE_ID_2,-12485,-11986,-13009,0.002818,0.002744,-0.001850,0.003712,0x36
17.609,MODE_ID_2,-12502,-12013,-13013,-0.000428,-0.002662,-0.002707,-0.005797,0x36
17.619,MODE_ID_2,-12510,-11998,-12992,-0.002023,0.000389,0.001437,-0.000197,0x36
17.628,MODE_ID_2,-12506,-12004,-13014,-0.001312,-0.000904,-0.002885,-0.005101,0x36
17.655,MODE_ID_2,-12489,-11993,-13003,0.002114,0.001306,-0.000606,0.002814,0x36
17.658,MODE_ID_2,-12487,-12014,-12992,0.002433,-0.002982,0.001513,0.000964,0x36
17.669,MODE_ID_2,-12503,-11995,-13014,-0.000755,0.000834,-0.002881,-0.002802,0x36
17.679,MODE_ID_2,-12487,-11991,-13011,0.002508,0.001631,-0.002306,0.001833,0x36
17.689,MODE_ID_2,-12509,-11994,-13006,-0.001818,0.001036,-0.001318,-0.002100,0x36
17.714,MODE_ID_2,-12511,-12007,-12989,-0.002344,-0.001595,0.002098,-0.001841,0x36
17.719,MODE_ID_2,-12487,-11988,-13012,0.002517,0.002251,-0.002441,0.002327,0x36
17.729,MODE_ID_2,-12495,-11992,-13005,0.000933,0.001465,-0.001144,0.001254,0x36
17.739,MODE_ID_2,-12511,-12009,-12989,-0.002385,-0.001857,0.002082,-0.002160,0x36
17.748,MODE_ID_2,-12488,-12009,-13012,0.002293,-0.001913,-0.002423,-0.002043,0x36
17.759,MODE_ID_2,-12490,-11987,-12997,0.001869,0.002483,0.000409,0.004761,0x36
17.787,MODE_ID_2,-12501,-11987,-13010,-0.000303,0.002593,-0.002110,0.000180,0x36
17.792,MODE_ID_2,-12487,-11991,-12991,0.002591,0.001725,0.001734,0.006050,0x36
17.799,MODE_ID_2,-12490,-11987,-13012,0.001992,0.002430,-0.002505,0.001917,0x36
17.809,MODE_ID_2,-12512,-12013,-13002,-0.002510,-0.002766,-0.000413,-0.005689,0x36
17.819,MODE_ID_2,-12486,-12000,-13012,0.002798,-0.000196,-0.002481,0.000121,0x36
17.846,MODE_ID_2,-12489,-12008,-13005,0.002121,-0.001782,-0.001043,-0.000704,0x36
17.848,MODE_ID_2,-12501,-11993,-13003,-0.000365,0.001391,-0.000647,0.000379,0x36
17.859,MODE_ID_2,-12502,-12014,-12988,-0.000474,-0.002819,0.002398,-0.000895,0x36
17.869,MODE_ID_2,-12498,-11986,-13000,0.000300,0.002603,-0.000181,0.002722,0x36
17.879,MODE_ID_2,-12511,-12008,-12999,-0.002293,-0.001752,0.000046,-0.003999,0x36
17.904,MODE_ID_2,-12514,-11991,-13007,-0.002861,0.001683,-0.001435,-0.002613,0x36
17.909,MODE_ID_2,-12493,-12013,-12989,0.001336,-0.002624,0.002086,0.000798,0x36
17.919,MODE_ID_2,-12503,-12009,-12993,-0.000650,-0.001851,0.001292,-0.001209,0x36
17.929,MODE_ID_2,-12488,-12008,-12990,0.002226,-0.001697,0.001821,0.002350,0x36
17.938,MODE_ID_2,-12497,-11996,-12989,0.000518,0.000670,0.002076,0.003264,0x36
17.967,MODE_ID_2,-12501,-11988,-12997,-0.000225,0.002312,0.000579,0.002666,0x36
17.969,MODE_ID_2,-12485,-11996,-12992,0.002930,0.000721,0.001404,0.005055,0x36
17.979,MODE_ID_2,-12486,-12011,-12994,0.002691,-0.002388,0.001101,0.001404,0x36
17.989,MODE_ID_2,-12501,-11987,-13007,-0.000376,0.002448,-0.001500,0.000572,0x36
17.998,MODE_ID_2,-12492,-11989,-12996,0.001545,0.002117,0.000728,0.004390,0x36
18.008,MODE_ID_2,-12504,-11989,-12989,-0.000857,0.002114,0.002141,0.003398,0x36
18.044,MODE_ID_2,-12511,-12004,-13002,-0.002302,-0.000869,-0.000586,-0.003757,0x36
18.049,MODE_ID_2,-12510,-12006,-12993,-0.002077,-0.001236,0.001255,-0.002058,0x36
18.059,MODE_ID_2,-12499,-11992,-13013,0.000042,0.001537,-0.002713,-0.001134,0x36
18.088,MODE_ID_2,-12506,-11989,-13005,-0.001392,0.002175,-0.001173,-0.000390,0x36
18.093,MODE_ID_2,-12498,-12013,-12998,0.000370,-0.002711,0.000260,-0.002081,0x36
18.099,MODE_ID_2,-12498,-12005,-13008,0.000398,-0.001013,-0.001773,-0.002388,0x36
18.109,MODE_ID_2,-12512,-11994,-13004,-0.002523,0.001162,-0.000955,-0.002316,0x36
18.119,MODE_ID_2,-12498,-11988,-12994,0.000275,0.002226,0.001196,0.003697,0x36
18.153,MODE_ID_2,-12488,-12008,-13009,0.002330,-0.001679,-0.001902,-0.001251,0x36
18.161,MODE_ID_2,-12503,-12003,-13000,-0.000706,-0.000791,-0.000108,-0.001605,0x36
18.169,MODE_ID_2,-12487,-12007,-12993,0.002470,-0.001411,0.001306,0.002365,0x36
18.178,MODE_ID_2,-12504,-11999,-12993,-0.000979,0.000154,0.001222,0.000397,0x36
18.189,MODE_ID_2,-12510,-12012,-12993,-0.002034,-0.002460,0.001335,-0.003159,0x36
18.216,MODE_ID_2,-12497,-12002,-12986,0.000411,-0.000586,0.002662,0.002487,0x36
18.222,MODE_ID_2,-12485,-12011,-13003,0.002850,-0.002239,-0.000613,-0.000002,0x36
18.228,MODE_ID_2,-12506,-12010,-13012,-0.001202,-0.002134,-0.002533,-0.005869,0x36
18.239,MODE_ID_2,-12491,-12005,-12992,0.001621,-0.001056,0.001402,0.001967,0x36
18.249,MODE_ID_2,-12514,-11992,-12987,-0.002948,0.001446,0.002521,0.001019,0x36
18.279,MODE_ID_2,-12503,-11993,-12993,-0.000620,0.001282,0.001287,0.001949,0x36
18.289,MODE_ID_2,-12499,-11987,-13006,0.000154,0.002467,-0.001349,0.001272,0x36
18.299,MODE_ID_2,-12493,-12013,-13009,0.001219,-0.002676,-0.001859,-0.003316,0x36
18.308,MODE_ID_2,-12499,-11995,-12987,0.000081,0.000942,0.002535,0.003558,0x36
18.340,MODE_ID_2,-12486,-12001,-13007,0.002637,-0.000293,-0.001427,0.000917,0x36
18.351,MODE_ID_2,-12510,-12012,-13014,-0.002121,-0.002402,-0.002850,-0.007373,0x36
18.359,MODE_ID_2,-12502,-11989,-13014,-0.000507,0.002069,-0.002975,-0.001413,0x36
18.369,MODE_ID_2,-12496,-11989,-13002,0.000715,0.002013,-0.000433,0.002295,0x36
18.378,MODE_ID_2,-12492,-11990,-13011,0.001518,0.001917,-0.002359,0.001076,0x36
18.404,MODE_ID_2,-12487,-11988,-13012,0.002407,0.002393,-0.002593,0.002207,0x36
18.408,MODE_ID_2,-12505,-12000,-13000,-0.001003,-0.000166,-0.000050,-0.001219,0x36
18.419,MODE_ID_2,-12499,-12013,-12993,0.000167,-0.002783,0.001216,-0.001400,0x36
18.428,MODE_ID_2,-12505,-11985,-12989,-0.001043,0.002882,0.002115,0.003954,0x36
18.439,MODE_ID_2,-12503,-12010,-13008,-0.000622,-0.002140,-0.001688,-0.004450,0x36
18.465,MODE_ID_2,-12487,-11988,-12995,0.002443,0.002347,0.000854,0.005644,0x36
18.471,MODE_ID_2,-12509,-12003,-13010,-0.001932,-0.000740,-0.002175,-0.004847,0x36
18.478,MODE_ID_2,-12489,-11987,-13008,0.002032,0.002532,-0.001771,0.002793,0x36
18.489,MODE_ID_2,-12488,-12003,-12985,0.002212,-0.000758,0.002973,0.004427,0x36
18.499,MODE_ID_2,-12491,-12009,-13000,0.001618,-0.001967,-0.000114,-0.000463,0x36
18.526,MODE_ID_2,-12490,-12007,-13008,0.001886,-0.001561,-0.001678,-0.001353,0x36
18.532,MODE_ID_2,-12511,-11985,-13011,-0.002203,0.002851,-0.002371,-0.001723,0x36
18.538,MODE_ID_2,-12488,-11996,-12999,0.002318,0.000744,0.000165,0.003227,0x36
18.549,MODE_ID_2,-12504,-11999,-13005,-0.000914,0.000127,-0.001169,-0.001956,0x36
18.559,MODE_ID_2,-12514,-12006,-12994,-0.002962,-0.001368,0.001011,-0.003319,0x36
18.589,MODE_ID_2,-12509,-12013,-13001,-0.001911,-0.002615,-0.000348,-0.004874,0x36
18.599,MODE_ID_2,-12485,-11987,-13003,0.002931,0.002413,-0.000615,0.004729,0x36
18.609,MODE_ID_2,-12502,-12005,-13005,-0.000419,-0.001052,-0.001130,-0.002601,0x36
18.619,MODE_ID_2,-12513,-12012,-13001,-0.002747,-0.002429,-0.000339,-0.005515,0x36
18.629,MODE_ID_2,-12500,-11993,-12989,-0.000173,0.001201,0.002075,0.003103,0x36
18.662,MODE_ID_2,-12491,-11989,-12987,0.001710,0.002060,0.002475,0.006245,0x36
18.669,MODE_ID_2,-12512,-11994,-13000,-0.002482,0.001014,-0.000128,-0.001596,0x36
18.678,MODE_ID_2,-12508,-12001,-12998,-0.001615,-0.000222,0.000222,-0.001615,0x36
18.688,MODE_ID_2,-12498,-11994,-12985,0.000350,0.001059,0.002933,0.004342,0x36
18.717,MODE_ID_2,-12487,-11994,-13011,0.002521,0.001177,-0.002307,0.001391,0x36
18.729,MODE_ID_2,-12503,-11991,-13007,-0.000729,0.001752,-0.001484,-0.000461,0x36
18.739,MODE_ID_2,-12510,-12000,-13000,-0.002014,-0.000094,-0.000100,-0.002208,0x36
18.748,MODE_ID_2,-12503,-12001,-13011,-0.000798,-0.000337,-0.002213,-0.003348,0x36
18.759,MODE_ID_2,-12487,-12004,-13013,0.002492,-0.000897,-0.002606,-0.001011,0x36
18.784,MODE_ID_2,-12490,-12006,-12989,0.001835,-0.001388,0.002022,0.002469,0x36
18.788,MODE_ID_2,-12508,-11992,-12999,-0.001723,0.001459,0.000198,-0.000066,0x36
18.799,MODE_ID_2,-12504,-12005,-13012,-0.000847,-0.001121,-0.002568,-0.004536,0x36
18.809,MODE_ID_2,-12491,-12004,-13010,0.001618,-0.000901,-0.002159,-0.001442,0x36
18.819,MODE_ID_2,-12500,-12002,-13009,-0.000151,-0.000408,-0.001957,-0.002516,0x36
18.855,MODE_ID_2,-12502,-11999,-13003,-0.000540,0.000028,-0.000637,-0.001149,0x36
18.859,MODE_ID_2,-12495,-11986,-13012,0.000847,0.002714,-0.002511,0.001050,0x36
18.869,MODE_ID_2,-12497,-12012,-13014,0.000548,-0.002405,-0.002897,-0.004754,0x36
18.879,MODE_ID_2,-12494,-12012,-13003,0.001084,-0.002461,-0.000697,-0.002074,0x36
18.905,MODE_ID_2,-12510,-12013,-13006,-0.002051,-0.002786,-0.001288,-0.006125,0x36
18.909,MODE_ID_2,-12507,-12009,-13003,-0.001542,-0.001861,-0.000757,-0.004160,0x36
18.919,MODE_ID_2,-12492,-12007,-13012,0.001485,-0.001405,-0.002479,-0.002399,0x36
18.929,MODE_ID_2,-12500,-12000,-12985,-0.000074,-0.000090,0.002874,0.002710,0x36
18.939,MODE_ID_2,-12497,-12000,-13008,0.000512,-0.000173,-0.001799,-0.001460,0x36
18.967,MODE_ID_2,-12513,-12001,-12986,-0.002611,-0.000207,0.002798,-0.000020,0x36
18.969,MODE_ID_2,-12505,-11986,-13005,-0.001168,0.002648,-0.001191,0.000289,0x36
18.979,MODE_ID_2,-12486,-11999,-13001,0.002659,0.000032,-0.000299,0.002392,0x36
18.988,MODE_ID_2,-12491,-11987,-13014,0.001692,0.002417,-0.002843,0.001266,0x36
18.998,MODE_ID_2,-12500,-11989,-13009,-0.000026,0.002001,-0.001923,0.000052,0x36
19.010,MODE_ID_2,-12514,-12004,-12999,-0.002871,-0.000970,0.000186,-0.003655,0x36
19.036,MODE_ID_2,-12501,-12010,-13012,-0.000371,-0.002076,-0.002401,-0.004848,0x36
19.041,MODE_ID_2,-12494,-11998,-13005,0.001031,0.000253,-0.001183,0.000101,0x36
19.048,MODE_ID_2,-12501,-12006,-13008,-0.000221,-0.001278,-0.001700,-0.003199,0x36
19.058,MODE_ID_2,-12511,-12005,-13000,-0.002395,-0.001047,-0.000189,-0.003631,0x36
19.068,MODE_ID_2,-12501,-12004,-13009,-0.000256,-0.000846,-0.001963,-0.003065,0x36
19.096,MODE_ID_2,-12501,-12014,-12991,-0.000320,-0.002971,0.001720,-0.001571,0x36
19.099,MODE_ID_2,-12494,-12008,-12985,0.001001,-0.001651,0.002830,0.002180,0x36
19.109,MODE_ID_2,-12501,-12013,-12999,-0.000341,-0.002725,0.000021,-0.003045,0x36
19.119,MODE_ID_2,-12508,-12014,-13000,-0.001638,-0.002889,-0.000003,-0.004530,0x36
19.129,MODE_ID_2,-12501,-12010,-13006,-0.000357,-0.002114,-0.001372,-0.003843,0x36
19.156,MODE_ID_2,-12494,-11996,-13012,0.001030,0.000692,-0.002536,-0.000814,0x36
19.161,MODE_ID_2,-12513,-11986,-13013,-0.002601,0.002727,-0.002640,-0.002514,0x36
19.169,MODE_ID_2,-12513,-11992,-13001,-0.002664,0.001524,-0.000221,-0.001361,0x36
19.179,MODE_ID_2,-12487,-12008,-12993,0.002599,-0.001702,0.001249,0.002146,0x36
19.189,MODE_ID_2,-12486,-12001,-12996,0.002705,-0.000328,0.000743,0.003120,0x36
19.220,MODE_ID_2,-12511,-11991,-13013,-0.002257,0.001612,-0.002798,-0.003443,0x36
19.229,MODE_ID_2,-12508,-11992,-13005,-0.001764,0.001587,-0.001103,-0.001280,0x36
19.239,MODE_ID_2,-12488,-11999,-12988,0.002368,0.000111,0.002393,0.004872,0x36
19.249,MODE_ID_2,-12494,-12013,-13010,0.001002,-0.002766,-0.002005,-0.003769,0x36
19.259,MODE_ID_2,-12487,-11998,-13007,0.002582,0.000318,-0.001577,0.001323,0x36
19.292,MODE_ID_2,-12493,-12013,-13004,0.001267,-0.002604,-0.000914,-0.002251,0x36
19.299,MODE_ID_2,-12501,-11999,-12993,-0.000363,0.000133,0.001205,0.000975,0x36
19.309,MODE_ID_2,-12497,-11998,-12988,0.000577,0.000207,0.002307,0.003091,0x36
19.319,MODE_ID_2,-12485,-11999,-12999,0.002898,0.000000,0.000041,0.002939,0x36
19.343,MODE_ID_2,-12505,-12010,-12991,-0.001039,-0.002059,0.001725,-0.001373,0x36
19.348,MODE_ID_2,-12509,-11994,-12991,-0.001902,0.001170,0.001613,0.000881,0x36
19.359,MODE_ID_2,-12513,-11990,-12988,-0.002708,0.001998,0.002256,0.001546,0x36
19.369,MODE_ID_2,-12501,-11999,-12998,-0.000229,0.000073,0.000200,0.000044,0x36
19.378,MODE_ID_2,-12504,-11996,-12997,-0.000844,0.000602,0.000507,0.000265,0x36
19.404,MODE_ID_2,-12513,-12001,-12995,-0.002640,-0.000339,0.000822,-0.002157,0x36
19.409,MODE_ID_2,-12501,-11991,-12987,-0.000264,0.001604,0.002460,0.003800,0x36
19.419,MODE_ID_2,-12492,-12009,-12991,0.001582,-0.001823,0.001761,0.001520,0x36
19.428,MODE_ID_2,-12512,-12004,-12999,-0.002592,-0.000802,0.000134,-0.003260,0x36
19.439,MODE_ID_2,-12508,-12007,-12986,-0.001671,-0.001525,0.002790,-0.000406,0x36
19.452,MODE_ID_2,-12487,-12003,-12990,0.002561,-0.000676,0.001954,0.003839,0x36
19.480,MODE_ID_2,-12508,-12012,-13006,-0.001659,-0.002453,-0.001356,-0.005468,0x36
19.489,MODE_ID_2,-12500,-11994,-13002,-0.000117,0.001110,-0.000571,0.000422,0x36
19.499,MODE_ID_2,-12489,-11994,-13007,0.002019,0.001016,-0.001435,0.001600,0x36
19.509,MODE_ID_2,-12509,-12012,-13009,-0.001888,-0.002460,-0.001979,-0.006327,0x36
19.536,MODE_ID_2,-12498,-11990,-13006,0.000291,0.001864,-0.001242,0.000913,0x36
19.539,MODE_ID_2,-12512,-11985,-13000,-0.002555,0.002948,-0.000007,0.000386,0x36
19.548,MODE_ID_2,-12508,-11994,-12995,-0.001657,0.001016,0.000864,0.000223,0x36
19.559,MODE_ID_2,-12509,-12003,-12991,-0.001827,-0.000733,0.001766,-0.000794,0x36
19.569,MODE_ID_2,-12495,-12011,-13013,0.000996,-0.002334,-0.002613,-0.003951,0x36
19.596,MODE_ID_2,-12512,-12013,-13008,-0.002503,-0.002765,-0.001782,-0.007050,0x36
19.602,MODE_ID_2,-12488,-12007,-12988,0.002238,-0.001492,0.002360,0.003106,0x36
19.609,MODE_ID_2,-12489,-12003,-12992,0.002089,-0.000721,0.001594,0.002962,0x36
19.619,MODE_ID_2,-12494,-11988,-13007,0.001165,0.002324,-0.001596,0.001893,0x36
19.629,MODE_ID_2,-12496,-12010,-13014,0.000709,-0.002191,-0.002841,-0.004323,0x36
19.656,MODE_ID_2,-12497,-11989,-12995,0.000593,0.002081,0.000943,0.003617,0x36
19.659,MODE_ID_2,-12492,-12003,-13005,0.001465,-0.000606,-0.001072,-0.000213,0x36
19.669,MODE_ID_2,-12493,-12000,-13012,0.001275,-0.000008,-0.002579,-0.001312,0x36
19.679,MODE_ID_2,-12509,-11993,-13007,-0.001905,0.001258,-0.001537,-0.002184,0x36
19.689,MODE_ID_2,-12488,-11986,-12998,0.002219,0.002741,0.000277,0.005237,0x36
19.715,MODE_ID_2,-12511,-12013,-12990,-0.002247,-0.002768,0.001820,-0.003195,0x36
19.721,MODE_ID_2,-12510,-11991,-12991,-0.002170,0.001678,0.001644,0.001152,0x36
19.728,MODE_ID_2,-12502,-12004,-13010,-0.000522,-0.000838,-0.002177,-0.003537,0x36
19.739,MODE_ID_2,-12502,-11991,-13000,-0.000571,0.001765,-0.000162,0.001032,0x36
19.749,MODE_ID_2,-12494,-12002,-12994,0.001147,-0.000486,0.001057,0.001718,0x36
19.759,MODE_ID_2,-12503,-12009,-12996,-0.000746,-0.001811,0.000777,-0.001780,0x36
19.787,MODE_ID_2,-12501,-12011,-12990,-0.000250,-0.002259,0.001897,-0.000612,0x36
19.789,MODE_ID_2,-12513,-12001,-12987,-0.002798,-0.000209,0.002515,-0.000492,0x36
19.798,MODE_ID_2,-12509,-11993,-12996,-0.001812,0.001377,0.000703,0.000268,0x36
19.809,MODE_ID_2,-12510,-12014,-13006,-0.002163,-0.002815,-0.001244,-0.006222,0x36
19.819,MODE_ID_2,-12513,-11995,-12999,-0.002675,0.000887,0.000002,-0.001786,0x36
19.854,MODE_ID_2,-12485,-11999,-12999,0.002976,0.000008,0.000078,0.003062,0x36
19.859,MODE_ID_2,-12492,-11995,-13007,0.001413,0.000952,-0.001587,0.000778,0x36
19.869,MODE_ID_2,-12487,-11998,-12988,0.002490,0.000296,0.002330,0.005116,0x36
19.879,MODE_ID_2,-12506,-11998,-13013,-0.001229,0.000288,-0.002727,-0.003668,0x36
19.906,MODE_ID_2,-12490,-11995,-13012,0.001853,0.000805,-0.002544,0.000114,0x36
19.909,MODE_ID_2,-12511,-12009,-13012,-0.002328,-0.001821,-0.002496,-0.006645,0x36
19.918,MODE_ID_2,-12514,-11996,-12994,-0.002954,0.000695,0.001170,-0.001089,0x36
19.929,MODE_ID_2,-12502,-12013,-13006,-0.000591,-0.002692,-0.001342,-0.004625,0x36
19.939,MODE_ID_2,-12510,-11997,-12997,-0.002105,0.000529,0.000508,-0.001068,0x36
19.971,MODE_ID_2,-12500,-12003,-13001,-0.000040,-0.000621,-0.000240,-0.000901,0x36
19.979,MODE_ID_2,-12513,-11995,-12998,-0.002703,0.000904,0.000243,-0.001556,0x36
19.988,MODE_ID_2,-12497,-11989,-12989,0.000427,0.002002,0.002052,0.004481,0x36
19.999,MODE_ID_2,-12492,-12001,-13006,0.001518,-0.000265,-0.001202,0.000051,0x36
20.008,MODE_ID_2,-12512,-12009,-13012,-0.002598,-0.001978,-0.002404,-0.006980,0x36
20.035,MODE_ID_2,-12506,-12013,-13011,-0.001227,-0.002628,-0.002307,-0.006162,0x36
20.040,MODE_ID_2,-12497,-11997,-12992,0.000473,0.000584,0.001532,0.002589,0x36
20.048,MODE_ID_2,-12510,-12008,-13012,-0.002146,-0.001774,-0.002409,-0.006329,0x36
20.059,MODE_ID_2,-12499,-11986,-13014,0.000002,0.002685,-0.002822,-0.000135,0x36
20.069,MODE_ID_2,-12509,-11992,-12994,-0.001922,0.001462,0.001192,0.000732,0x36
20.099,MODE_ID_2,-12489,-12006,-12996,0.002171,-0.001387,0.000784,0.001568,0x36
20.108,MODE_ID_2,-12493,-11991,-13008,0.001256,0.001641,-0.001738,0.001159,0x36
20.119,MODE_ID_2,-12512,-12004,-12998,-0.002445,-0.000810,0.000211,-0.003044,0x36
20.129,MODE_ID_2,-12512,-11994,-12996,-0.002555,0.001133,0.000643,-0.000779,0x36
20.154,MODE_ID_2,-12486,-12000,-13001,0.002795,-0.000093,-0.000269,0.002433,0x36
20.160,MODE_ID_2,-12497,-11998,-12986,0.000437,0.000333,0.002786,0.003556,0x36
20.169,MODE_ID_2,-12492,-11991,-12985,0.001469,0.001691,0.002849,0.006009,0x36
20.179,MODE_ID_2,-12514,-12014,-12988,-0.002941,-0.002888,0.002253,-0.003576,0x36
20.188,MODE_ID_2,-12497,-11990,-13014,0.000487,0.001816,-0.002989,-0.000686,0x36
20.217,MODE_ID_2,-12506,-11998,-13002,-0.001395,0.000312,-0.000473,-0.001556,0x36
20.223,MODE_ID_2,-12496,-12010,-13001,0.000726,-0.002007,-0.000341,-0.001622,0x36
20.228,MODE_ID_2,-12490,-12000,-13009,0.001878,-0.000013,-0.001841,0.000024,0x36
20.239,MODE_ID_2,-12509,-12014,-13011,-0.001906,-0.002877,-0.002360,-0.007143,0x36
20.249,MODE_ID_2,-12512,-11999,-13000,-0.002578,0.000063,-0.000073,-0.002588,0x36
20.279,MODE_ID_2,-12490,-12013,-13003,0.001905,-0.002736,-0.000770,-0.001601,0x36
20.290,MODE_ID_2,-12511,-12006,-12992,-0.002356,-0.001370,0.001494,-0.002232,0x36
20.299,MODE_ID_2,-12496,-11991,-13010,0.000609,0.001741,-0.002155,0.000195,0x36
20.309,MODE_ID_2,-12498,-12009,-12997,0.000339,-0.001826,0.000549,-0.000938,0x36
20.319,MODE_ID_2,-12510,-11989,-12994,-0.002114,0.002049,0.001113,0.001048,0x36
20.347,MODE_ID_2,-12506,-11994,-13011,-0.001303,0.001194,-0.002285,-0.002394,0x36
20.348,MODE_ID_2,-12492,-12002,-12990,0.001423,-0.000539,0.001850,0.002734,0x36
20.359,MODE_ID_2,-12485,-11992,-13005,0.002895,0.001487,-0.001143,0.003239,0x36
20.369,MODE_ID_2,-12505,-11987,-13008,-0.001064,0.002420,-0.001766,-0.000410,0x36
20.378,MODE_ID_2,-12490,-11994,-13003,0.001969,0.001168,-0.000676,0.002461,0x36
20.406,MODE_ID_2,-12490,-12006,-12989,0.001872,-0.001203,0.002014,0.002683,0x36
20.411,MODE_ID_2,-12509,-11993,-13012,-0.001953,0.001232,-0.002474,-0.003195,0x36
20.419,MODE_ID_2,-12498,-12002,-12985,0.000223,-0.000528,0.002842,0.002537,0x36
20.428,MODE_ID_2,-12507,-11996,-13012,-0.001518,0.000651,-0.002521,-0.003388,0x36
20.438,MODE_ID_2,-12513,-12011,-13003,-0.002657,-0.002256,-0.000647,-0.005560,0x36
20.465,MODE_ID_2,-12506,-12000,-12992,-0.001239,-0.000001,0.001591,0.000351,0x36
20.469,MODE_ID_2,-12491,-12013,-12997,0.001623,-0.002710,0.000507,-0.000580,0x36
20.478,MODE_ID_2,-12512,-12004,-13005,-0.002427,-0.000982,-0.001151,-0.004560,0x36
20.489,MODE_ID_2,-12514,-11987,-12997,-0.002847,0.002443,0.000432,0.000028,0x36
20.498,MODE_ID_2,-12489,-12013,-12987,0.002036,-0.002742,0.002544,0.001838,0x36
20.511,MODE_ID_2,-12508,-11993,-12995,-0.001729,0.001268,0.000957,0.000496,0x36
20.545,MODE_ID_2,-12486,-11985,-13002,0.002609,0.002892,-0.000535,0.004966,0x36
20.548,MODE_ID_2,-12509,-11997,-12999,-0.001986,0.000419,0.000048,-0.001519,0x36
20.559,MODE_ID_2,-12486,-11991,-13014,0.002745,0.001681,-0.002874,0.001552,0x36
20.570,MODE_ID_2,-12510,-11989,-12999,-0.002029,0.002173,0.000130,0.000274,0x36
20.595,MODE_ID_2,-12497,-12012,-13002,0.000409,-0.002539,-0.000418,-0.002548,0x36
20.598,MODE_ID_2,-12485,-11985,-12986,0.002940,0.002883,0.002683,0.008506,0x36
20.608,MODE_ID_2,-12485,-12007,-12991,0.002972,-0.001485,0.001728,0.003215,0x36
20.619,MODE_ID_2,-12502,-11990,-13007,-0.000524,0.001966,-0.001520,-0.000078,0x36
20.628,MODE_ID_2,-12495,-12009,-13008,0.000986,-0.001967,-0.001702,-0.002683,0x36
20.655,MODE_ID_2,-12491,-11997,-12997,0.001641,0.000579,0.000542,0.002762,0x36
20.658,MODE_ID_2,-12497,-12006,-13006,0.000460,-0.001271,-0.001293,-0.002104,0x36
20.669,MODE_ID_2,-12510,-11987,-13000,-0.002056,0.002436,-0.000098,0.000282,0x36
20.679,MODE_ID_2,-12498,-12012,-12997,0.000397,-0.002580,0.000597,-0.001586,0x36
20.689,MODE_ID_2,-12496,-12011,-12998,0.000702,-0.002360,0.000356,-0.001302,0x36
20.719,MODE_ID_2,-12499,-12009,-13006,0.000006,-0.001823,-0.001379,-0.003196,0x36
20.725,MODE_ID_2,-12510,-11997,-13010,-0.002044,0.000502,-0.002196,-0.003738,0x36
20.729,MODE_ID_2,-12486,-12007,-13001,0.002768,-0.001530,-0.000281,0.000957,0x36
20.738,MODE_ID_2,-12508,-11992,-13014,-0.001724,0.001467,-0.002956,-0.003213,0x36
20.749,MODE_ID_2,-12504,-12011,-12993,-0.000925,-0.002315,0.001224,-0.002016,0x36
20.763,MODE_ID_2,-12496,-12001,-12992,0.000785,-0.000211,0.001425,0.001999,0x36
20.789,MODE_ID_2,-12509,-11986,-12987,-0.001946,0.002797,0.002600,0.003451,0x36
20.798,MODE_ID_2,-12500,-11999,-13011,-0.000041,0.000189,-0.002258,-0.002110,0x36
20.809,MODE_ID_2,-12497,-11992,-12985,0.000569,0.001512,0.002967,0.005048,0x36
20.819,MODE_ID_2,-12504,-11989,-12988,-0.000854,0.002024,0.002315,0.003485,0x36
20.845,MODE_ID_2,-12506,-12010,-13005,-0.001393,-0.002070,-0.001141,-0.004604,0x36
20.851,MODE_ID_2,-12509,-11993,-12994,-0.001826,0.001281,0.001191,0.000646,0x36
20.859,MODE_ID_2,-12512,-12012,-12988,-0.002513,-0.002516,0.002360,-0.002669,0x36
20.869,MODE_ID_2,-12488,-11991,-12994,0.002372,0.001621,0.001157,0.005150,0x36
20.879,MODE_ID_2,-12490,-12001,-12994,0.001853,-0.000282,0.001191,0.002762,0x36
20.907,MODE_ID_2,-12485,-12001,-13005,0.002869,-0.000249,-0.001086,0.001534,0x36
20.909,MODE_ID_2,-12514,-11999,-13007,-0.002975,0.000168,-0.001412,-0.004219,0x36
20.919,MODE_ID_2,-12492,-12010,-13010,0.001574,-0.002084,-0.002151,-0.002661,0x36
20.928,MODE_ID_2,-12487,-12007,-13009,0.002404,-0.001444,-0.001806,-0.000846,0x36
20.939,MODE_ID_2,-12492,-12013,-12994,0.001482,-0.002750,0.001022,-0.000246,0x36
20.951,MODE_ID_2,-12494,-12001,-13009,0.001006,-0.000370,-0.001962,-0.001326,0x36
20.984,MODE_ID_2,-12507,-11993,-12998,-0.001590,0.001268,0.000231,-0.000091,0x36
20.989,MODE_ID_2,-12512,-11990,-13014,-0.002570,0.001814,-0.002963,-0.003719,0x36
20.999,MODE_ID_2,-12499,-11991,-13012,0.000006,0.001619,-0.002415,-0.000790,0x36
21.009,MODE_ID_2,-12507,-12005,-13000,-0.001418,-0.001121,-0.000158,-0.002697,0x36
21.034,MODE_ID_2,-12500,-11988,-13002,-0.000150,0.002372,-0.000518,0.001704,0x36
21.039,MODE_ID_2,-12498,-11992,-12995,0.000295,0.001581,0.000933,0.002809,0x36
21.049,MODE_ID_2,-12493,-11994,-13006,0.001202,0.001158,-0.001215,0.001145,0x36
21.059,MODE_ID_2,-12495,-12011,-13010,0.000865,-0.002292,-0.002170,-0.003597,0x36
21.086,MODE_ID_2,-12495,-11989,-12990,0.000975,0.002176,0.001830,0.004981,0x36
21.093,MODE_ID_2,-12498,-11995,-12989,0.000213,0.000919,0.002104,0.003236,0x36
21.098,MODE_ID_2,-12513,-11987,-12995,-0.002798,0.002437,0.000829,0.000468,0x36
21.109,MODE_ID_2,-12490,-11986,-13013,0.001808,0.002618,-0.002733,0.001693,0x36
21.119,MODE_ID_2,-12492,-11988,-12986,0.001444,0.002373,0.002616,0.006433,0x36
21.129,MODE_ID_2,-12503,-12013,-12993,-0.000691,-0.002646,0.001223,-0.002114,0x36
21.154,MODE_ID_2,-12504,-11999,-12996,-0.000822,0.000039,0.000733,-0.000050,0x36
21.158,MODE_ID_2,-12507,-12014,-13004,-0.001560,-0.002966,-0.000974,-0.005500,0x36
21.169,MODE_ID_2,-12504,-11987,-13011,-0.000940,0.002404,-0.002313,-0.000849,0x36
21.179,MODE_ID_2,-12492,-11990,-12989,0.001571,0.001915,0.002047,0.005533,0x36
21.188,MODE_ID_2,-12502,-12004,-12994,-0.000468,-0.000892,0.001022,-0.000338,0x36
21.217,MODE_ID_2,-12506,-11998,-12985,-0.001345,0.000204,0.002896,0.001755,0x36
21.219,MODE_ID_2,-12496,-11997,-12986,0.000619,0.000543,0.002698,0.003860,0x36
21.229,MODE_ID_2,-12511,-12011,-12986,-0.002349,-0.002300,0.002704,-0.001945,0x36
21.239,MODE_ID_2,-12501,-11995,-13002,-0.000362,0.000875,-0.000460,0.000053,0x36
21.248,MODE_ID_2,-12496,-11986,-13013,0.000776,0.002645,-0.002785,0.000636,0x36
21.259,MODE_ID_2,-12505,-12013,-13013,-0.001014,-0.002766,-0.002747,-0.006527,0x36
21.287,MODE_ID_2,-12503,-11995,-12985,-0.000642,0.000836,0.002847,0.003041,0x36
21.294,MODE_ID_2,-12487,-12008,-13014,0.002599,-0.001761,-0.003000,-0.002162,0x36
21.298,MODE_ID_2,-12487,-12008,-13010,0.002470,-0.001604,-0.002074,-0.001208,0x36
21.308,MODE_ID_2,-12513,-12009,-12986,-0.002650,-0.001956,0.002718,-0.001888,0x36
21.318,MODE_ID_2,-12513,-11996,-13005,-0.002612,0.000604,-0.001133,-0.003141,0x36
21.347,MODE_ID_2,-12504,-11993,-12998,-0.000962,0.001233,0.000334,0.000605,0x36
21.350,MODE_ID_2,-12510,-11997,-13006,-0.002130,0.000487,-0.001392,-0.003035,0x36
21.359,MODE_ID_2,-12488,-12012,-12992,0.002303,-0.002493,0.001434,0.001244,0x36
21.369,MODE_ID_2,-12499,-11990,-12990,0.000172,0.001951,0.001913,0.004036,0x36
21.378,MODE_ID_2,-12507,-11992,-12998,-0.001557,0.001444,0.000357,0.000244,0x36
21.404,MODE_ID_2,-12507,-12011,-13008,-0.001486,-0.002262,-0.001654,-0.005402,0x36
21.410,MODE_ID_2,-12487,-11994,-13000,0.002423,0.001132,-0.000139,0.003416,0x36
21.419,MODE_ID_2,-12494,-11999,-13008,0.001008,0.000010,-0.001770,-0.000752,0x36
21.429,MODE_ID_2,-12504,-12011,-12985,-0.000920,-0.002326,0.002902,-0.000344,0x36
21.439,MODE_ID_2,-12487,-12009,-13004,0.002480,-0.001801,-0.000851,-0.000172,0x36
21.451,MODE_ID_2,-12492,-12014,-12998,0.001595,-0.002880,0.000239,-0.001046,0x36
21.474,MODE_ID_2,-12514,-12007,-12989,-0.002931,-0.001564,0.002008,-0.002487,0x36
21.478,MODE_ID_2,-12489,-11988,-12997,0.002134,0.002233,0.000539,0.004906,0x36
21.489,MODE_ID_2,-12493,-12010,-12998,0.001268,-0.002162,0.000348,-0.000546,0x36
21.498,MODE_ID_2,-12508,-12006,-13011,-0.001764,-0.001278,-0.002315,-0.005357,0x36
21.509,MODE_ID_2,-12498,-11990,-12987,0.000257,0.001948,0.002522,0.004727,0x36
21.541,MODE_ID_2,-12490,-12005,-12987,0.001965,-0.001195,0.002568,0.003338,0x36
21.548,MODE_ID_2,-12500,-12000,-12993,-0.000026,-0.000178,0.001377,0.001173,0x36
21.559,MODE_ID_2,-12504,-12008,-13010,-0.000801,-0.001659,-0.002090,-0.004550,0x36
21.569,MODE_ID_2,-12514,-12000,-12996,-0.002886,-0.000186,0.000741,-0.002331,0x36
21.594,MODE_ID_2,-12488,-11993,-13004,0.002298,0.001334,-0.000810,0.002822,0x36
21.599,MODE_ID_2,-12505,-12004,-13013,-0.001121,-0.000812,-0.002798,-0.004731,0x36
21.608,MODE_ID_2,-12485,-12011,-13007,0.002887,-0.002261,-0.001425,-0.000799,0x36
21.619,MODE_ID_2,-12485,-12004,-12993,0.002994,-0.000918,0.001373,0.003449,0x36
21.648,MODE_ID_2,-12511,-12008,-12987,-0.002386,-0.001692,0.002497,-0.001581,0x36
21.654,MODE_ID_2,-12485,-11993,-12989,0.002860,0.001344,0.002060,0.006264,0x36
21.658,MODE_ID_2,-12513,-12004,-12985,-0.002649,-0.000834,0.002906,-0.000577,0x36
21.669,MODE_ID_2,-12501,-12005,-13008,-0.000254,-0.001149,-0.001729,-0.003132,0x36
21.679,MODE_ID_2,-12511,-11989,-13003,-0.002395,0.002078,-0.000650,-0.000967,0x36
21.689,MODE_ID_2,-12501,-12007,-13012,-0.000302,-0.001443,-0.002543,-0.004288,0x36
21.698,MODE_ID_2,-12496,-12011,-13009,0.000759,-0.002379,-0.001886,-0.003506,0x36
21.725,MODE_ID_2,-12493,-12000,-13006,0.001297,-0.000070,-0.001238,-0.000011,0x36
21.730,MODE_ID_2,-12490,-11996,-12992,0.001813,0.000641,0.001542,0.003996,0x36
21.738,MODE_ID_2,-12489,-12002,-12985,0.002062,-0.000451,0.002893,0.004504,0x36
21.749,MODE_ID_2,-12494,-11991,-12989,0.001034,0.001766,0.002041,0.004841,0x36
21.759,MODE_ID_2,-12491,-12013,-13008,0.001690,-0.002638,-0.001634,-0.002582,0x36
21.788,MODE_ID_2,-12493,-11998,-12988,0.001326,0.000298,0.002370,0.003994,0x36
21.789,MODE_ID_2,-12487,-11990,-12996,0.002567,0.001937,0.000743,0.005247,0x36
21.799,MODE_ID_2,-12491,-12011,-13010,0.001617,-0.002260,-0.002061,-0.002704,0x36
21.809,MODE_ID_2,-12509,-11987,-12998,-0.001819,0.002586,0.000354,0.001121,0x36
21.819,MODE_ID_2,-12509,-11988,-12993,-0.001969,0.002315,0.001340,0.001686,0x36
21.847,MODE_ID_2,-12487,-11997,-12996,0.002508,0.000503,0.000755,0.003766,0x36
21.852,MODE_ID_2,-12491,-11992,-12988,0.001730,0.001496,0.002220,0.005446,0x36
21.859,MODE_ID_2,-12492,-11999,-12995,0.001417,0.000085,0.000805,0.002307,0x36
21.868,MODE_ID_2,-12498,-12009,-12995,0.000343,-0.001862,0.000981,-0.000538,0x36
21.878,MODE_ID_2,-12504,-11999,-13007,-0.000959,0.000010,-0.001451,-0.002400,0x36
21.907,MODE_ID_2,-12497,-12001,-12998,0.000439,-0.000306,0.000391,0.000524,0x36
21.909,MODE_ID_2,-12488,-12005,-12991,0.002332,-0.001062,0.001747,0.003017,0x36
21.919,MODE_ID_2,-12511,-11988,-12997,-0.002374,0.002217,0.000453,0.000296,0x36
21.928,MODE_ID_2,-12493,-12001,-12986,0.001392,-0.000249,0.002626,0.003769,0x36
21.939,MODE_ID_2,-12499,-12007,-13006,0.000075,-0.001491,-0.001286,-0.002702,0x36
21.966,MODE_ID_2,-12512,-11993,-13000,-0.002564,0.001246,-0.000038,-0.001356,0x36
21.971,MODE_ID_2,-12485,-11998,-13011,0.002817,0.000285,-0.002222,0.000880,0x36
21.979,MODE_ID_2,-12508,-12010,-13011,-0.001631,-0.002116,-0.002328,-0.006075,0x36
21.988,MODE_ID_2,-12491,-12000,-12988,0.001778,-0.000178,0.002298,0.003898,0x36
21.999,MODE_ID_2,-12500,-11991,-12998,-0.000059,0.001785,0.000236,0.001962,0x36
22.009,MODE_ID_2,-12508,-11989,-12997,-0.001797,0.002021,0.000452,0.000676,0x36
22.037,MODE_ID_2,-12499,-11992,-13005,0.000157,0.001515,-0.001099,0.000573,0x36
22.039,MODE_ID_2,-12504,-12013,-13013,-0.000932,-0.002757,-0.002797,-0.006486,0x36
22.049,MODE_ID_2,-12503,-11994,-12993,-0.000655,0.001125,0.001205,0.001675,0x36
22.059,MODE_ID_2,-12497,-11987,-13000,0.000596,0.002531,-0.000049,0.003078,0x36
22.068,MODE_ID_2,-12503,-12004,-13000,-0.000606,-0.000970,-0.000194,-0.001770,0x36
22.104,MODE_ID_2,-12510,-12005,-13007,-0.002151,-0.001149,-0.001533,-0.004833,0x36
22.108,MODE_ID_2,-12495,-12002,-13013,0.000890,-0.000468,-0.002744,-0.002322,0x36
22.119,MODE_ID_2,-12487,-12013,-12996,0.002566,-0.002654,0.000767,0.000679,0x36
22.129,MODE_ID_2,-12500,-12004,-13014,-0.000149,-0.000830,-0.002999,-0.003978,0x36
22.166,MODE_ID_2,-12485,-12002,-12988,0.002863,-0.000557,0.002344,0.004650,0x36
22.169,MODE_ID_2,-12491,-12002,-13000,0.001683,-0.000521,-0.000172,0.000990,0x36
22.179,MODE_ID_2,-12509,-11985,-12997,-0.001907,0.002960,0.000559,0.001612,0x36
22.189,MODE_ID_2,-12513,-11998,-13000,-0.002611,0.000387,-0.000158,-0.002382,0x36
22.199,MODE_ID_2,-12507,-11993,-13002,-0.001439,0.001277,-0.000546,-0.000708,0x36
22.225,MODE_ID_2,-12499,-12010,-13014,0.000037,-0.002121,-0.002829,-0.004913,0x36
22.228,MODE_ID_2,-12514,-11986,-13008,-0.002912,0.002626,-0.001782,-0.002068,0x36
22.238,MODE_ID_2,-12490,-11999,-13006,0.001993,0.000042,-0.001201,0.000834,0x36
22.249,MODE_ID_2,-12496,-11998,-13014,0.000615,0.000305,-0.002863,-0.001943,0x36
22.259,MODE_ID_2,-12507,-12012,-12987,-0.001526,-0.002549,0.002549,-0.001526,0x36
22.288,MODE_ID_2,-12495,-11999,-13007,0.000981,0.000148,-0.001581,-0.000452,0x36
22.289,MODE_ID_2,-12506,-11989,-13003,-0.001304,0.002041,-0.000798,-0.000061,0x36
22.299,MODE_ID_2,-12495,-11986,-13006,0.000888,0.002721,-0.001346,0.002263,0x36
22.309,MODE_ID_2,-12513,-12014,-13001,-0.002610,-0.002889,-0.000239,-0.005738,0x36
22.321,MODE_ID_2,-12486,-12002,-13009,0.002761,-0.000463,-0.001964,0.000334,0x36
22.346,MODE_ID_2,-12501,-12002,-13004,-0.000333,-0.000492,-0.000864,-0.001689,0x36
22.348,MODE_ID_2,-12509,-12012,-13010,-0.002000,-0.002517,-0.002034,-0.006551,0x36
22.359,MODE_ID_2,-12511,-12002,-13004,-0.002213,-0.000588,-0.000925,-0.003726,0x36
22.369,MODE_ID_2,-12500,-12005,-13003,-0.000068,-0.001121,-0.000620,-0.001809,0x36
22.379,MODE_ID_2,-12492,-11986,-13010,0.001498,0.002674,-0.002154,0.002018,0x36
22.406,MODE_ID_2,-12509,-12001,-13011,-0.001945,-0.000231,-0.002285,-0.004461,0x36
22.413,MODE_ID_2,-12502,-11987,-12991,-0.000599,0.002540,0.001753,0.003694,0x36
22.420,MODE_ID_2,-12491,-11985,-12998,0.001656,0.002811,0.000360,0.004827,0x36
22.429,MODE_ID_2,-12503,-12002,-12995,-0.000698,-0.000414,0.000877,-0.000235,0x36
22.439,MODE_ID_2,-12496,-12001,-13000,0.000625,-0.000309,-0.000091,0.000225,0x36
22.466,MODE_ID_2,-12514,-12009,-13001,-0.002901,-0.001841,-0.000255,-0.004997,0x36
22.469,MODE_ID_2,-12503,-12013,-13006,-0.000765,-0.002788,-0.001340,-0.004893,0x36
22.479,MODE_ID_2,-12495,-12005,-13005,0.000992,-0.001163,-0.001157,-0.001328,0x36
22.489,MODE_ID_2,-12503,-11986,-12994,-0.000724,0.002657,0.001171,0.003104,0x36
22.499,MODE_ID_2,-12510,-11992,-13004,-0.002015,0.001453,-0.000952,-0.001514,0x36
22.509,MODE_ID_2,-12486,-11990,-13007,0.002795,0.001819,-0.001422,0.003192,0x36
22.543,MODE_ID_2,-12495,-12001,-12993,0.000992,-0.000387,0.001388,0.001993,0x36
22.549,MODE_ID_2,-12501,-11993,-12994,-0.000257,0.001205,0.001008,0.001956,0x36
22.559,MODE_ID_2,-12490,-11991,-12999,0.001947,0.001772,0.000087,0.003806,0x36
22.569,MODE_ID_2,-12496,-11990,-12995,0.000654,0.001945,0.000942,0.003541,0x36
22.596,MODE_ID_2,-12486,-12002,-13000,0.002793,-0.000507,-0.000185,0.002101,0x36
22.599,MODE_ID_2,-12505,-12000,-13002,-0.001083,-0.000028,-0.000568,-0.001679,0x36
22.609,MODE_ID_2,-12503,-12007,-12986,-0.000661,-0.001485,0.002722,0.000576,0x36
22.619,MODE_ID_2,-12486,-12007,-12995,0.002777,-0.001510,0.000950,0.002217,0x36
22.629,MODE_ID_2,-12511,-11999,-12991,-0.002367,0.000060,0.001754,-0.000553,0x36
22.655,MODE_ID_2,-12486,-12001,-13000,0.002636,-0.000335,-0.000145,0.002156,0x36
22.659,MODE_ID_2,-12500,-12010,-13001,-0.000092,-0.002096,-0.000249,-0.002437,0x36
22.669,MODE_ID_2,-12513,-11999,-13011,-0.002760,0.000169,-0.002362,-0.004953,0x36
22.679,MODE_ID_2,-12505,-11992,-13009,-0.001083,0.001453,-0.001866,-0.001496,0x36
22.689,MODE_ID_2,-12513,-12002,-13002,-0.002711,-0.000538,-0.000420,-0.003669,0x36
22.715,MODE_ID_2,-12494,-12013,-13005,0.001114,-0.002798,-0.001078,-0.002762,0x36
22.720,MODE_ID_2,-12501,-12009,-12990,-0.000288,-0.001996,0.001930,-0.000354,0x36
22.729,MODE_ID_2,-12494,-11988,-12987,0.001072,0.002340,0.002589,0.006001,0x36
22.739,MODE_ID_2,-12489,-12009,-13013,0.002059,-0.001837,-0.002718,-0.002496,0x36
22.748,MODE_ID_2,-12500,-12001,-12991,-0.000039,-0.000389,0.001727,0.001299,0x36
22.782,MODE_ID_2,-12485,-12001,-12995,0.002929,-0.000218,0.000892,0.003603,0x36
22.788,MODE_ID_2,-12491,-11988,-13013,0.001796,0.002397,-0.002756,0.001437,0x36
22.799,MODE_ID_2,-12496,-12006,-12997,0.000719,-0.001383,0.000579,-0.000085,0x36
22.809,MODE_ID_2,-12498,-11993,-12997,0.000325,0.001341,0.000549,0.002215,0x36
22.836,MODE_ID_2,-12494,-12008,-13009,0.001196,-0.001769,-0.001997,-0.002570,0x36
22.848,MODE_ID_2,-12488,-11998,-12995,0.002257,0.000375,0.000829,0.003461,0x36
22.855,MODE_ID_2,-12500,-12003,-12993,-0.000111,-0.000776,0.001384,0.000497,0x36
22.858,MODE_ID_2,-12493,-11989,-13008,0.001274,0.002083,-0.001731,0.001626,0x36
22.869,MODE_ID_2,-12512,-12000,-12998,-0.002522,-0.000124,0.000390,-0.002256,0x36
22.901,MODE_ID_2,-12486,-12008,-12998,0.002641,-0.001769,0.000313,0.001185,0x36
22.909,MODE_ID_2,-12489,-12010,-12986,0.002085,-0.002196,0.002756,0.002645,0x36
22.919,MODE_ID_2,-12506,-12012,-13014,-0.001210,-0.002554,-0.002968,-0.006732,0x36
22.929,MODE_ID_2,-12502,-11990,-13005,-0.000565,0.001888,-0.001007,0.000316,0x36
22.938,MODE_ID_2,-12511,-12014,-13002,-0.002246,-0.002874,-0.000437,-0.005557,0x36
22.966,MODE_ID_2,-12493,-12002,-13002,0.001264,-0.000482,-0.000432,0.000350,0x36
22.973,MODE_ID_2,-12488,-12002,-13004,0.002347,-0.000433,-0.000985,0.000929,0x36
22.979,MODE_ID_2,-12488,-12001,-12989,0.002337,-0.000222,0.002191,0.004306,0x36
22.989,MODE_ID_2,-12496,-12014,-12991,0.000698,-0.002896,0.001713,-0.000485,0x36
22.998,MODE_ID_2,-12511,-11998,-12990,-0.002242,0.000264,0.001909,-0.000069,0x36
23.026,MODE_ID_2,-12491,-12002,-12985,0.001789,-0.000598,0.002825,0.004016,0x36
23.032,MODE_ID_2,-12494,-12007,-12990,0.001033,-0.001443,0.001987,0.001577,0x36
23.039,MODE_ID_2,-12514,-11992,-12990,-0.002979,0.001453,0.001947,0.000421,0x36
23.049,MODE_ID_2,-12510,-12001,-13003,-0.002130,-0.000315,-0.000607,-0.003052,0x36
23.059,MODE_ID_2,-12511,-12001,-12996,-0.002218,-0.000326,0.000621,-0.001923,0x36
23.090,MODE_ID_2,-12511,-12014,-13000,-0.002391,-0.002944,-0.000072,-0.005407,0x36
23.099,MODE_ID_2,-12513,-12014,-13014,-0.002784,-0.002902,-0.002958,-0.008644,0x36
23.108,MODE_ID_2,-12502,-11997,-13013,-0.000441,0.000412,-0.002687,-0.002716,0x36
23.118,MODE_ID_2,-12493,-11997,-13005,0.001273,0.000526,-0.001187,0.000612,0x36
23.128,MODE_ID_2,-12508,-12005,-12991,-0.001616,-0.001041,0.001617,-0.001040,0x36
23.155,MODE_ID_2,-12486,-11995,-12996,0.002678,0.000814,0.000749,0.004241,0x36
23.161,MODE_ID_2,-12506,-11992,-12997,-0.001283,0.001461,0.000587,0.000765,0x36
23.169,MODE_ID_2,-12511,-12005,-13012,-0.002227,-0.001084,-0.002594,-0.005905,0x36
23.178,MODE_ID_2,-12500,-11987,-12995,-0.000142,0.002402,0.000817,0.003077,0x36
23.189,MODE_ID_2,-12509,-11987,-13000,-0.001860,0.002542,-0.000116,0.000566,0x36
23.218,MODE_ID_2,-12502,-12007,-13002,-0.000578,-0.001556,-0.000432,-0.002566,0x36
23.218,MODE_ID_2,-12508,-12001,-13007,-0.001638,-0.000291,-0.001509,-0.003438,0x36
23.229,MODE_ID_2,-12492,-12012,-13002,0.001483,-0.002476,-0.000482,-0.001475,0x36
23.239,MODE_ID_2,-12487,-11997,-12989,0.002570,0.000594,0.002032,0.005196,0x36
23.249,MODE_ID_2,-12510,-12007,-13014,-0.002102,-0.001561,-0.002897,-0.006560,0x36
23.277,MODE_ID_2,-12490,-11986,-13002,0.001856,0.002733,-0.000410,0.004179,0x36
23.289,MODE_ID_2,-12512,-11995,-13005,-0.002587,0.000969,-0.001107,-0.002725,0x36
23.295,MODE_ID_2,-12497,-11993,-13002,0.000545,0.001258,-0.000565,0.001238,0x36
23.300,MODE_ID_2,-12485,-12009,-13005,0.002851,-0.001979,-0.001057,-0.000185,0x36
23.309,MODE_ID_2,-12504,-12011,-12998,-0.000822,-0.002344,0.000349,-0.002817,0x36
23.321,MODE_ID_2,-12502,-11988,-12986,-0.000439,0.002289,0.002750,0.004600,0x36
23.345,MODE_ID_2,-12513,-11995,-12988,-0.002722,0.000813,0.002239,0.000330,0x36
23.348,MODE_ID_2,-12511,-12007,-13000,-0.002248,-0.001454,-0.000051,-0.003753,0x36
23.359,MODE_ID_2,-12487,-11990,-12997,0.002452,0.001981,0.000426,0.004859,0x36
23.369,MODE_ID_2,-12490,-11995,-12989,0.001824,0.000960,0.002131,0.004915,0x36
23.378,MODE_ID_2,-12507,-11986,-13000,-0.001526,0.002648,-0.000066,0.001056,0x36
23.411,MODE_ID_2,-12510,-12000,-12998,-0.002014,-0.000141,0.000334,-0.001821,0x36
23.418,MODE_ID_2,-12485,-12014,-12999,0.002815,-0.002868,0.000132,0.000079,0x36
23.429,MODE_ID_2,-12501,-11985,-13001,-0.000228,0.002876,-0.000208,0.002440,0x36
23.439,MODE_ID_2,-12509,-11994,-12989,-0.001972,0.001120,0.002030,0.001178,0x36
23.466,MODE_ID_2,-12485,-11992,-13014,0.002910,0.001538,-0.002939,0.001509,0x36
23.472,MODE_ID_2,-12502,-11997,-13001,-0.000535,0.000447,-0.000230,-0.000318,0x36
23.478,MODE_ID_2,-12510,-12014,-12992,-0.002109,-0.002843,0.001449,-0.003503,0x36
23.488,MODE_ID_2,-12486,-12000,-13004,0.002641,-0.000155,-0.000882,0.001604,0x36
23.499,MODE_ID_2,-12497,-11995,-13008,0.000556,0.000805,-0.001636,-0.000275,0x36
23.528,MODE_ID_2,-12493,-12007,-12987,0.001234,-0.001519,0.002516,0.002231,0x36
23.534,MODE_ID_2,-12508,-12002,-12996,-0.001777,-0.000514,0.000647,-0.001644,0x36
23.539,MODE_ID_2,-12502,-12007,-13009,-0.000439,-0.001489,-0.001973,-0.003901,0x36
23.549,MODE_ID_2,-12503,-12001,-12993,-0.000694,-0.000280,0.001248,0.000274,0x36
23.559,MODE_ID_2,-12499,-11986,-12992,0.000154,0.002725,0.001433,0.004312,0x36
23.569,MODE_ID_2,-12492,-11990,-12992,0.001488,0.001933,0.001544,0.004965,0x36
23.596,MODE_ID_2,-12499,-11987,-12992,0.000055,0.002544,0.001453,0.004052,0x36
23.608,MODE_ID_2,-12486,-11992,-12991,0.002626,0.001552,0.001699,0.005877,0x36
23.613,MODE_ID_2,-12489,-12002,-12998,0.002020,-0.000471,0.000370,0.001919,0x36
23.619,MODE_ID_2,-12500,-11993,-12995,-0.000179,0.001254,0.000937,0.002012,0x36
23.628,MODE_ID_2,-12500,-11994,-13012,-0.000195,0.001188,-0.002588,-0.001595,0x36
23.656,MODE_ID_2,-12502,-12010,-13012,-0.000564,-0.002199,-0.002414,-0.005177,0x36
23.658,MODE_ID_2,-12513,-11998,-12999,-0.002624,0.000204,0.000160,-0.002260,0x36
23.668,MODE_ID_2,-12489,-12008,-13003,0.002003,-0.001633,-0.000609,-0.000239,0x36
23.678,MODE_ID_2,-12505,-12005,-12999,-0.001129,-0.001068,0.000001,-0.002196,0x36
23.689,MODE_ID_2,-12513,-11999,-13004,-0.002610,0.000010,-0.000942,-0.003542,0x36
23.716,MODE_ID_2,-12493,-11996,-13010,0.001288,0.000787,-0.002005,0.000070,0x36
23.728,MODE_ID_2,-12507,-11997,-13006,-0.001471,0.000469,-0.001310,-0.002312,0x36
23.734,MODE_ID_2,-12514,-11989,-13004,-0.002914,0.002014,-0.000864,-0.001764,0x36
23.739,MODE_ID_2,-12498,-11987,-13006,0.000357,0.002403,-0.001355,0.001405,0x36
23.749,MODE_ID_2,-12511,-11986,-12986,-0.002243,0.002647,0.002674,0.003078,0x36
23.759,MODE_ID_2,-12512,-12008,-13002,-0.002426,-0.001778,-0.000597,-0.004801,0x36
23.786,MODE_ID_2,-12510,-12010,-13000,-0.002089,-0.002194,-0.000046,-0.004329,0x36
23.788,MODE_ID_2,-12500,-11993,-13001,-0.000088,0.001254,-0.000259,0.000907,0x36
23.799,MODE_ID_2,-12493,-12006,-13011,0.001284,-0.001225,-0.002203,-0.002144,0x36
23.809,MODE_ID_2,-12494,-11992,-13000,0.001140,0.001572,-0.000037,0.002675,0x36
23.819,MODE_ID_2,-12508,-12004,-12990,-0.001614,-0.000876,0.001946,-0.000544,0x36
23.852,MODE_ID_2,-12501,-12006,-12993,-0.000363,-0.001343,0.001231,-0.000475,0x36
23.858,MODE_ID_2,-12509,-11994,-13008,-0.001805,0.001193,-0.001762,-0.002374,0x36
23.869,MODE_ID_2,-12508,-11997,-12990,-0.001672,0.000420,0.001829,0.000577,0x36
23.879,MODE_ID_2,-12489,-12014,-13013,0.002191,-0.002878,-0.002740,-0.003427,0x36
23.906,MODE_ID_2,-12494,-11991,-13005,0.001115,0.001779,-0.001072,0.001822,0x36
23.908,MODE_ID_2,-12505,-11997,-13010,-0.001114,0.000424,-0.002133,-0.002823,0x36
23.918,MODE_ID_2,-12490,-11985,-12987,0.001834,0.002844,0.002423,0.007101,0x36
23.929,MODE_ID_2,-12509,-12011,-12985,-0.001953,-0.002386,0.002920,-0.001419,0x36
23.939,MODE_ID_2,-12498,-11989,-13014,0.000272,0.002143,-0.002920,-0.000505,0x36
23.968,MODE_ID_2,-12511,-11996,-12991,-0.002356,0.000787,0.001785,0.000216,0x36
23.976,MODE_ID_2,-12490,-11993,-12996,0.001960,0.001350,0.000655,0.003965,0x36
23.978,MODE_ID_2,-12498,-11993,-13006,0.000350,0.001219,-0.001201,0.000368,0x36
23.989,MODE_ID_2,-12489,-11997,-12987,0.002163,0.000437,0.002483,0.005083,0x36
23.999,MODE_ID_2,-12496,-11993,-13013,0.000619,0.001236,-0.002603,-0.000748,0x36
24.011,MODE_ID_2,-12498,-12014,-12992,0.000341,-0.002843,0.001433,-0.001069,0x36
24.035,MODE_ID_2,-12505,-12002,-13000,-0.001030,-0.000420,-0.000080,-0.001530,0x36
24.040,MODE_ID_2,-12510,-11996,-13014,-0.002095,0.000662,-0.002881,-0.004314,0x36
24.049,MODE_ID_2,-12509,-11999,-13012,-0.001886,0.000103,-0.002465,-0.004248,0x36
24.059,MODE_ID_2,-12501,-11996,-13001,-0.000288,0.000682,-0.000395,-0.000001,0x36
24.069,MODE_ID_2,-12508,-11997,-12998,-0.001745,0.000534,0.000208,-0.001003,0x36
24.098,MODE_ID_2,-12510,-11988,-12997,-0.002051,0.002258,0.000427,0.000634,0x36
24.099,MODE_ID_2,-12494,-11996,-12995,0.001196,0.000741,0.000927,0.002864,0x36
24.109,MODE_ID_2,-12495,-11999,-13003,0.000915,0.000144,-0.000654,0.000405,0x36
24.119,MODE_ID_2,-12486,-11995,-12996,0.002666,0.000815,0.000698,0.004179,0x36
24.129,MODE_ID_2,-12499,-11990,-13013,0.000192,0.001927,-0.002681,-0.000562,0x36
24.155,MODE_ID_2,-12500,-11986,-13002,-0.000077,0.002770,-0.000573,0.002120,0x36
24.161,MODE_ID_2,-12490,-12008,-13014,0.001946,-0.001797,-0.002965,-0.002816,0x36
24.168,MODE_ID_2,-12507,-11997,-13002,-0.001452,0.000451,-0.000451,-0.001452,0x36
24.179,MODE_ID_2,-12486,-11994,-13002,0.002674,0.001181,-0.000523,0.003332,0x36
24.189,MODE_ID_2,-12498,-11991,-13005,0.000243,0.001715,-0.001088,0.000870,0x36
24.202,MODE_ID_2,-12502,-11989,-13000,-0.000465,0.002029,-0.000022,0.001542,0x36
24.227,MODE_ID_2,-12501,-11985,-13001,-0.000379,0.002867,-0.000311,0.002177,0x36
24.229,MODE_ID_2,-12513,-11991,-12992,-0.002779,0.001770,0.001425,0.000416,0x36
24.239,MODE_ID_2,-12487,-11992,-13013,0.002587,0.001526,-0.002771,0.001342,0x36
24.249,MODE_ID_2,-12493,-11999,-13011,0.001347,0.000024,-0.002365,-0.000994,0x36
24.262,MODE_ID_2,-12487,-11987,-12997,0.002510,0.002527,0.000456,0.005493,0x36
24.299,MODE_ID_2,-12497,-11987,-13013,0.000592,0.002459,-0.002757,0.000294,0x36
24.309,MODE_ID_2,-12504,-11998,-12993,-0.000828,0.000392,0.001214,0.000778,0x36
24.319,MODE_ID_2,-12509,-11989,-13004,-0.001854,0.002163,-0.000911,-0.000602,0x36
24.347,MODE_ID_2,-12508,-11991,-13007,-0.001792,0.001795,-0.001427,-0.001424,0x36
24.349,MODE_ID_2,-12509,-11993,-13009,-0.001955,0.001308,-0.001900,-0.002547,0x36
24.358,MODE_ID_2,-12502,-11999,-13000,-0.000426,0.000088,-0.000119,-0.000457,0x36
24.369,MODE_ID_2,-12497,-11994,-13007,0.000594,0.001058,-0.001405,0.000247,0x36
24.379,MODE_ID_2,-12506,-12000,-13010,-0.001322,-0.000048,-0.002159,-0.003529,0x36
24.407,MODE_ID_2,-12510,-12003,-12999,-0.002199,-0.000638,0.000053,-0.002784,0x36
24.409,MODE_ID_2,-12499,-11998,-13000,0.000166,0.000251,-0.000165,0.000252,0x36
24.419,MODE_ID_2,-12509,-11985,-12998,-0.001809,0.002854,0.000232,0.001277,0x36
24.429,MODE_ID_2,-12502,-12005,-12997,-0.000455,-0.001067,0.000442,-0.001080,0x36
24.439,MODE_ID_2,-12499,-12009,-12986,0.000129,-0.001851,0.002759,0.001037,0x36
24.467,MODE_ID_2,-12509,-11987,-12989,-0.001917,0.002457,0.002017,0.002557,0x36
24.468,MODE_ID_2,-12507,-12008,-12994,-0.001582,-0.001794,0.001183,-0.002193,0x36
24.478,MODE_ID_2,-12486,-11999,-12989,0.002756,0.000143,0.002014,0.004913,0x36
24.488,MODE_ID_2,-12502,-11986,-12998,-0.000575,0.002655,0.000309,0.002389,0x36
24.499,MODE_ID_2,-12493,-12008,-13004,0.001252,-0.001628,-0.000927,-0.001303,0x36
24.529,MODE_ID_2,-12493,-11990,-12987,0.001351,0.001981,0.002565,0.005897,0x36
24.536,MODE_ID_2,-12496,-11991,-13011,0.000750,0.001779,-0.002225,0.000304,0x36
24.539,MODE_ID_2,-12485,-11990,-13008,0.002946,0.001840,-0.001610,0.003176,0x36
24.549,MODE_ID_2,-12511,-11987,-13007,-0.002232,0.002527,-0.001502,-0.001207,0x36
24.559,MODE_ID_2,-12497,-11989,-13012,0.000588,0.002106,-0.002438,0.000256,0x36
24.569,MODE_ID_2,-12504,-12002,-13003,-0.000909,-0.000456,-0.000743,-0.002108,0x36
24.597,MODE_ID_2,-12501,-12003,-13005,-0.000247,-0.000638,-0.001097,-0.001982,0x36
24.605,MODE_ID_2,-12501,-11994,-12987,-0.000347,0.001103,0.002510,0.003266,0x36
24.609,MODE_ID_2,-12511,-12007,-12998,-0.002353,-0.001435,0.000297,-0.003491,0x36
24.619,MODE_ID_2,-12512,-11992,-13002,-0.002427,0.001493,-0.000534,-0.001468,0x36
24.629,MODE_ID_2,-12503,-12001,-13010,-0.000760,-0.000343,-0.002002,-0.003105,0x36
24.654,MODE_ID_2,-12492,-11997,-12985,0.001402,0.000480,0.002880,0.004762,0x36
24.659,MODE_ID_2,-12511,-11985,-12989,-0.002384,0.002962,0.002086,0.002664,0x36
24.669,MODE_ID_2,-12485,-11996,-13006,0.002800,0.000623,-0.001339,0.002084,0x36
24.678,MODE_ID_2,-12510,-11995,-12989,-0.002123,0.000805,0.002098,0.000780,0x36
24.689,MODE_ID_2,-12511,-11993,-13012,-0.002363,0.001221,-0.002556,-0.003698,0x36
24.719,MODE_ID_2,-12491,-11990,-13004,0.001780,0.001840,-0.000916,0.002704,0x36
24.729,MODE_ID_2,-12490,-11989,-12994,0.001885,0.002056,0.001053,0.004994,0x36
24.738,MODE_ID_2,-12498,-12012,-13000,0.000302,-0.002420,-0.000015,-0.002133,0x36
24.749,MODE_ID_2,-12499,-11986,-13001,0.000006,0.002755,-0.000219,0.002542,0x36
24.778,MODE_ID_2,-12500,-12011,-13003,-0.000151,-0.002210,-0.000642,-0.003003,0x36
24.784,MODE_ID_2,-12496,-11997,-13009,0.000659,0.000553,-0.001978,-0.000766,0x36
24.789,MODE_ID_2,-12504,-11985,-13014,-0.000977,0.002939,-0.002848,-0.000886,0x36
24.799,MODE_ID_2,-12485,-12000,-13008,0.002813,-0.000105,-0.001661,0.001047,0x36
24.809,MODE_ID_2,-12499,-12012,-13007,0.000114,-0.002542,-0.001499,-0.003927,0x36
24.819,MODE_ID_2,-12489,-11989,-12992,0.002058,0.002028,0.001423,0.005509,0x36
24.861,MODE_ID_2,-12506,-11994,-13010,-0.001273,0.001121,-0.002043,-0.002195,0x36
24.869,MODE_ID_2,-12505,-12002,-13006,-0.001015,-0.000588,-0.001305,-0.002908,0x36
24.879,MODE_ID_2,-12497,-12012,-13005,0.000540,-0.002441,-0.001113,-0.003014,0x36
24.904,MODE_ID_2,-12490,-11989,-12995,0.001813,0.002100,0.000905,0.004818,0x36
24.908,MODE_ID_2,-12501,-12006,-13004,-0.000259,-0.001242,-0.000962,-0.002463,0x36
24.919,MODE_ID_2,-12508,-11993,-12991,-0.001697,0.001311,0.001702,0.001316,0x36
24.928,MODE_ID_2,-12498,-12010,-12988,0.000236,-0.002191,0.002254,0.000299,0x36
24.939,MODE_ID_2,-12512,-11994,-13005,-0.002467,0.001093,-0.001007,-0.002381,0x36
24.966,MODE_ID_2,-12513,-11993,-12993,-0.002710,0.001259,0.001295,-0.000156,0x36
24.969,MODE_ID_2,-12499,-12003,-13004,0.000019,-0.000779,-0.000845,-0.001605,0x36
24.979,MODE_ID_2,-12512,-12011,-12996,-0.002430,-0.002269,0.000674,-0.004025,0x36
24.988,MODE_ID_2,-12485,-11990,-12987,0.002939,0.001855,0.002578,0.007372,0x36
24.999,MODE_ID_2,-12496,-12001,-13003,0.000618,-0.000289,-0.000670,-0.000341,0x36
25.009,MODE_ID_2,-12507,-12008,-13006,-0.001483,-0.001752,-0.001285,-0.004520,0x36
25.039,MODE_ID_2,-12490,-11989,-12998,0.001821,0.002024,0.000294,0.004139,0x36
25.048,MODE_ID_2,-12514,-11995,-12991,-0.002883,0.000968,0.001695,-0.000220,0x36
25.059,MODE_ID_2,-12508,-12003,-13003,-0.001671,-0.000611,-0.000691,-0.002973,0x36
25.069,MODE_ID_2,-12499,-11997,-13004,0.000091,0.000405,-0.000954,-0.000458,0x36
25.096,MODE_ID_2,-12506,-12005,-12997,-0.001371,-0.001148,0.000548,-0.001971,0x36
25.099,MODE_ID_2,-12501,-12007,-13011,-0.000275,-0.001480,-0.002288,-0.004043,0x36
25.109,MODE_ID_2,-12486,-11995,-13014,0.002622,0.000968,-0.002996,0.000594,0x36
25.119,MODE_ID_2,-12505,-11992,-12989,-0.001131,0.001420,0.002093,0.002382,0x36
25.129,MODE_ID_2,-12493,-11995,-12987,0.001314,0.000956,0.002596,0.004866,0x36
25.154,MODE_ID_2,-12507,-12013,-13014,-0.001507,-0.002613,-0.002844,-0.006964,0x36
25.160,MODE_ID_2,-12489,-12013,-12998,0.002041,-0.002628,0.000337,-0.000250,0x36
25.168,MODE_ID_2,-12512,-11992,-12996,-0.002587,0.001531,0.000689,-0.000367,0x36
25.179,MODE_ID_2,-12485,-11996,-13012,0.002854,0.000705,-0.002570,0.000989,0x36
25.188,MODE_ID_2,-12511,-12013,-12991,-0.002224,-0.002646,0.001605,-0.003265,0x36
25.219,MODE_ID_2,-12485,-11995,-12995,0.002836,0.000985,0.000886,0.004707,0x36
25.229,MODE_ID_2,-12490,-12006,-12993,0.001914,-0.001283,0.001369,0.002000,0x36
25.239,MODE_ID_2,-12514,-12014,-12997,-0.002951,-0.002930,0.000516,-0.005365,0x36
25.249,MODE_ID_2,-12513,-12012,-13006,-0.002771,-0.002519,-0.001323,-0.006613,0x36
25.258,MODE_ID_2,-12490,-12013,-12985,0.001961,-0.002688,0.002870,0.002143,0x36
25.291,MODE_ID_2,-12496,-11992,-12988,0.000709,0.001585,0.002256,0.004550,0x36
25.298,MODE_ID_2,-12499,-11990,-13010,0.000160,0.001876,-0.002144,-0.000108,0x36
25.309,MODE_ID_2,-12486,-12009,-13001,0.002788,-0.001849,-0.000234,0.000705,0x36
25.319,MODE_ID_2,-12497,-12007,-12997,0.000546,-0.001555,0.000597,-0.000412,0x36
25.346,MODE_ID_2,-12489,-11999,-13001,0.002111,0.000166,-0.000288,0.001989,0x36
25.349,MODE_ID_2,-12502,-12006,-13007,-0.000525,-0.001327,-0.001461,-0.003313,0x36
25.358,MODE_ID_2,-12494,-11992,-13001,0.001111,0.001595,-0.000324,0.002382,0x36
25.369,MODE_ID_2,-12488,-11989,-12992,0.002358,0.002176,0.001418,0.005952,0x36
25.379,MODE_ID_2,-12501,-11985,-12992,-0.000249,0.002961,0.001584,0.004296,0x36
25.405,MODE_ID_2,-12495,-12011,-12997,0.000900,-0.002333,0.000519,-0.000914,0x36
25.408,MODE_ID_2,-12502,-12008,-13005,-0.000408,-0.001762,-0.001027,-0.003197,0x36
25.418,MODE_ID_2,-12485,-12003,-12997,0.002832,-0.000675,0.000402,0.002559,0x36
25.429,MODE_ID_2,-12505,-11992,-12989,-0.001053,0.001410,0.002054,0.002411,0x36
25.439,MODE_ID_2,-12512,-12004,-12996,-0.002596,-0.000820,0.000781,-0.002635,0x36
25.466,MODE_ID_2,-12501,-11997,-12985,-0.000288,0.000430,0.002841,0.002983,0x36
25.468,MODE_ID_2,-12500,-11985,-13006,-0.000170,0.002848,-0.001206,0.001472,0x36
25.478,MODE_ID_2,-12501,-12006,-12998,-0.000200,-0.001248,0.000362,-0.001086,0x36
25.488,MODE_ID_2,-12512,-11994,-12990,-0.002567,0.001057,0.001817,0.000307,0x36
25.499,MODE_ID_2,-12494,-11990,-12994,0.001124,0.001975,0.001061,0.004160,0x36
25.508,MODE_ID_2,-12509,-12007,-12993,-0.001947,-0.001428,0.001276,-0.002099,0x36
25.535,MODE_ID_2,-12500,-11996,-12985,-0.000039,0.000634,0.002954,0.003549,0x36
25.538,MODE_ID_2,-12513,-11990,-13003,-0.002749,0.001814,-0.000631,-0.001566,0x36
25.549,MODE_ID_2,-12495,-11988,-12995,0.000993,0.002394,0.000810,0.004197,0x36
25.559,MODE_ID_2,-12496,-12006,-12989,0.000713,-0.001394,0.002022,0.001341,0x36
25.569,MODE_ID_2,-12488,-11997,-13012,0.002235,0.000472,-0.002420,0.000287,0x36
25.601,MODE_ID_2,-12501,-12011,-12991,-0.000383,-0.002226,0.001795,-0.000814,0x36
25.609,MODE_ID_2,-12497,-12004,-12992,0.000573,-0.000827,0.001564,0.001310,0x36
25.619,MODE_ID_2,-12511,-11992,-13002,-0.002314,0.001488,-0.000571,-0.001397,0x36
25.628,MODE_ID_2,-12507,-12008,-13009,-0.001518,-0.001743,-0.001815,-0.005076,0x36
25.655,MODE_ID_2,-12497,-11985,-13006,0.000557,0.002820,-0.001327,0.002050,0x36
25.658,MODE_ID_2,-12496,-12003,-12997,0.000719,-0.000619,0.000445,0.000545,0x36
25.669,MODE_ID_2,-12494,-12005,-13003,0.001118,-0.001075,-0.000746,-0.000703,0x36
25.679,MODE_ID_2,-12513,-11989,-12998,-0.002778,0.002172,0.000310,-0.000296,0x36
25.689,MODE_ID_2,-12499,-12007,-13000,0.000079,-0.001478,-0.000066,-0.001465,0x36
25.703,MODE_ID_2,-12485,-12000,-12986,0.002820,-0.000125,0.002790,0.005485,0x36
25.740,MODE_ID_2,-12489,-12002,-13012,0.002017,-0.000510,-0.002599,-0.001092,0x36
25.749,MODE_ID_2,-12493,-11993,-13013,0.001327,0.001321,-0.002692,-0.000044,0x36
25.759,MODE_ID_2,-12499,-11989,-13001,0.000096,0.002125,-0.000261,0.001960,0x36
25.785,MODE_ID_2,-12492,-11994,-12999,0.001441,0.001025,0.000162,0.002628,0x36
25.788,MODE_ID_2,-12489,-12010,-12986,0.002031,-0.002107,0.002787,0.002711,0x36
25.798,MODE_ID_2,-12494,-12006,-13010,0.001157,-0.001358,-0.002179,-0.002380,0x36
25.809,MODE_ID_2,-12503,-12003,-13013,-0.000709,-0.000602,-0.002603,-0.003914,0x36
25.818,MODE_ID_2,-12506,-12003,-12990,-0.001316,-0.000775,0.001934,-0.000157,0x36
25.844,MODE_ID_2,-12502,-12008,-12991,-0.000441,-0.001687,0.001707,-0.000421,0x36
25.848,MODE_ID_2,-12509,-11998,-13000,-0.001927,0.000241,-0.000058,-0.001744,0x36
25.863,MODE_ID_2,-12505,-12006,-12996,-0.001183,-0.001352,0.000627,-0.001908,0x36
25.868,MODE_ID_2,-12504,-12006,-13000,-0.000903,-0.001322,-0.000003,-0.002228,0x36
25.879,MODE_ID_2,-12492,-11985,-13001,0.001596,0.002999,-0.000265,0.004330,0x36
25.910,MODE_ID_2,-12509,-12009,-12992,-0.001966,-0.001907,0.001594,-0.002279,0x36
25.919,MODE_ID_2,-12486,-11990,-13002,0.002732,0.001884,-0.000503,0.004113,0x36
25.929,MODE_ID_2,-12506,-12012,-12986,-0.001257,-0.002461,0.002747,-0.000971,0x36
25.939,MODE_ID_2,-12487,-11992,-12994,0.002466,0.001497,0.001081,0.005044,0x36
25.964,MODE_ID_2,-12503,-12010,-12998,-0.000771,-0.002193,0.000256,-0.002708,0x36
25.968,MODE_ID_2,-12506,-11996,-12988,-0.001294,0.000702,0.002238,0.001646,0x36
25.979,MODE_ID_2,-12488,-11989,-12993,0.002371,0.002002,0.001397,0.005770,0x36
25.989,MODE_ID_2,-12509,-12000,-12998,-0.001836,-0.000069,0.000397,-0.001508,0x36
25.999,MODE_ID_2,-12492,-11996,-12999,0.001596,0.000736,0.000189,0.002521,0x36
26.009,MODE_ID_2,-12496,-11989,-12997,0.000753,0.002154,0.000543,0.003450,0x36
26.035,MODE_ID_2,-12496,-11997,-12999,0.000746,0.000462,0.000067,0.001275,0x36
26.041,MODE_ID_2,-12485,-11990,-12995,0.002855,0.001995,0.000898,0.005748,0x36
26.049,MODE_ID_2,-12497,-12002,-13008,0.000527,-0.000583,-0.001702,-0.001758,0x36
26.058,MODE_ID_2,-12504,-11987,-13002,-0.000842,0.002588,-0.000590,0.001156,0x36
26.069,MODE_ID_2,-12507,-11993,-13000,-0.001461,0.001321,-0.000158,-0.000298,0x36
26.097,MODE_ID_2,-12499,-12010,-12991,0.000009,-0.002078,0.001615,-0.000454,0x36
26.099,MODE_ID_2,-12498,-11985,-13011,0.000313,0.002894,-0.002291,0.000916,0x36
26.109,MODE_ID_2,-12514,-12011,-13009,-0.002845,-0.002316,-0.001982,-0.007143,0x36
26.119,MODE_ID_2,-12499,-12000,-13014,0.000137,-0.000095,-0.002898,-0.002856,0x36
26.129,MODE_ID_2,-12488,-12010,-13003,0.002303,-0.002112,-0.000798,-0.000607,0x36
26.158,MODE_ID_2,-12491,-12009,-13001,0.001659,-0.001969,-0.000359,-0.000669,0x36
26.163,MODE_ID_2,-12501,-12014,-13007,-0.000370,-0.002803,-0.001414,-0.004587,0x36
26.168,MODE_ID_2,-12487,-12005,-12991,0.002592,-0.001016,0.001705,0.003281,0x36
26.179,MODE_ID_2,-12503,-12002,-12997,-0.000612,-0.000490,0.000422,-0.000680,0x36
26.189,MODE_ID_2,-12501,-12012,-13007,-0.000279,-0.002498,-0.001574,-0.004351,0x36
26.198,MODE_ID_2,-12509,-12008,-13009,-0.001915,-0.001724,-0.001945,-0.005584,0x36
26.224,MODE_ID_2,-12511,-11997,-12996,-0.002260,0.000483,0.000737,-0.001040,0x36
26.229,MODE_ID_2,-12514,-11999,-12997,-0.002905,0.000118,0.000441,-0.002346,0x36
26.239,MODE_ID_2,-12505,-11985,-12991,-0.001025,0.002861,0.001676,0.003512,0x36
26.249,MODE_ID_2,-12496,-12012,-13013,0.000616,-0.002438,-0.002754,-0.004576,0x36
26.259,MODE_ID_2,-12491,-11985,-13001,0.001649,0.002838,-0.000302,0.004185,0x36
26.290,MODE_ID_2,-12502,-12009,-13004,-0.000549,-0.001910,-0.000972,-0.003431,0x36
26.299,MODE_ID_2,-12490,-11986,-13013,0.001817,0.002776,-0.002681,0.001912,0x36
26.308,MODE_ID_2,-12510,-11994,-12997,-0.002169,0.001194,0.000447,-0.000528,0x36
26.319,MODE_ID_2,-12496,-11985,-12996,0.000738,0.002841,0.000756,0.004335,0x36
26.346,MODE_ID_2,-12500,-11986,-13007,-0.000067,0.002763,-0.001409,0.001287,0x36
26.349,MODE_ID_2,-12494,-12013,-13000,0.001180,-0.002670,-0.000021,-0.001511,0x36
26.359,MODE_ID_2,-12489,-11997,-12990,0.002091,0.000543,0.001836,0.004470,0x36
26.369,MODE_ID_2,-12490,-11994,-13002,0.001835,0.001196,-0.000406,0.002625,0x36
26.379,MODE_ID_2,-12486,-11993,-12990,0.002679,0.001304,0.001992,0.005975,0x36
26.405,MODE_ID_2,-12499,-11985,-13005,0.000001,0.002963,-0.001170,0.001794,0x36
26.408,MODE_ID_2,-12496,-12012,-13011,0.000675,-0.002446,-0.002214,-0.003985,0x36
26.419,MODE_ID_2,-12512,-12001,-13005,-0.002583,-0.000317,-0.001168,-0.004068,0x36
26.429,MODE_ID_2,-12498,-11991,-13012,0.000301,0.001665,-0.002586,-0.000620,0x36
26.439,MODE_ID_2,-12499,-11990,-12991,0.000145,0.001905,0.001690,0.003740,0x36
26.467,MODE_ID_2,-12503,-12002,-12994,-0.000756,-0.000551,0.001183,-0.000124,0x36
26.474,MODE_ID_2,-12506,-11993,-13011,-0.001287,0.001266,-0.002271,-0.002292,0x36
26.479,MODE_ID_2,-12493,-12013,-12997,0.001396,-0.002694,0.000403,-0.000895,0x36
26.489,MODE_ID_2,-12487,-12007,-12996,0.002533,-0.001527,0.000710,0.001716,0x36
26.499,MODE_ID_2,-12509,-11999,-13006,-0.001870,0.000023,-0.001387,-0.003234,0x36
26.509,MODE_ID_2,-12507,-12000,-12994,-0.001589,-0.000041,0.001071,-0.000559,0x36
26.534,MODE_ID_2,-12503,-11997,-13000,-0.000786,0.000496,-0.000199,-0.000489,0x36
26.538,MODE_ID_2,-12503,-11999,-13008,-0.000724,0.000130,-0.001637,-0.002231,0x36
26.548,MODE_ID_2,-12493,-11997,-13002,0.001291,0.000430,-0.000498,0.001223,0x36
26.559,MODE_ID_2,-12498,-12008,-13012,0.000400,-0.001627,-0.002431,-0.003658,0x36
26.569,MODE_ID_2,-12491,-11989,-12998,0.001719,0.002085,0.000216,0.004020,0x36
26.603,MODE_ID_2,-12512,-12010,-12993,-0.002535,-0.002046,0.001339,-0.003242,0x36
26.609,MODE_ID_2,-12511,-11988,-12991,-0.002254,0.002399,0.001782,0.001927,0x36
26.619,MODE_ID_2,-12494,-12004,-13006,0.001016,-0.000979,-0.001290,-0.001253,0x36
26.629,MODE_ID_2,-12513,-12011,-12991,-0.002737,-0.002313,0.001676,-0.003374,0x36
26.658,MODE_ID_2,-12487,-12002,-13005,0.002435,-0.000554,-0.001079,0.000802,0x36
26.659,MODE_ID_2,-12485,-12004,-12988,0.002990,-0.000814,0.002224,0.004400,0x36
26.669,MODE_ID_2,-12494,-11998,-12990,0.001024,0.000326,0.001935,0.003285,0x36
26.679,MODE_ID_2,-12496,-11998,-12993,0.000769,0.000367,0.001250,0.002386,0x36
26.689,MODE_ID_2,-12503,-12004,-12989,-0.000685,-0.000807,0.002076,0.000584,0x36
26.699,MODE_ID_2,-12509,-12004,-13008,-0.001986,-0.000894,-0.001750,-0.004630,0x36
26.729,MODE_ID_2,-12486,-12009,-13007,0.002675,-0.001973,-0.001566,-0.000864,0x36
26.739,MODE_ID_2,-12508,-12014,-13012,-0.001757,-0.002841,-0.002477,-0.007075,0x36
26.748,MODE_ID_2,-12508,-11985,-13001,-0.001709,0.002904,-0.000239,0.000956,0x36
26.758,MODE_ID_2,-12487,-11990,-12992,0.002465,0.001889,0.001435,0.005789,0x36
26.784,MODE_ID_2,-12495,-12007,-12991,0.000827,-0.001429,0.001649,0.001047,0x36
26.791,MODE_ID_2,-12502,-12010,-12999,-0.000523,-0.002008,0.000150,-0.002381,0x36
26.799,MODE_ID_2,-12489,-11994,-13010,0.002097,0.001116,-0.002157,0.001056,0x36
26.809,MODE_ID_2,-12502,-12010,-12990,-0.000497,-0.002122,0.001872,-0.000747,0x36
26.819,MODE_ID_2,-12491,-11986,-13007,0.001681,0.002636,-0.001527,0.002790,0x36
26.845,MODE_ID_2,-12493,-11988,-12994,0.001271,0.002379,0.001162,0.004812,0x36
26.848,MODE_ID_2,-12512,-11988,-12991,-0.002496,0.002272,0.001734,0.001510,0x36
26.859,MODE_ID_2,-12514,-11991,-12994,-0.002902,0.001661,0.001197,-0.000044,0x36
26.869,MODE_ID_2,-12486,-11999,-13011,0.002779,0.000126,-0.002232,0.000673,0x36
26.879,MODE_ID_2,-12502,-11985,-12995,-0.000585,0.002829,0.000837,0.003081,0x36
26.911,MODE_ID_2,-12495,-12013,-13011,0.000905,-0.002614,-0.002395,-0.004104,0x36
26.919,MODE_ID_2,-12511,-11996,-13013,-0.002304,0.000779,-0.002628,-0.004153,0x36
26.929,MODE_ID_2,-12505,-11994,-12993,-0.001114,0.001004,0.001315,0.001205,0x36
26.939,MODE_ID_2,-12485,-12009,-13006,0.002888,-0.001856,-0.001393,-0.000361,0x36
26.965,MODE_ID_2,-12512,-12008,-12992,-0.002581,-0.001621,0.001477,-0.002725,0x36
26.968,MODE_ID_2,-12485,-12008,-13012,0.002983,-0.001612,-0.002422,-0.001051,0x36
26.979,MODE_ID_2,-12501,-11998,-13005,-0.000265,0.000394,-0.001113,-0.000984,0x36
26.989,MODE_ID_2,-12497,-12001,-13001,0.000469,-0.000255,-0.000326,-0.000112,0x36
26.999,MODE_ID_2,-12506,-12006,-12993,-0.001323,-0.001296,0.001279,-0.001340,0x36
27.009,MODE_ID_2,-12508,-12002,-13006,-0.001632,-0.000486,-0.001346,-0.003464,0x36
27.036,MODE_ID_2,-12506,-11997,-13008,-0.001334,0.000548,-0.001701,-0.002487,0x36
27.041,MODE_ID_2,-12504,-11998,-13006,-0.000983,0.000290,-0.001238,-0.001931,0x36
27.048,MODE_ID_2,-12506,-11998,-13004,-0.001379,0.000256,-0.000973,-0.002096,0x36
27.059,MODE_ID_2,-12502,-11995,-12986,-0.000483,0.000803,0.002764,0.003084,0x36
27.069,MODE_ID_2,-12508,-11994,-12986,-0.001615,0.001136,0.002763,0.002284,0x36
27.096,MODE_ID_2,-12489,-11995,-13001,0.002169,0.000937,-0.000294,0.002812,0x36
27.099,MODE_ID_2,-12493,-12011,-12990,0.001316,-0.002260,0.001944,0.001000,0x36
27.109,MODE_ID_2,-12506,-12004,-13003,-0.001321,-0.000820,-0.000683,-0.002824,0x36
27.119,MODE_ID_2,-12502,-11990,-12991,-0.000475,0.001855,0.001643,0.003023,0x36
27.129,MODE_ID_2,-12508,-11999,-13005,-0.001682,0.000016,-0.001089,-0.002755,0x36
27.155,MODE_ID_2,-12503,-11998,-12993,-0.000668,0.000330,0.001307,0.000969,0x36
27.161,MODE_ID_2,-12507,-11997,-13008,-0.001476,0.000426,-0.001736,-0.002786,0x36
27.169,MODE_ID_2,-12487,-12004,-12996,0.002407,-0.000942,0.000601,0.002066,0x36
27.179,MODE_ID_2,-12509,-11995,-12989,-0.001943,0.000917,0.002143,0.001117,0x36
27.189,MODE_ID_2,-12510,-12000,-13007,-0.002047,-0.000052,-0.001526,-0.003625,0x36
27.223,MODE_ID_2,-12488,-11997,-12992,0.002299,0.000588,0.001428,0.004315,0x36
27.228,MODE_ID_2,-12487,-12005,-13007,0.002462,-0.001137,-0.001466,-0.000141,0x36
27.239,MODE_ID_2,-12497,-12001,-12988,0.000551,-0.000324,0.002371,0.002598,0x36
27.248,MODE_ID_2,-12488,-11995,-13014,0.002344,0.000976,-0.002972,0.000348,0x36
27.279,MODE_ID_2,-12497,-12007,-13004,0.000521,-0.001517,-0.000974,-0.001970,0x36
27.279,MODE_ID_2,-12512,-11985,-12996,-0.002449,0.002877,0.000738,0.001166,0x36
27.288,MODE_ID_2,-12511,-12004,-12985,-0.002306,-0.000977,0.002865,-0.000418,0x36
27.299,MODE_ID_2,-12513,-12014,-12985,-0.002624,-0.002989,0.002847,-0.002766,0x36
27.308,MODE_ID_2,-12495,-12012,-12990,0.000872,-0.002590,0.001804,0.000086,0x36
27.319,MODE_ID_2,-12507,-12013,-12998,-0.001519,-0.002708,0.000372,-0.003855,0x36
27.345,MODE_ID_2,-12506,-12004,-12993,-0.001331,-0.000913,0.001394,-0.000850,0x36
27.349,MODE_ID_2,-12501,-11996,-13011,-0.000307,0.000700,-0.002245,-0.001852,0x36
27.359,MODE_ID_2,-12514,-11989,-13012,-0.002851,0.002025,-0.002527,-0.003353,0x36
27.369,MODE_ID_2,-12493,-12006,-13011,0.001213,-0.001228,-0.002272,-0.002287,0x36
27.379,MODE_ID_2,-12503,-12013,-13006,-0.000765,-0.002651,-0.001229,-0.004645,0x36
27.411,MODE_ID_2,-12489,-11997,-13006,0.002101,0.000553,-0.001271,0.001383,0x36
27.418,MODE_ID_2,-12514,-11997,-13003,-0.002945,0.000564,-0.000722,-0.003103,0x36
27.429,MODE_ID_2,-12506,-11992,-13000,-0.001328,0.001405,-0.000138,-0.000061,0x36
27.439,MODE_ID_2,-12505,-12012,-12998,-0.001132,-0.002482,0.000349,-0.003265,0x36
27.448,MODE_ID_2,-12510,-11997,-12997,-0.002026,0.000438,0.000569,-0.001019,0x36
27.476,MODE_ID_2,-12491,-12002,-12988,0.001770,-0.000516,0.002297,0.003551,0x36
27.478,MODE_ID_2,-12503,-11995,-12996,-0.000735,0.000847,0.000769,0.000881,0x36
27.489,MODE_ID_2,-12494,-11985,-12987,0.001058,0.002895,0.002516,0.006469,0x36
27.499,MODE_ID_2,-12514,-11995,-12997,-0.002857,0.000919,0.000547,-0.001391,0x36
27.508,MODE_ID_2,-12493,-11998,-12986,0.001236,0.000291,0.002610,0.004137,0x36
27.535,MODE_ID_2,-12510,-11992,-13012,-0.002097,0.001409,-0.002567,-0.003255,0x36
27.539,MODE_ID_2,-12505,-11999,-13008,-0.001090,0.000083,-0.001754,-0.002761,0x36
27.549,MODE_ID_2,-12498,-11997,-12985,0.000209,0.000427,0.002870,0.003506,0x36
27.558,MODE_ID_2,-12509,-12000,-12997,-0.001914,-0.000107,0.000423,-0.001598,0x36
27.569,MODE_ID_2,-12488,-12008,-13011,0.002212,-0.001786,-0.002253,-0.001827,0x36
27.595,MODE_ID_2,-12502,-11991,-12994,-0.000537,0.001602,0.001167,0.002232,0x36
27.601,MODE_ID_2,-12504,-11993,-12999,-0.000929,0.001239,0.000146,0.000456,0x36
27.609,MODE_ID_2,-12511,-11986,-12989,-0.002261,0.002789,0.002152,0.002680,0x36
27.619,MODE_ID_2,-12512,-12013,-13001,-0.002491,-0.002760,-0.000269,-0.005520,0x36
27.629,MODE_ID_2,-12490,-11998,-12999,0.001922,0.000228,0.000044,0.002194,0x36
27.657,MODE_ID_2,-12487,-11993,-12996,0.002418,0.001400,0.000610,0.004428,0x36
27.659,MODE_ID_2,-12498,-11987,-12998,0.000357,0.002467,0.000369,0.003193,0x36
27.669,MODE_ID_2,-12501,-12002,-12985,-0.000395,-0.000427,0.002954,0.002132,0x36
27.679,MODE_ID_2,-12504,-11990,-12990,-0.000878,0.001864,0.001803,0.002789,0x36
27.689,MODE_ID_2,-12511,-12002,-13006,-0.002334,-0.000417,-0.001270,-0.004021,0x36
27.717,MODE_ID_2,-12487,-11988,-13000,0.002422,0.002347,-0.000130,0.004639,0x36
27.725,MODE_ID_2,-12493,-12003,-12997,0.001210,-0.000761,0.000443,0.000892,0x36
27.729,MODE_ID_2,-12503,-11987,-13008,-0.000663,0.002481,-0.001659,0.000159,0x36
27.739,MODE_ID_2,-12504,-12001,-13004,-0.000959,-0.000264,-0.000877,-0.002100,0x36
27.749,MODE_ID_2,-12490,-12014,-12998,0.001978,-0.002925,0.000225,-0.000722,0x36
27.759,MODE_ID_2,-12506,-11997,-13010,-0.001322,0.000516,-0.002056,-0.002862,0x36
27.792,MODE_ID_2,-12503,-12010,-12987,-0.000786,-0.002087,0.002529,-0.000344,0x36
27.799,MODE_ID_2,-12503,-11985,-12991,-0.000642,0.002877,0.001690,0.003925,0x36
27.809,MODE_ID_2,-12503,-12000,-12995,-0.000775,-0.000155,0.000911,-0.000019,0x36
27.819,MODE_ID_2,-12514,-12014,-13001,-0.002965,-0.002931,-0.000282,-0.006178,0x36
27.852,MODE_ID_2,-12499,-12012,-13011,0.000036,-0.002430,-0.002338,-0.004732,0x36
27.860,MODE_ID_2,-12489,-11997,-13010,0.002084,0.000483,-0.002120,0.000447,0x36
27.869,MODE_ID_2,-12509,-12005,-13007,-0.001922,-0.001041,-0.001599,-0.004562,0x36
27.878,MODE_ID_2,-12494,-12012,-13006,0.001143,-0.002565,-0.001254,-0.002676,0x36
27.905,MODE_ID_2,-12501,-12009,-13006,-0.000258,-0.001800,-0.001395,-0.003453,0x36
27.908,MODE_ID_2,-12513,-11997,-13004,-0.002705,0.000434,-0.000822,-0.003093,0x36
27.919,MODE_ID_2,-12509,-11987,-12988,-0.001958,0.002466,0.002359,0.002867,0x36
27.929,MODE_ID_2,-12497,-11995,-12991,0.000478,0.000889,0.001613,0.002980,0x36
27.939,MODE_ID_2,-12487,-11998,-12992,0.002415,0.000350,0.001565,0.004330,0x36
27.949,MODE_ID_2,-12485,-12000,-13001,0.002829,-0.000123,-0.000379,0.002327,0x36
27.974,MODE_ID_2,-12490,-11999,-12991,0.001887,0.000062,0.001749,0.003698,0x36
27.978,MODE_ID_2,-12491,-11994,-13004,0.001757,0.001153,-0.000867,0.002043,0x36
27.988,MODE_ID_2,-12492,-11992,-12999,0.001533,0.001564,0.000023,0.003120,0x36
27.998,MODE_ID_2,-12494,-11997,-12998,0.001164,0.000504,0.000371,0.002039,0x36
28.009,MODE_ID_2,-12489,-12013,-12985,0.002018,-0.002613,0.002949,0.002354,0x36
28.033,MODE_ID_2,-12507,-12007,-13013,-0.001531,-0.001467,-0.002763,-0.005761,0x36
28.040,MODE_ID_2,-12508,-11995,-13014,-0.001662,0.001000,-0.002925,-0.003587,0x36
28.049,MODE_ID_2,-12501,-12012,-12993,-0.000256,-0.002572,0.001269,-0.001559,0x36
28.059,MODE_ID_2,-12510,-11993,-13010,-0.002177,0.001260,-0.002183,-0.003100,0x36
28.069,MODE_ID_2,-12487,-12000,-13011,0.002413,-0.000095,-0.002283,0.000035,0x36
28.098,MODE_ID_2,-12487,-12012,-13000,0.002464,-0.002533,-0.000042,-0.000111,0x36
28.100,MODE_ID_2,-12503,-12006,-13006,-0.000694,-0.001304,-0.001247,-0.003245,0x36
28.109,MODE_ID_2,-12491,-12005,-13002,0.001800,-0.001075,-0.000488,0.000237,0x36
28.119,MODE_ID_2,-12500,-12007,-13000,-0.000116,-0.001595,-0.000160,-0.001871,0x36
28.147,MODE_ID_2,-12487,-12002,-12985,0.002540,-0.000420,0.002849,0.004969,0x36
28.160,MODE_ID_2,-12493,-11992,-13014,0.001222,0.001583,-0.002892,-0.000087,0x36
28.169,MODE_ID_2,-12494,-11992,-13007,0.001034,0.001463,-0.001583,0.000914,0x36
28.179,MODE_ID_2,-12495,-11991,-12991,0.000904,0.001774,0.001702,0.004380,0x36
28.189,MODE_ID_2,-12499,-12001,-12987,0.000071,-0.000334,0.002595,0.002332,0x36
28.217,MODE_ID_2,-12500,-12008,-13010,-0.000029,-0.001752,-0.002017,-0.003798,0x36
28.218,MODE_ID_2,-12485,-12012,-13001,0.002810,-0.002557,-0.000361,-0.000108,0x36
28.228,MODE_ID_2,-12510,-11994,-12997,-0.002194,0.001118,0.000409,-0.000667,0x36
28.239,MODE_ID_2,-12489,-11994,-13009,0.002150,0.001197,-0.001817,0.001530,0x36
28.249,MODE_ID_2,-12506,-11993,-12994,-0.001280,0.001324,0.001177,0.001221,0x36
28.276,MODE_ID_2,-12507,-11991,-13002,-0.001475,0.001656,-0.000499,-0.000318,0x36
28.283,MODE_ID_2,-12502,-12014,-12997,-0.000430,-0.002983,0.000443,-0.002970,0x36
28.288,MODE_ID_2,-12509,-12011,-13009,-0.001959,-0.002316,-0.001993,-0.006268,0x36
28.299,MODE_ID_2,-12508,-11990,-12999,-0.001614,0.001889,0.000017,0.000292,0x36
28.309,MODE_ID_2,-12508,-11993,-12988,-0.001615,0.001342,0.002306,0.002033,0x36
28.340,MODE_ID_2,-12492,-11998,-12987,0.001443,0.000377,0.002560,0.004380,0x36
28.349,MODE_ID_2,-12512,-12014,-13002,-0.002420,-0.002816,-0.000577,-0.005813,0x36
28.358,MODE_ID_2,-12489,-12001,-13005,0.002117,-0.000367,-0.001131,0.000619,0x36
28.369,MODE_ID_2,-12494,-11992,-13004,0.001151,0.001419,-0.000963,0.001607,0x36
28.382,MODE_ID_2,-12488,-12012,-12999,0.002211,-0.002471,0.000103,-0.000157,0x36
28.407,MODE_ID_2,-12502,-12001,-12994,-0.000414,-0.000248,0.001004,0.000342,0x36
28.408,MODE_ID_2,-12494,-12002,-12988,0.001021,-0.000543,0.002254,0.002732,0x36
28.418,MODE_ID_2,-12500,-11985,-13000,-0.000092,0.002838,-0.000111,0.002635,0x36
28.429,MODE_ID_2,-12496,-11995,-12998,0.000713,0.000951,0.000263,0.001927,0x36
28.439,MODE_ID_2,-12514,-11990,-13002,-0.002991,0.001825,-0.000458,-0.001624,0x36
28.466,MODE_ID_2,-12504,-11998,-12995,-0.000950,0.000257,0.000829,0.000136,0x36
28.472,MODE_ID_2,-12493,-11986,-12997,0.001303,0.002767,0.000466,0.004536,0x36
28.479,MODE_ID_2,-12504,-11999,-12989,-0.000812,0.000129,0.002049,0.001366,0x36
28.489,MODE_ID_2,-12499,-11990,-12990,0.000043,0.001889,0.001839,0.003771,0x36
28.499,MODE_ID_2,-12509,-11992,-13000,-0.001813,0.001574,-0.000170,-0.000409,0x36
28.524,MODE_ID_2,-12506,-12007,-13004,-0.001231,-0.001505,-0.000856,-0.003592,0x36
28.530,MODE_ID_2,-12514,-12002,-13013,-0.002964,-0.000566,-0.002759,-0.006289,0x36
28.539,MODE_ID_2,-12507,-12004,-12990,-0.001559,-0.000808,0.001929,-0.000438,0x36
28.549,MODE_ID_2,-12498,-12008,-13005,0.000281,-0.001781,-0.001165,-0.002665,0x36
28.559,MODE_ID_2,-12496,-11993,-12988,0.000730,0.001268,0.002289,0.004287,0x36
28.572,MODE_ID_2,-12486,-12004,-13000,0.002643,-0.000953,-0.000049,0.001641,0x36
28.606,MODE_ID_2,-12487,-11987,-12995,0.002546,0.002519,0.000904,0.005969,0x36
28.609,MODE_ID_2,-12492,-11998,-12992,0.001417,0.000398,0.001531,0.003346,0x36
28.619,MODE_ID_2,-12503,-11995,-12997,-0.000739,0.000847,0.000430,0.000538,0x36
28.629,MODE_ID_2,-12496,-12012,-12992,0.000775,-0.002526,0.001591,-0.000160,0x36
28.658,MODE_ID_2,-12491,-12013,-13006,0.001694,-0.002745,-0.001340,-0.002391,0x36
28.659,MODE_ID_2,-12490,-11993,-12993,0.001858,0.001296,0.001314,0.004468,0x36
28.668,MODE_ID_2,-12501,-12006,-12991,-0.000299,-0.001220,0.001671,0.000152,0x36
28.679,MODE_ID_2,-12506,-12011,-12994,-0.001307,-0.002205,0.001037,-0.002475,0x36
28.689,MODE_ID_2,-12495,-12012,-13004,0.000905,-0.002446,-0.000979,-0.002520,0x36
28.714,MODE_ID_2,-12492,-11992,-12991,0.001496,0.001504,0.001616,0.004616,0x36
28.718,MODE_ID_2,-12485,-12011,-12999,0.002872,-0.002390,0.000070,0.000552,0x36
28.729,MODE_ID_2,-12502,-11992,-12996,-0.000424,0.001407,0.000716,0.001699,0x36
28.739,MODE_ID_2,-12490,-12013,-13004,0.001949,-0.002794,-0.000956,-0.001801,0x36
28.749,MODE_ID_2,-12502,-12008,-13012,-0.000449,-0.001769,-0.002521,-0.004739,0x36
28.779,MODE_ID_2,-12512,-12002,-13013,-0.002450,-0.000486,-0.002733,-0.005669,0x36
28.786,MODE_ID_2,-12509,-11991,-13014,-0.001953,0.001709,-0.002868,-0.003112,0x36
28.792,MODE_ID_2,-12491,-11998,-13002,0.001654,0.000251,-0.000600,0.001305,0x36
28.799,MODE_ID_2,-12496,-12006,-12999,0.000695,-0.001312,0.000042,-0.000575,0x36
28.809,MODE_ID_2,-12497,-11990,-12991,0.000464,0.001928,0.001783,0.004175,0x36
28.822,MODE_ID_2,-12496,-11998,-12991,0.000702,0.000345,0.001696,0.002743,0x36
28.847,MODE_ID_2,-12507,-12004,-13004,-0.001462,-0.000944,-0.000932,-0.003338,0x36
28.849,MODE_ID_2,-12502,-12002,-13007,-0.000426,-0.000598,-0.001536,-0.002560,0x36
28.859,MODE_ID_2,-12495,-11988,-12999,0.000886,0.002228,0.000039,0.003153,0x36
28.869,MODE_ID_2,-12509,-11986,-12986,-0.001981,0.002720,0.002703,0.003442,0x36
28.879,MODE_ID_2,-12491,-11986,-12987,0.001611,0.002655,0.002598,0.006864,0x36
28.905,MODE_ID_2,-12494,-11996,-12988,0.001115,0.000624,0.002318,0.004057,0x36
28.912,MODE_ID_2,-12487,-12002,-13006,0.002405,-0.000412,-0.001298,0.000695,0x36
28.919,MODE_ID_2,-12490,-11988,-12988,0.001830,0.002385,0.002314,0.006529,0x36
28.928,MODE_ID_2,-12495,-11987,-13009,0.000993,0.002572,-0.001835,0.001730,0x36
28.939,MODE_ID_2,-12485,-12008,-13014,0.002976,-0.001694,-0.002869,-0.001587,0x36
28.966,MODE_ID_2,-12502,-11991,-13007,-0.000476,0.001711,-0.001554,-0.000319,0x36
28.969,MODE_ID_2,-12514,-12007,-12995,-0.002968,-0.001547,0.000846,-0.003669,0x36
28.979,MODE_ID_2,-12488,-11993,-12998,0.002370,0.001282,0.000238,0.003890,0x36
28.989,MODE_ID_2,-12495,-12007,-12989,0.000905,-0.001429,0.002183,0.001659,0x36
28.999,MODE_ID_2,-12506,-12006,-12986,-0.001394,-0.001275,0.002697,0.000028,0x36
29.011,MODE_ID_2,-12491,-11985,-12991,0.001672,0.002801,0.001714,0.006187,0x36
29.052,MODE_ID_2,-12494,-11996,-12992,0.001040,0.000634,0.001408,0.003082,0x36
29.059,MODE_ID_2,-12489,-11994,-12998,0.002010,0.001106,0.000212,0.003328,0x36
29.073,MODE_ID_2,-12489,-12012,-12991,0.002009,-0.002576,0.001745,0.001178,0x36
29.101,MODE_ID_2,-12507,-12013,-12987,-0.001427,-0.002765,0.002486,-0.001706,0x36
29.109,MODE_ID_2,-12500,-11997,-13009,-0.000041,0.000454,-0.001836,-0.001423,0x36
29.119,MODE_ID_2,-12509,-12006,-13003,-0.001965,-0.001206,-0.000772,-0.003943,0x36
29.129,MODE_ID_2,-12501,-11987,-13012,-0.000340,0.002421,-0.002505,-0.000424,0x36
29.157,MODE_ID_2,-12492,-11998,-12995,0.001460,0.000351,0.000877,0.002688,0x36
29.159,MODE_ID_2,-12499,-12011,-12998,0.000159,-0.002387,0.000216,-0.002012,0x36
29.169,MODE_ID_2,-12485,-11992,-12991,0.002866,0.001483,0.001602,0.005951,0x36
29.179,MODE_ID_2,-12485,-11998,-12986,0.002953,0.000284,0.002752,0.005989,0x36
29.189,MODE_ID_2,-12512,-12002,-12992,-0.002462,-0.000416,0.001544,-0.001334,0x36
29.223,MODE_ID_2,-12497,-11991,-12999,0.000577,0.001767,0.000059,0.002403,0x36
29.230,MODE_ID_2,-12492,-12007,-12987,0.001421,-0.001449,0.002578,0.002550,0x36
29.239,MODE_ID_2,-12506,-12004,-13004,-0.001320,-0.000877,-0.000810,-0.003007,0x36
29.249,MODE_ID_2,-12508,-12010,-13014,-0.001616,-0.002176,-0.002977,-0.006769,0x36
29.259,MODE_ID_2,-12489,-11993,-13012,0.002044,0.001293,-0.002479,0.000858,0x36
29.288,MODE_ID_2,-12496,-12008,-12997,0.000777,-0.001746,0.000445,-0.000524,0x36
29.289,MODE_ID_2,-12504,-12012,-12995,-0.000887,-0.002478,0.000963,-0.002402,0x36
29.299,MODE_ID_2,-12486,-12010,-12992,0.002636,-0.002014,0.001576,0.002198,0x36
29.309,MODE_ID_2,-12488,-11993,-12993,0.002227,0.001333,0.001393,0.004953,0x36
29.319,MODE_ID_2,-12493,-12005,-12998,0.001225,-0.001006,0.000329,0.000548,0x36
29.345,MODE_ID_2,-12511,-11994,-12995,-0.002233,0.001103,0.000959,-0.000171,0x36
29.351,MODE_ID_2,-12492,-11986,-12989,0.001468,0.002797,0.002092,0.006357,0x36
29.359,MODE_ID_2,-12506,-12011,-13014,-0.001246,-0.002377,-0.002954,-0.006577,0x36
29.369,MODE_ID_2,-12507,-11989,-13008,-0.001475,0.002146,-0.001652,-0.000981,0x36
29.379,MODE_ID_2,-12510,-11998,-13003,-0.002174,0.000363,-0.000705,-0.002516,0x36
29.405,MODE_ID_2,-12489,-12000,-13012,0.002143,-0.000141,-0.002570,-0.000568,0x36
29.408,MODE_ID_2,-12510,-11988,-13005,-0.002042,0.002374,-0.001195,-0.000863,0x36
29.418,MODE_ID_2,-12507,-11998,-12985,-0.001477,0.000251,0.002962,0.001736,0x36
29.428,MODE_ID_2,-12491,-11990,-13012,0.001677,0.001931,-0.002539,0.001069,0x36
29.438,MODE_ID_2,-12498,-12008,-13007,0.000329,-0.001680,-0.001563,-0.002914,0x36
29.465,MODE_ID_2,-12485,-12000,-13011,0.002802,-0.000009,-0.002298,0.000495,0x36
29.472,MODE_ID_2,-12493,-11988,-12999,0.001313,0.002343,0.000032,0.003688,0x36
29.479,MODE_ID_2,-12493,-11991,-12987,0.001340,0.001657,0.002539,0.005536,0x36
29.489,MODE_ID_2,-12488,-11986,-13004,0.002399,0.002752,-0.000892,0.004259,0x36
29.499,MODE_ID_2,-12487,-12002,-13007,0.002406,-0.000486,-0.001418,0.000502,0x36
29.509,MODE_ID_2,-12492,-11988,-12988,0.001521,0.002378,0.002225,0.006124,0x36
29.535,MODE_ID_2,-12498,-12000,-13007,0.000374,-0.000163,-0.001402,-0.001191,0x36
29.539,MODE_ID_2,-12496,-11991,-13012,0.000697,0.001754,-0.002427,0.000024,0x36
29.548,MODE_ID_2,-12514,-12012,-13006,-0.002963,-0.002495,-0.001373,-0.006831,0x36
29.558,MODE_ID_2,-12503,-12000,-12986,-0.000672,-0.000048,0.002704,0.001984,0x36
29.569,MODE_ID_2,-12492,-11994,-12996,0.001492,0.001008,0.000717,0.003217,0x36
29.601,MODE_ID_2,-12509,-11986,-13005,-0.001912,0.002601,-0.001103,-0.000414,0x36
29.608,MODE_ID_2,-12485,-11995,-12994,0.002804,0.000832,0.001188,0.004824,0x36
29.619,MODE_ID_2,-12495,-11997,-13007,0.000975,0.000422,-0.001536,-0.000139,0x36
29.629,MODE_ID_2,-12508,-12009,-12994,-0.001756,-0.001831,0.001156,-0.002431,0x36
29.656,MODE_ID_2,-12498,-11987,-13005,0.000385,0.002568,-0.001094,0.001859,0x36
29.659,MODE_ID_2,-12490,-11993,-12997,0.001828,0.001333,0.000496,0.003657,0x36
29.670,MODE_ID_2,-12514,-11999,-13008,-0.002841,0.000016,-0.001698,-0.004523,0x36
29.679,MODE_ID_2,-12490,-12010,-13003,0.001911,-0.002083,-0.000737,-0.000909,0x36
29.689,MODE_ID_2,-12500,-12006,-12993,-0.000100,-0.001393,0.001335,-0.000158,0x36
29.699,MODE_ID_2,-12513,-11996,-12999,-0.002772,0.000656,0.000145,-0.001971,0x36
29.725,MODE_ID_2,-12512,-12007,-12992,-0.002583,-0.001522,0.001497,-0.002608,0x36
29.728,MODE_ID_2,-12508,-12013,-13007,-0.001699,-0.002616,-0.001490,-0.005805,0x36
29.738,MODE_ID_2,-12503,-12011,-13003,-0.000616,-0.002341,-0.000786,-0.003743,0x36
29.748,MODE_ID_2,-12488,-12011,-13005,0.002398,-0.002211,-0.001014,-0.000827,0x36
29.759,MODE_ID_2,-12507,-12004,-13009,-0.001456,-0.000979,-0.001970,-0.004405,0x36
29.784,MODE_ID_2,-12501,-12006,-12997,-0.000305,-0.001340,0.000527,-0.001118,0x36
29.789,MODE_ID_2,-12512,-12012,-12993,-0.002452,-0.002560,0.001336,-0.003676,0x36
29.799,MODE_ID_2,-12513,-11996,-12995,-0.002772,0.000751,0.000888,-0.001133,0x36
29.809,MODE_ID_2,-12486,-12001,-12986,0.002615,-0.000291,0.002677,0.005001,0x36
29.819,MODE_ID_2,-12497,-11995,-12985,0.000573,0.000916,0.002895,0.004384,0x36
29.849,MODE_ID_2,-12504,-11987,-12994,-0.000813,0.002419,0.001072,0.002678,0x36
29.859,MODE_ID_2,-12494,-11997,-13002,0.001031,0.000527,-0.000462,0.001096,0x36
29.869,MODE_ID_2,-12506,-11997,-12991,-0.001359,0.000568,0.001764,0.000973,0x36
29.879,MODE_ID_2,-12501,-12014,-12985,-0.000297,-0.002946,0.002867,-0.000376,0x36
29.905,MODE_ID_2,-12506,-11992,-12992,-0.001395,0.001520,0.001542,0.001667,0x36
29.911,MODE_ID_2,-12493,-11989,-12989,0.001285,0.002057,0.002028,0.005370,0x36
29.918,MODE_ID_2,-12505,-11997,-13002,-0.001142,0.000554,-0.000445,-0.001033,0x36
29.929,MODE_ID_2,-12512,-11997,-13003,-0.002447,0.000580,-0.000774,-0.002641,0x36
29.939,MODE_ID_2,-12514,-11995,-13005,-0.002939,0.000846,-0.001147,-0.003240,0x36
29.967,MODE_ID_2,-12490,-11994,-12993,0.001971,0.001045,0.001290,0.004306,0x36
29.969,MODE_ID_2,-12503,-11991,-12994,-0.000783,0.001795,0.001164,0.002176,0x36
29.979,MODE_ID_2,-12492,-11985,-13006,0.001470,0.002940,-0.001310,0.003100,0x36
29.988,MODE_ID_2,-12499,-11989,-13012,0.000062,0.002032,-0.002581,-0.000487,0x36
29.999,MODE_ID_2,-12504,-12013,-12991,-0.000845,-0.002625,0.001708,-0.001762,0x36
30.026,MODE_ID_2,-12495,-11991,-13000,0.000969,0.001703,-0.000166,0.002506,0x36
30.039,MODE_ID_2,-12494,-12007,-12998,0.001035,-0.001424,0.000335,-0.000054,0x36
30.049,MODE_ID_2,-12488,-11993,-12996,0.002356,0.001221,0.000673,0.004250,0x36
30.059,MODE_ID_2,-12492,-11992,-12993,0.001500,0.001568,0.001384,0.004452,0x36
30.092,MODE_ID_2,-12504,-12004,-13012,-0.000982,-0.000802,-0.002574,-0.004358,0x36
30.099,MODE_ID_2,-12512,-12004,-13002,-0.002565,-0.000947,-0.000545,-0.004057,0x36
30.109,MODE_ID_2,-12486,-12003,-12987,0.002642,-0.000645,0.002567,0.004564,0x36
30.119,MODE_ID_2,-12485,-12005,-13006,0.002888,-0.001160,-0.001383,0.000345,0x36
30.129,MODE_ID_2,-12509,-12011,-13002,-0.001914,-0.002326,-0.000527,-0.004767,0x36
30.160,MODE_ID_2,-12513,-12005,-12996,-0.002632,-0.001099,0.000754,-0.002977,0x36
30.168,MODE_ID_2,-12505,-11986,-13001,-0.001086,0.002699,-0.000385,0.001228,0x36
30.179,MODE_ID_2,-12506,-12012,-12989,-0.001280,-0.002417,0.002140,-0.001557,0x36
30.189,MODE_ID_2,-12510,-12001,-12987,-0.002158,-0.000202,0.002496,0.000136,0x36
30.218,MODE_ID_2,-12514,-12014,-13008,-0.002980,-0.002853,-0.001616,-0.007449,0x36
30.219,MODE_ID_2,-12503,-11986,-13010,-0.000742,0.002715,-0.002141,-0.000168,0x36
30.229,MODE_ID_2,-12499,-11987,-13002,0.000133,0.002540,-0.000520,0.002153,0x36
30.239,MODE_ID_2,-12495,-11987,-13009,0.000998,0.002529,-0.001910,0.001617,0x36
30.249,MODE_ID_2,-12514,-11986,-13013,-0.002892,0.002667,-0.002718,-0.002943,0x36
30.281,MODE_ID_2,-12512,-12007,-13010,-0.002599,-0.001469,-0.002095,-0.006163,0x36
30.289,MODE_ID_2,-12498,-12011,-13004,0.000366,-0.002367,-0.000871,-0.002872,0x36
30.298,MODE_ID_2,-12488,-12010,-12988,0.002203,-0.002061,0.002373,0.002515,0x36
30.309,MODE_ID_2,-12486,-12005,-13009,0.002675,-0.001070,-0.001985,-0.000380,0x36
30.318,MODE_ID_2,-12498,-11995,-13013,0.000227,0.000957,-0.002725,-0.001541,0x36
30.345,MODE_ID_2,-12509,-11986,-13008,-0.001940,0.002692,-0.001723,-0.000971,0x36
30.350,MODE_ID_2,-12512,-11993,-13007,-0.002401,0.001334,-0.001508,-0.002575,0x36
30.359,MODE_ID_2,-12495,-11995,-13005,0.000978,0.000917,-0.001090,0.000805,0x36
30.369,MODE_ID_2,-12501,-12000,-13009,-0.000278,-0.000096,-0.001899,-0.002273,0x36
30.378,MODE_ID_2,-12506,-12009,-13008,-0.001259,-0.001828,-0.001712,-0.004799,0x36
30.407,MODE_ID_2,-12505,-11998,-13001,-0.001133,0.000339,-0.000270,-0.001064,0x36
30.408,MODE_ID_2,-12485,-12002,-12991,0.002920,-0.000513,0.001744,0.004151,0x36
30.418,MODE_ID_2,-12507,-12010,-12989,-0.001511,-0.002107,0.002054,-0.001564,0x36
30.428,MODE_ID_2,-12492,-11987,-12989,0.001452,0.002547,0.002100,0.006099,0x36
30.439,MODE_ID_2,-12501,-11996,-13008,-0.000347,0.000641,-0.001750,-0.001456,0x36
30.466,MODE_ID_2,-12492,-11993,-12991,0.001467,0.001278,0.001605,0.004350,0x36
30.472,MODE_ID_2,-12513,-11986,-12992,-0.002702,0.002646,0.001470,0.001414,0x36
30.478,MODE_ID_2,-12487,-12001,-13011,0.002573,-0.000359,-0.002240,-0.000026,0x36
30.489,MODE_ID_2,-12501,-11995,-12996,-0.000205,0.000812,0.000630,0.001237,0x36
30.498,MODE_ID_2,-12504,-12002,-13004,-0.000845,-0.000497,-0.000939,-0.002281,0x36
30.509,MODE_ID_2,-12503,-11986,-13012,-0.000643,0.002775,-0.002423,-0.000291,0x36
30.540,MODE_ID_2,-12497,-11992,-13012,0.000590,0.001591,-0.002415,-0.000234,0x36
30.549,MODE_ID_2,-12509,-11998,-12998,-0.001993,0.000348,0.000292,-0.001353,0x36
30.560,MODE_ID_2,-12505,-12007,-12986,-0.001143,-0.001578,0.002697,-0.000024,0x36
30.569,MODE_ID_2,-12514,-12009,-13004,-0.002817,-0.001870,-0.000940,-0.005627,0x36
30.600,MODE_ID_2,-12500,-12002,-13005,-0.000198,-0.000433,-0.001132,-0.001763,0x36
30.608,MODE_ID_2,-12489,-11989,-13010,0.002050,0.002139,-0.002042,0.002147,0x36
30.619,MODE_ID_2,-12492,-11996,-12985,0.001493,0.000751,0.002924,0.005168,0x36
30.628,MODE_ID_2,-12494,-11994,-13009,0.001171,0.001169,-0.001831,0.000509,0x36
30.658,MODE_ID_2,-12513,-12004,-12988,-0.002727,-0.000821,0.002351,-0.001197,0x36
30.658,MODE_ID_2,-12498,-11990,-12990,0.000231,0.001816,0.001946,0.003993,0x36
30.669,MODE_ID_2,-12490,-12004,-12991,0.001966,-0.000819,0.001797,0.002944,0x36
30.679,MODE_ID_2,-12498,-11992,-13009,0.000390,0.001493,-0.001924,-0.000041,0x36
30.689,MODE_ID_2,-12488,-11986,-13012,0.002244,0.002697,-0.002584,0.002357,0x36
30.715,MODE_ID_2,-12513,-11991,-13011,-0.002639,0.001754,-0.002321,-0.003206,0x36
30.718,MODE_ID_2,-12505,-11995,-13002,-0.001024,0.000812,-0.000476,-0.000688,0x36
30.729,MODE_ID_2,-12502,-11998,-12998,-0.000591,0.000269,0.000326,0.000004,0x36
30.739,MODE_ID_2,-12509,-12010,-13004,-0.001875,-0.002105,-0.000818,-0.004798,0x36
30.749,MODE_ID_2,-12486,-12006,-13010,0.002671,-0.001348,-0.002011,-0.000688,0x36
30.759,MODE_ID_2,-12514,-11985,-13013,-0.002946,0.002994,-0.002723,-0.002675,0x36
30.786,MODE_ID_2,-12496,-11999,-13013,0.000687,0.000068,-0.002718,-0.001963,0x36
30.790,MODE_ID_2,-12487,-11985,-13009,0.002500,0.002863,-0.001944,0.003419,0x36
30.799,MODE_ID_2,-12508,-11988,-13003,-0.001730,0.002230,-0.000612,-0.000112,0x36
30.809,MODE_ID_2,-12493,-12003,-13008,0.001260,-0.000738,-0.001658,-0.001136,0x36
30.818,MODE_ID_2,-12487,-12008,-12991,0.002494,-0.001723,0.001698,0.002469,0x36
30.847,MODE_ID_2,-12496,-11987,-12988,0.000673,0.002557,0.002207,0.005437,0x36
30.848,MODE_ID_2,-12500,-11989,-12992,-0.000137,0.002057,0.001535,0.003455,0x36
30.858,MODE_ID_2,-12492,-12013,-13001,0.001557,-0.002741,-0.000277,-0.001461,0x36
30.869,MODE_ID_2,-12488,-12010,-12994,0.002277,-0.002017,0.001085,0.001345,0x36
30.879,MODE_ID_2,-12507,-12012,-13001,-0.001436,-0.002593,-0.000308,-0.004337,0x36
30.908,MODE_ID_2,-12496,-12013,-12991,0.000724,-0.002604,0.001790,-0.000090,0x36
30.914,MODE_ID_2,-12498,-11991,-12995,0.000336,0.001638,0.000898,0.002872,0x36
30.918,MODE_ID_2,-12499,-11985,-12995,0.000143,0.002859,0.000975,0.003977,0x36
30.928,MODE_ID_2,-12498,-11988,-13006,0.000302,0.002384,-0.001236,0.001450,0x36
30.939,MODE_ID_2,-12507,-12012,-13001,-0.001487,-0.002586,-0.000377,-0.004450,0x36
30.967,MODE_ID_2,-12498,-12005,-12986,0.000330,-0.001105,0.002717,0.001942,0x36
30.969,MODE_ID_2,-12496,-12001,-13001,0.000648,-0.000371,-0.000328,-0.000051,0x36
30.978,MODE_ID_2,-12495,-12013,-13012,0.000948,-0.002788,-0.002513,-0.004353,0x36
30.988,MODE_ID_2,-12504,-11988,-13001,-0.000932,0.002308,-0.000240,0.001136,0x36
30.998,MODE_ID_2,-12506,-12006,-12988,-0.001272,-0.001291,0.002373,-0.000190,0x36
31.009,MODE_ID_2,-12492,-12012,-12987,0.001495,-0.002466,0.002413,0.001442,0x36
31.045,MODE_ID_2,-12505,-11990,-12990,-0.001159,0.001829,0.001967,0.002637,0x36
31.049,MODE_ID_2,-12503,-12006,-12986,-0.000726,-0.001326,0.002612,0.000560,0x36
31.059,MODE_ID_2,-12508,-11987,-12990,-0.001701,0.002470,0.001942,0.002711,0x36
31.069,MODE_ID_2,-12508,-11995,-13014,-0.001665,0.000938,-0.002847,-0.003574,0x36
31.096,MODE_ID_2,-12494,-11985,-12996,0.001064,0.002966,0.000603,0.004633,0x36
31.099,MODE_ID_2,-12504,-11998,-13010,-0.000835,0.000216,-0.002134,-0.002753,0x36
31.109,MODE_ID_2,-12491,-12003,-13002,0.001686,-0.000768,-0.000560,0.000358,0x36
31.119,MODE_ID_2,-12503,-12013,-13010,-0.000623,-0.002732,-0.002104,-0.005459,0x36
31.129,MODE_ID_2,-12500,-11995,-12995,-0.000061,0.000812,0.000922,0.001673,0x36
31.155,MODE_ID_2,-12502,-11985,-12991,-0.000542,0.002957,0.001712,0.004127,0x36
31.158,MODE_ID_2,-12505,-12014,-13000,-0.001186,-0.002950,-0.000063,-0.004199,0x36
31.169,MODE_ID_2,-12503,-12000,-13003,-0.000656,-0.000144,-0.000607,-0.001407,0x36
31.179,MODE_ID_2,-12510,-11997,-13004,-0.002135,0.000454,-0.000831,-0.002512,0x36
31.189,MODE_ID_2,-12507,-12005,-12991,-0.001577,-0.001137,0.001623,-0.001091,0x36
31.217,MODE_ID_2,-12486,-11999,-12995,0.002797,0.000150,0.000838,0.003785,0x36
31.229,MODE_ID_2,-12493,-12014,-13001,0.001368,-0.002994,-0.000396,-0.002022,0x36
31.239,MODE_ID_2,-12491,-12004,-13009,0.001772,-0.000953,-0.001969,-0.001150,0x36
31.249,MODE_ID_2,-12500,-11986,-12995,-0.000011,0.002680,0.000976,0.003645,0x36
31.259,MODE_ID_2,-12504,-11995,-13002,-0.000862,0.000931,-0.000418,-0.000349,0x36
31.290,MODE_ID_2,-12489,-11999,-12995,0.002158,0.000196,0.000882,0.003236,0x36
31.299,MODE_ID_2,-12495,-12011,-12995,0.000944,-0.002343,0.000853,-0.000546,0x36
31.309,MODE_ID_2,-12504,-12008,-13008,-0.000972,-0.001749,-0.001776,-0.004497,0x36
31.318,MODE_ID_2,-12507,-11989,-13011,-0.001407,0.002014,-0.002383,-0.001776,0x36
31.348,MODE_ID_2,-12503,-12012,-13009,-0.000772,-0.002444,-0.001857,-0.005073,0x36
31.349,MODE_ID_2,-12499,-12007,-13009,0.000190,-0.001424,-0.001928,-0.003162,0x36
31.359,MODE_ID_2,-12506,-12005,-12985,-0.001364,-0.001076,0.002942,0.000502,0x36
31.369,MODE_ID_2,-12508,-11996,-12995,-0.001721,0.000739,0.000924,-0.000058,0x36
31.379,MODE_ID_2,-12512,-11992,-13014,-0.002421,0.001534,-0.002810,-0.003697,0x36
31.406,MODE_ID_2,-12499,-12012,-12997,0.000019,-0.002489,0.000465,-0.002005,0x36
31.408,MODE_ID_2,-12495,-11991,-13005,0.000992,0.001729,-0.001196,0.001525,0x36
31.419,MODE_ID_2,-12487,-11994,-13000,0.002597,0.001130,-0.000023,0.003704,0x36
31.429,MODE_ID_2,-12507,-12000,-12992,-0.001464,-0.000124,0.001407,-0.000181,0x36
31.439,MODE_ID_2,-12503,-11997,-13007,-0.000630,0.000592,-0.001483,-0.001521,0x36
31.448,MODE_ID_2,-12494,-11986,-12985,0.001007,0.002799,0.002811,0.006617,0x36
31.474,MODE_ID_2,-12494,-12006,-13003,0.001130,-0.001340,-0.000760,-0.000970,0x36
31.478,MODE_ID_2,-12500,-11985,-13007,-0.000126,0.002984,-0.001472,0.001386,0x36
31.489,MODE_ID_2,-12498,-12002,-12988,0.000338,-0.000594,0.002265,0.002009,0x36
31.499,MODE_ID_2,-12511,-12000,-13003,-0.002384,-0.000167,-0.000687,-0.003238,0x36
31.509,MODE_ID_2,-12505,-12006,-12987,-0.001029,-0.001265,0.002572,0.000278,0x36
31.536,MODE_ID_2,-12499,-12001,-12986,0.000159,-0.000255,0.002696,0.002600,0x36
31.541,MODE_ID_2,-12489,-11993,-12997,0.002031,0.001315,0.000593,0.003939,0x36
31.549,MODE_ID_2,-12502,-12013,-12990,-0.000599,-0.002669,0.001927,-0.001341,0x36
31.559,MODE_ID_2,-12491,-11995,-13007,0.001699,0.000928,-0.001584,0.001043,0x36
31.568,MODE_ID_2,-12513,-12009,-12996,-0.002711,-0.001846,0.000789,-0.003768,0x36
31.595,MODE_ID_2,-12498,-11998,-13010,0.000271,0.000236,-0.002077,-0.001570,0x36
31.598,MODE_ID_2,-12502,-12005,-12993,-0.000436,-0.001028,0.001319,-0.000145,0x36
31.608,MODE_ID_2,-12505,-11986,-12998,-0.001162,0.002758,0.000385,0.001981,0x36
31.619,MODE_ID_2,-12500,-12002,-12990,-0.000131,-0.000458,0.001964,0.001375,0x36
31.628,MODE_ID_2,-12501,-12000,-13012,-0.000224,-0.000082,-0.002432,-0.002738,0x36
31.654,MODE_ID_2,-12485,-12007,-13012,0.002891,-0.001479,-0.002570,-0.001158,0x36
31.659,MODE_ID_2,-12487,-12001,-12985,0.002528,-0.000226,0.002897,0.005199,0x36
31.668,MODE_ID_2,-12490,-12002,-13011,0.001818,-0.000593,-0.002239,-0.001014,0x36
31.679,MODE_ID_2,-12514,-11998,-13004,-0.002812,0.000230,-0.000982,-0.003564,0x36
31.689,MODE_ID_2,-12497,-11995,-12988,0.000533,0.000943,0.002331,0.003807,0x36
31.719,MODE_ID_2,-12512,-11991,-13003,-0.002534,0.001689,-0.000709,-0.001554,0x36
31.720,MODE_ID_2,-12508,-12001,-12989,-0.001695,-0.000229,0.002037,0.000113,0x36
31.729,MODE_ID_2,-12506,-12008,-12987,-0.001363,-0.001798,0.002435,-0.000726,0x36
31.739,MODE_ID_2,-12493,-12004,-12985,0.001218,-0.000956,0.002892,0.003154,0x36
31.749,MODE_ID_2,-12501,-12008,-12994,-0.000288,-0.001726,0.001046,-0.000968,0x36
31.759,MODE_ID_2,-12499,-11994,-12992,0.000048,0.001045,0.001411,0.002504,0x36
31.790,MODE_ID_2,-12507,-12003,-12988,-0.001521,-0.000733,0.002374,0.000120,0x36
31.799,MODE_ID_2,-12487,-12007,-13012,0.002410,-0.001459,-0.002442,-0.001491,0x36
31.809,MODE_ID_2,-12494,-12004,-12991,0.001062,-0.000938,0.001673,0.001797,0x36
31.819,MODE_ID_2,-12487,-11988,-13014,0.002434,0.002367,-0.002922,0.001879,0x36
31.845,MODE_ID_2,-12514,-11990,-13002,-0.002860,0.001918,-0.000588,-0.001530,0x36
31.848,MODE_ID_2,-12493,-12004,-13004,0.001385,-0.000800,-0.000921,-0.000336,0x36
31.858,MODE_ID_2,-12496,-11998,-13011,0.000677,0.000319,-0.002285,-0.001289,0x36
31.869,MODE_ID_2,-12494,-12011,-13005,0.001105,-0.002217,-0.001110,-0.002222,0x36
31.879,MODE_ID_2,-12507,-12013,-13013,-0.001482,-0.002657,-0.002767,-0.006906,0x36
31.906,MODE_ID_2,-12505,-11999,-13011,-0.001082,0.000008,-0.002277,-0.003351,0x36
31.909,MODE_ID_2,-12513,-12009,-13003,-0.002653,-0.001851,-0.000705,-0.005209,0x36
31.919,MODE_ID_2,-12505,-11991,-12989,-0.001138,0.001656,0.002147,0.002665,0x36
31.929,MODE_ID_2,-12504,-11988,-12993,-0.000943,0.002210,0.001292,0.002559,0x36
31.940,MODE_ID_2,-12487,-12013,-12989,0.002570,-0.002754,0.002036,0.001852,0x36
31.964,MODE_ID_2,-12499,-12010,-13013,0.000059,-0.002151,-0.002628,-0.004720,0x36
31.968,MODE_ID_2,-12492,-11990,-12987,0.001481,0.001891,0.002453,0.005825,0x36
31.979,MODE_ID_2,-12507,-11999,-12987,-0.001487,0.000155,0.002409,0.001077,0x36
31.989,MODE_ID_2,-12492,-12009,-12990,0.001580,-0.001858,0.001974,0.001696,0x36
31.998,MODE_ID_2,-12499,-11990,-12998,0.000013,0.001822,0.000275,0.002110,0x36
32.009,MODE_ID_2,-12502,-11991,-12996,-0.000585,0.001734,0.000771,0.001920,0x36
32.036,MODE_ID_2,-12514,-11987,-13006,-0.002930,0.002477,-0.001203,-0.001656,0x36
32.039,MODE_ID_2,-12507,-11985,-12990,-0.001479,0.002964,0.001943,0.003428,0x36
32.048,MODE_ID_2,-12494,-12008,-12986,0.001002,-0.001690,0.002664,0.001976,0x36
32.058,MODE_ID_2,-12497,-11995,-12990,0.000452,0.000948,0.001860,0.003260,0x36
32.069,MODE_ID_2,-12488,-11998,-12986,0.002348,0.000209,0.002767,0.005324,0x36
32.099,MODE_ID_2,-12514,-11994,-13000,-0.002801,0.001120,-0.000056,-0.001737,0x36
32.109,MODE_ID_2,-12500,-11985,-13009,-0.000016,0.002932,-0.001863,0.001053,0x36
32.118,MODE_ID_2,-12505,-11995,-12990,-0.001100,0.000980,0.001950,0.001830,0x36
32.128,MODE_ID_2,-12498,-11986,-12989,0.000383,0.002743,0.002191,0.005317,0x36
32.155,MODE_ID_2,-12492,-11990,-13007,0.001507,0.001811,-0.001493,0.001825,0x36
32.159,MODE_ID_2,-12503,-12012,-13011,-0.000655,-0.002524,-0.002283,-0.005462,0x36
32.169,MODE_ID_2,-12495,-11995,-12997,0.000995,0.000900,0.000594,0.002489,0x36
32.179,MODE_ID_2,-12493,-12010,-13001,0.001297,-0.002155,-0.000331,-0.001189,0x36
32.188,MODE_ID_2,-12496,-12000,-12998,0.000679,-0.000157,0.000291,0.000813,0x36
32.215,MODE_ID_2,-12500,-12010,-12992,-0.000156,-0.002102,0.001555,-0.000703,0x36
32.221,MODE_ID_2,-12487,-12004,-12990,0.002550,-0.000844,0.001917,0.003623,0x36
32.229,MODE_ID_2,-12507,-11985,-12986,-0.001444,0.002863,0.002770,0.004189,0x36
32.239,MODE_ID_2,-12503,-11991,-13010,-0.000791,0.001748,-0.002126,-0.001169,0x36
32.249,MODE_ID_2,-12504,-12001,-12992,-0.000817,-0.000232,0.001521,0.000472,0x36
32.258,MODE_ID_2,-12499,-12010,-13003,0.000033,-0.002191,-0.000754,-0.002912,0x36
32.285,MODE_ID_2,-12512,-11988,-12985,-0.002451,0.002371,0.002893,0.002813,0x36
32.288,MODE_ID_2,-12499,-11997,-12986,0.000134,0.000520,0.002619,0.003273,0x36
32.298,MODE_ID_2,-12504,-11997,-13000,-0.000995,0.000457,-0.000058,-0.000596,0x36
32.309,MODE_ID_2,-12503,-11995,-12995,-0.000786,0.000840,0.000801,0.000855,0x36
32.319,MODE_ID_2,-12511,-11991,-12996,-0.002316,0.001794,0.000642,0.000120,0x36
32.349,MODE_ID_2,-12493,-11994,-12986,0.001240,0.001020,0.002729,0.004989,0x36
32.359,MODE_ID_2,-12491,-12006,-13002,0.001651,-0.001333,-0.000527,-0.000209,0x36
32.369,MODE_ID_2,-12495,-11985,-13003,0.000912,0.002913,-0.000709,0.003116,0x36
32.379,MODE_ID_2,-12488,-11999,-13000,0.002324,0.000076,-0.000079,0.002321,0x36
32.407,MODE_ID_2,-12504,-12008,-13006,-0.000878,-0.001776,-0.001335,-0.003989,0x36
32.408,MODE_ID_2,-12495,-11999,-12985,0.000901,0.000019,0.002891,0.003811,0x36
32.418,MODE_ID_2,-12490,-11993,-13000,0.001943,0.001208,-0.000145,0.003006,0x36
32.429,MODE_ID_2,-12494,-12010,-13007,0.001163,-0.002185,-0.001415,-0.002437,0x36
32.439,MODE_ID_2,-12488,-11994,-12993,0.002330,0.001147,0.001279,0.004756,0x36
32.465,MODE_ID_2,-12502,-11991,-12990,-0.000443,0.001735,0.001970,0.003262,0x36
32.468,MODE_ID_2,-12508,-12004,-13012,-0.001673,-0.000850,-0.002584,-0.005107,0x36
32.478,MODE_ID_2,-12509,-12002,-13011,-0.001836,-0.000523,-0.002258,-0.004617,0x36
32.489,MODE_ID_2,-12485,-11988,-13005,0.002994,0.002398,-0.001184,0.004208,0x36
32.498,MODE_ID_2,-12506,-12006,-12996,-0.001395,-0.001237,0.000759,-0.001873,0x36
32.509,MODE_ID_2,-12511,-12003,-13004,-0.002298,-0.000735,-0.000820,-0.003853,0x36
32.537,MODE_ID_2,-12508,-11985,-12989,-0.001767,0.002919,0.002119,0.003271,0x36
32.543,MODE_ID_2,-12488,-11999,-12989,0.002386,0.000162,0.002161,0.004709,0x36
32.548,MODE_ID_2,-12485,-11989,-13003,0.002920,0.002064,-0.000689,0.004295,0x36
32.559,MODE_ID_2,-12486,-11985,-13014,0.002671,0.002921,-0.002927,0.002665,0x36
32.569,MODE_ID_2,-12514,-11988,-13000,-0.002894,0.002234,-0.000015,-0.000675,0x36
32.596,MODE_ID_2,-12502,-12003,-12995,-0.000600,-0.000777,0.000951,-0.000426,0x36
32.598,MODE_ID_2,-12512,-11989,-13013,-0.002581,0.002028,-0.002686,-0.003239,0x36
32.608,MODE_ID_2,-12487,-12005,-13001,0.002518,-0.001180,-0.000278,0.001060,0x36
32.619,MODE_ID_2,-12487,-11988,-12993,0.002428,0.002230,0.001399,0.006057,0x36
32.629,MODE_ID_2,-12508,-11985,-13012,-0.001624,0.002877,-0.002518,-0.001265,0x36
32.657,MODE_ID_2,-12508,-12013,-13005,-0.001752,-0.002694,-0.001134,-0.005580,0x36
32.663,MODE_ID_2,-12506,-12012,-13006,-0.001201,-0.002490,-0.001246,-0.004937,0x36
32.670,MODE_ID_2,-12506,-12008,-13004,-0.001359,-0.001628,-0.000872,-0.003859,0x36
32.678,MODE_ID_2,-12487,-11997,-13003,0.002491,0.000428,-0.000722,0.002197,0x36
32.689,MODE_ID_2,-12510,-12003,-12986,-0.002030,-0.000713,0.002666,-0.000077,0x36
32.717,MODE_ID_2,-12501,-11986,-13012,-0.000364,0.002614,-0.002402,-0.000152,0x36
32.719,MODE_ID_2,-12503,-12006,-12988,-0.000613,-0.001308,0.002377,0.000456,0x36
32.729,MODE_ID_2,-12502,-12010,-13007,-0.000470,-0.002073,-0.001549,-0.004092,0x36
32.739,MODE_ID_2,-12511,-12013,-12999,-0.002227,-0.002662,0.000005,-0.004884,0x36
32.749,MODE_ID_2,-12508,-11995,-12993,-0.001742,0.000993,0.001339,0.000590,0x36
32.759,MODE_ID_2,-12486,-12011,-13007,0.002653,-0.002218,-0.001526,-0.001091,0x36
32.795,MODE_ID_2,-12496,-11985,-13006,0.000607,0.002946,-0.001232,0.002321,0x36
32.798,MODE_ID_2,-12487,-11997,-12998,0.002547,0.000416,0.000252,0.003215,0x36
32.809,MODE_ID_2,-12493,-12012,-13010,0.001229,-0.002515,-0.002019,-0.003305,0x36
32.819,MODE_ID_2,-12511,-11993,-13010,-0.002374,0.001273,-0.002016,-0.003117,0x36
32.844,MODE_ID_2,-12491,-11995,-13002,0.001760,0.000881,-0.000444,0.002197,0x36
32.849,MODE_ID_2,-12490,-11991,-13001,0.001857,0.001641,-0.000400,0.003098,0x36
32.859,MODE_ID_2,-12502,-12011,-13006,-0.000537,-0.002253,-0.001240,-0.004030,0x36
32.869,MODE_ID_2,-12488,-11989,-13001,0.002299,0.002041,-0.000383,0.003957,0x36
32.878,MODE_ID_2,-12493,-11987,-13003,0.001384,0.002484,-0.000624,0.003244,0x36
32.905,MODE_ID_2,-12508,-12005,-13007,-0.001782,-0.001192,-0.001457,-0.004431,0x36
32.909,MODE_ID_2,-12503,-12010,-13007,-0.000699,-0.002087,-0.001542,-0.004328,0x36
32.919,MODE_ID_2,-12506,-12001,-12992,-0.001308,-0.000293,0.001485,-0.000116,0x36
32.929,MODE_ID_2,-12502,-11990,-13011,-0.000414,0.001834,-0.002307,-0.000887,0x36
32.939,MODE_ID_2,-12513,-12008,-13013,-0.002733,-0.001606,-0.002617,-0.006956,0x36
32.970,MODE_ID_2,-12513,-11991,-12996,-0.002659,0.001649,0.000763,-0.000247,0x36
32.978,MODE_ID_2,-12492,-12008,-12997,0.001537,-0.001759,0.000481,0.000259,0x36
32.989,MODE_ID_2,-12487,-12009,-12989,0.002560,-0.001821,0.002174,0.002913,0x36
32.998,MODE_ID_2,-12510,-12013,-13012,-0.002015,-0.002707,-0.002535,-0.007257,0x36
33.009,MODE_ID_2,-12511,-12014,-12993,-0.002284,-0.002840,0.001246,-0.003878,0x36
33.038,MODE_ID_2,-12500,-12005,-13004,-0.000130,-0.001197,-0.000898,-0.002225,0x36
33.039,MODE_ID_2,-12504,-12014,-13013,-0.000925,-0.002909,-0.002717,-0.006551,0x36
33.049,MODE_ID_2,-12502,-11989,-12997,-0.000432,0.002140,0.000436,0.002144,0x36
33.058,MODE_ID_2,-12492,-12003,-13012,0.001556,-0.000694,-0.002501,-0.001639,0x36
33.069,MODE_ID_2,-12499,-11993,-13008,0.000151,0.001212,-0.001777,-0.000414,0x36
33.095,MODE_ID_2,-12494,-11990,-12996,0.001134,0.001947,0.000643,0.003724,0x36
33.101,MODE_ID_2,-12510,-11987,-13006,-0.002126,0.002410,-0.001286,-0.001002,0x36
33.109,MODE_ID_2,-12497,-11996,-13002,0.000539,0.000699,-0.000556,0.000682,0x36
33.118,MODE_ID_2,-12487,-11986,-12986,0.002414,0.002734,0.002739,0.007887,0x36
33.129,MODE_ID_2,-12496,-12003,-12991,0.000760,-0.000648,0.001758,0.001870,0x36
33.158,MODE_ID_2,-12503,-12002,-12994,-0.000750,-0.000416,0.001090,-0.000076,0x36
33.159,MODE_ID_2,-12488,-11994,-12998,0.002389,0.001024,0.000356,0.003769,0x36
33.169,MODE_ID_2,-12513,-11996,-13005,-0.002785,0.000697,-0.001066,-0.003154,0x36
33.179,MODE_ID_2,-12502,-11995,-12997,-0.000488,0.000901,0.000441,0.000854,0x36
33.189,MODE_ID_2,-12486,-12005,-13014,0.002775,-0.001133,-0.002963,-0.001321,0x36
33.217,MODE_ID_2,-12486,-12006,-13004,0.002603,-0.001352,-0.000935,0.000316,0x36
33.223,MODE_ID_2,-12506,-11994,-13002,-0.001264,0.001159,-0.000415,-0.000520,0x36
33.228,MODE_ID_2,-12505,-12010,-13000,-0.001051,-0.002016,-0.000165,-0.003232,0x36
33.239,MODE_ID_2,-12496,-11988,-12997,0.000654,0.002290,0.000508,0.003452,0x36
33.249,MODE_ID_2,-12510,-12004,-13012,-0.002200,-0.000995,-0.002565,-0.005760,0x36
33.259,MODE_ID_2,-12503,-11995,-13002,-0.000682,0.000985,-0.000488,-0.000185,0x36
33.284,MODE_ID_2,-12487,-11995,-12994,0.002488,0.000853,0.001009,0.004350,0x36
33.288,MODE_ID_2,-12504,-11989,-13011,-0.000970,0.002045,-0.002305,-0.001230,0x36
33.299,MODE_ID_2,-12503,-12006,-12992,-0.000738,-0.001280,0.001404,-0.000614,0x36
33.309,MODE_ID_2,-12509,-12002,-12987,-0.001922,-0.000588,0.002521,0.000011,0x36
33.319,MODE_ID_2,-12496,-11985,-12988,0.000628,0.002833,0.002372,0.005833,0x36
33.350,MODE_ID_2,-12507,-11989,-13009,-0.001430,0.002020,-0.001869,-0.001279,0x36
33.358,MODE_ID_2,-12501,-12004,-12991,-0.000292,-0.000960,0.001761,0.000509,0x36
33.369,MODE_ID_2,-12505,-11995,-13006,-0.001024,0.000835,-0.001334,-0.001523,0x36
33.379,MODE_ID_2,-12506,-12004,-12996,-0.001266,-0.000876,0.000602,-0.001540,0x36
33.404,MODE_ID_2,-12505,-12003,-12993,-0.001068,-0.000785,0.001259,-0.000594,0x36
33.408,MODE_ID_2,-12501,-12004,-13014,-0.000271,-0.000982,-0.002988,-0.004241,0x36
33.419,MODE_ID_2,-12511,-12000,-13001,-0.002306,-0.000067,-0.000355,-0.002728,0x36
33.429,MODE_ID_2,-12495,-11993,-12988,0.000896,0.001352,0.002314,0.004562,0x36
33.439,MODE_ID_2,-12489,-11986,-13009,0.002100,0.002729,-0.001925,0.002904,0x36
33.449,MODE_ID_2,-12511,-12006,-12995,-0.002258,-0.001253,0.000992,-0.002519,0x36
33.478,MODE_ID_2,-12501,-11990,-12987,-0.000203,0.001809,0.002439,0.004045,0x36
33.489,MODE_ID_2,-12493,-11989,-13014,0.001252,0.002189,-0.002885,0.000556,0x36
33.498,MODE_ID_2,-12489,-12005,-13000,0.002011,-0.001146,-0.000046,0.000819,0x36
33.509,MODE_ID_2,-12514,-11987,-13001,-0.002840,0.002439,-0.000248,-0.000649,0x36
33.539,MODE_ID_2,-12502,-12005,-13009,-0.000561,-0.001104,-0.001813,-0.003478,0x36
33.549,MODE_ID_2,-12501,-11986,-12991,-0.000249,0.002649,0.001682,0.004082,0x36
33.558,MODE_ID_2,-12512,-12011,-12989,-0.002577,-0.002292,0.002050,-0.002819,0x36
33.569,MODE_ID_2,-12491,-12006,-12991,0.001768,-0.001336,0.001600,0.002032,0x36
33.595,MODE_ID_2,-12485,-11993,-13014,0.002983,0.001388,-0.002929,0.001442,0x36
33.598,MODE_ID_2,-12496,-11992,-12995,0.000693,0.001440,0.000904,0.003037,0x36
33.609,MODE_ID_2,-12509,-12012,-13001,-0.001992,-0.002575,-0.000213,-0.004780,0x36
33.619,MODE_ID_2,-12509,-11991,-12998,-0.001862,0.001753,0.000333,0.000224,0x36
33.629,MODE_ID_2,-12503,-12008,-12987,-0.000604,-0.001773,0.002551,0.000174,0x36
33.655,MODE_ID_2,-12508,-11986,-13000,-0.001613,0.002612,-0.000148,0.000851,0x36
33.660,MODE_ID_2,-12503,-12012,-13014,-0.000611,-0.002512,-0.002937,-0.006060,0x36
33.668,MODE_ID_2,-12502,-12007,-13009,-0.000558,-0.001531,-0.001963,-0.004052,0x36
33.679,MODE_ID_2,-12493,-12006,-13003,0.001342,-0.001350,-0.000682,-0.000690,0x36
33.689,MODE_ID_2,-12510,-12014,-12992,-0.002026,-0.002941,0.001457,-0.003510,0x36
33.717,MODE_ID_2,-12493,-12009,-13000,0.001355,-0.001955,-0.000040,-0.000640,0x36
33.718,MODE_ID_2,-12512,-11987,-13013,-0.002421,0.002598,-0.002687,-0.002510,0x36
33.728,MODE_ID_2,-12509,-12005,-12986,-0.001885,-0.001176,0.002658,-0.000403,0x36
33.740,MODE_ID_2,-12485,-12004,-12996,0.002880,-0.000826,0.000679,0.002733,0x36
33.749,MODE_ID_2,-12497,-12004,-13010,0.000453,-0.000835,-0.002170,-0.002552,0x36
33.759,MODE_ID_2,-12505,-11993,-13005,-0.001074,0.001309,-0.001162,-0.000927,0x36
33.794,MODE_ID_2,-12502,-11992,-12998,-0.000457,0.001503,0.000214,0.001260,0x36
33.799,MODE_ID_2,-12514,-12007,-12999,-0.002814,-0.001402,0.000068,-0.004148,0x36
33.808,MODE_ID_2,-12503,-12012,-12992,-0.000708,-0.002526,0.001526,-0.001708,0x36
33.818,MODE_ID_2,-12492,-12000,-12994,0.001480,-0.000194,0.001023,0.002309,0x36
33.845,MODE_ID_2,-12503,-12005,-13014,-0.000607,-0.001072,-0.002912,-0.004591,0x36
33.848,MODE_ID_2,-12503,-11998,-12998,-0.000744,0.000331,0.000279,-0.000134,0x36
33.859,MODE_ID_2,-12493,-12014,-12991,0.001338,-0.002940,0.001668,0.000066,0x36
33.869,MODE_ID_2,-12512,-11988,-12989,-0.002441,0.002376,0.002085,0.002020,0x36
33.879,MODE_ID_2,-12490,-12008,-13001,0.001977,-0.001619,-0.000330,0.000028,0x36
33.904,MODE_ID_2,-12508,-12010,-12986,-0.001721,-0.002029,0.002671,-0.001079,0x36
33.909,MODE_ID_2,-12492,-11992,-12991,0.001509,0.001407,0.001608,0.004524,0x36
33.919,MODE_ID_2,-12511,-12007,-12998,-0.002319,-0.001580,0.000323,-0.003576,0x36
33.929,MODE_ID_2,-12500,-12010,-12999,-0.000074,-0.002180,0.000183,-0.002071,0x36
33.939,MODE_ID_2,-12495,-11993,-13005,0.000916,0.001336,-0.001075,0.001177,0x36
33.967,MODE_ID_2,-12508,-11992,-12990,-0.001796,0.001598,0.001805,0.001607,0x36
33.968,MODE_ID_2,-12508,-11996,-13013,-0.001658,0.000771,-0.002705,-0.003592,0x36
33.978,MODE_ID_2,-12498,-11992,-13006,0.000365,0.001552,-0.001226,0.000691,0x36
33.988,MODE_ID_2,-12514,-12012,-13010,-0.002969,-0.002475,-0.002025,-0.007469,0x36
33.998,MODE_ID_2,-12495,-11996,-12995,0.000836,0.000729,0.000865,0.002430,0x36
34.009,MODE_ID_2,-12487,-12006,-13014,0.002552,-0.001386,-0.002921,-0.001755,0x36
34.035,MODE_ID_2,-12506,-11994,-12998,-0.001342,0.001014,0.000332,0.000004,0x36
34.039,MODE_ID_2,-12500,-11996,-12989,-0.000176,0.000635,0.002003,0.002462,0x36
34.049,MODE_ID_2,-12497,-12002,-13012,0.000487,-0.000581,-0.002492,-0.002586,0x36
34.059,MODE_ID_2,-12486,-11994,-13012,0.002668,0.001186,-0.002425,0.001429,0x36
34.069,MODE_ID_2,-12490,-11998,-13007,0.001826,0.000207,-0.001524,0.000509,0x36
34.096,MODE_ID_2,-12503,-11994,-13010,-0.000749,0.001114,-0.002191,-0.001826,0x36
34.105,MODE_ID_2,-12501,-11991,-12990,-0.000263,0.001754,0.001828,0.003319,0x36
34.109,MODE_ID_2,-12505,-12010,-12996,-0.001183,-0.002064,0.000667,-0.002580,0x36
34.119,MODE_ID_2,-12506,-12007,-12989,-0.001394,-0.001420,0.002169,-0.000645,0x36
34.129,MODE_ID_2,-12506,-11987,-13000,-0.001361,0.002582,-0.000170,0.001051,0x36
34.160,MODE_ID_2,-12494,-12013,-13000,0.001103,-0.002609,-0.000070,-0.001576,0x36
34.169,MODE_ID_2,-12499,-11992,-13003,0.000036,0.001599,-0.000792,0.000843,0x36
34.178,MODE_ID_2,-12514,-12013,-13014,-0.002803,-0.002737,-0.002889,-0.008429,0x36
34.189,MODE_ID_2,-12490,-11985,-12995,0.001847,0.002861,0.000956,0.005664,0x36
34.218,MODE_ID_2,-12510,-12000,-13013,-0.002106,-0.000066,-0.002606,-0.004778,0x36
34.227,MODE_ID_2,-12509,-11996,-12992,-0.001977,0.000729,0.001528,0.000280,0x36
34.229,MODE_ID_2,-12510,-11987,-13012,-0.002164,0.002593,-0.002421,-0.001992,0x36
34.239,MODE_ID_2,-12502,-12010,-13009,-0.000570,-0.002146,-0.001861,-0.004577,0x36
34.249,MODE_ID_2,-12510,-11989,-12991,-0.002044,0.002169,0.001617,0.001742,0x36
34.259,MODE_ID_2,-12495,-11991,-13010,0.000973,0.001783,-0.002082,0.000674,0x36
34.287,MODE_ID_2,-12502,-11997,-13003,-0.000510,0.000501,-0.000695,-0.000704,0x36
34.289,MODE_ID_2,-12494,-11991,-12986,0.001053,0.001713,0.002654,0.005420,0x36
34.298,MODE_ID_2,-12486,-11990,-13001,0.002684,0.001962,-0.000267,0.004379,0x36
34.308,MODE_ID_2,-12488,-11986,-12998,0.002369,0.002717,0.000206,0.005292,0x36
34.319,MODE_ID_2,-12498,-12006,-13009,0.000218,-0.001254,-0.001977,-0.003013,0x36
34.352,MODE_ID_2,-12497,-11995,-12996,0.000493,0.000874,0.000781,0.002148,0x36
34.359,MODE_ID_2,-12501,-11993,-13005,-0.000246,0.001391,-0.001019,0.000126,0x36
34.369,MODE_ID_2,-12492,-11997,-12996,0.001510,0.000435,0.000744,0.002689,0x36
34.379,MODE_ID_2,-12492,-12008,-12995,0.001412,-0.001638,0.000820,0.000594,0x36
34.405,MODE_ID_2,-12485,-11991,-13003,0.002905,0.001791,-0.000778,0.003918,0x36
34.409,MODE_ID_2,-12496,-11988,-13004,0.000767,0.002391,-0.000972,0.002186,0x36
34.419,MODE_ID_2,-12499,-11993,-13000,0.000170,0.001310,-0.000122,0.001358,0x36
34.429,MODE_ID_2,-12509,-12000,-12989,-0.001949,-0.000119,0.002021,-0.000047,0x36
34.439,MODE_ID_2,-12488,-12011,-13006,0.002282,-0.002259,-0.001332,-0.001309,0x36
34.466,MODE_ID_2,-12493,-11985,-13011,0.001296,0.002878,-0.002341,0.001833,0x36
34.468,MODE_ID_2,-12490,-12013,-13013,0.001839,-0.002672,-0.002624,-0.003457,0x36
34.479,MODE_ID_2,-12493,-11986,-13014,0.001333,0.002746,-0.002811,0.001268,0x36
34.489,MODE_ID_2,-12514,-12002,-12999,-0.002850,-0.000420,0.000035,-0.003235,0x36
34.499,MODE_ID_2,-12513,-12002,-12996,-0.002727,-0.000443,0.000754,-0.002416,0x36
34.528,MODE_ID_2,-12514,-11993,-12994,-0.002923,0.001377,0.001131,-0.000415,0x36
34.528,MODE_ID_2,-12505,-11987,-12990,-0.001197,0.002499,0.001908,0.003210,0x36
34.539,MODE_ID_2,-12511,-11986,-13009,-0.002291,0.002680,-0.001898,-0.001509,0x36
34.549,MODE_ID_2,-12512,-11988,-12993,-0.002561,0.002306,0.001377,0.001122,0x36
34.559,MODE_ID_2,-12509,-12000,-12999,-0.001913,-0.000006,0.000061,-0.001858,0x36
34.569,MODE_ID_2,-12500,-11993,-13002,-0.000070,0.001387,-0.000444,0.000873,0x36
34.595,MODE_ID_2,-12488,-12011,-12995,0.002323,-0.002250,0.000940,0.001013,0x36
34.598,MODE_ID_2,-12512,-12000,-12999,-0.002471,-0.000012,0.000069,-0.002414,0x36
34.609,MODE_ID_2,-12495,-11989,-12992,0.000941,0.002165,0.001422,0.004528,0x36
34.619,MODE_ID_2,-12512,-11989,-13004,-0.002468,0.002067,-0.000877,-0.001278,0x36
34.650,MODE_ID_2,-12489,-12006,-12992,0.002096,-0.001204,0.001503,0.002395,0x36
34.662,MODE_ID_2,-12492,-12013,-13012,0.001474,-0.002716,-0.002563,-0.003805,0x36
34.669,MODE_ID_2,-12505,-11994,-12992,-0.001037,0.001115,0.001521,0.001599,0x36
34.679,MODE_ID_2,-12499,-12003,-12985,0.000083,-0.000690,0.002999,0.002392,0x36
34.689,MODE_ID_2,-12505,-11985,-12993,-0.001137,0.002971,0.001353,0.003187,0x36
34.718,MODE_ID_2,-12514,-12013,-13006,-0.002968,-0.002608,-0.001368,-0.006944,0x36
34.719,MODE_ID_2,-12508,-12012,-13005,-0.001659,-0.002562,-0.001155,-0.005376,0x36
34.729,MODE_ID_2,-12486,-12011,-12994,0.002644,-0.002346,0.001017,0.001315,0x36
34.739,MODE_ID_2,-12506,-12010,-13005,-0.001309,-0.002153,-0.001029,-0.004491,0x36
34.748,MODE_ID_2,-12485,-12008,-12992,0.002981,-0.001790,0.001512,0.002703,0x36
34.779,MODE_ID_2,-12495,-11996,-13010,0.000859,0.000709,-0.002068,-0.000500,0x36
34.789,MODE_ID_2,-12493,-12002,-12989,0.001300,-0.000412,0.002159,0.003047,0x36
34.799,MODE_ID_2,-12497,-11986,-13002,0.000550,0.002706,-0.000578,0.002678,0x36
34.809,MODE_ID_2,-12494,-12004,-13003,0.001112,-0.000877,-0.000757,-0.000522,0x36
34.835,MODE_ID_2,-12501,-11999,-12998,-0.000321,0.000138,0.000209,0.000026,0x36
34.841,MODE_ID_2,-12498,-12011,-12990,0.000328,-0.002270,0.001861,-0.000081,0x36
34.849,MODE_ID_2,-12506,-12003,-13010,-0.001280,-0.000734,-0.002087,-0.004101,0x36
34.859,MODE_ID_2,-12493,-11997,-12996,0.001335,0.000515,0.000666,0.002516,0x36
34.869,MODE_ID_2,-12514,-12011,-12994,-0.002814,-0.002308,0.001095,-0.004027,0x36
34.881,MODE_ID_2,-12485,-11988,-12996,0.002941,0.002219,0.000731,0.005891,0x36
34.917,MODE_ID_2,-12488,-12000,-12988,0.002338,-0.000195,0.002206,0.004349,0x36
34.919,MODE_ID_2,-12500,-12003,-12997,-0.000141,-0.000757,0.000548,-0.000350,0x36
34.929,MODE_ID_2,-12486,-12014,-12995,0.002672,-0.002968,0.000828,0.000532,0x36
34.938,MODE_ID_2,-12505,-11998,-12994,-0.001093,0.000259,0.001033,0.000199,0x36
34.967,MODE_ID_2,-12502,-11994,-13007,-0.000536,0.001087,-0.001464,-0.000913,0x36
34.975,MODE_ID_2,-12489,-12010,-13002,0.002065,-0.002024,-0.000481,-0.000440,0x36
34.979,MODE_ID_2,-12500,-11996,-12993,-0.000080,0.000698,0.001355,0.001973,0x36
34.989,MODE_ID_2,-12485,-12008,-12991,0.002831,-0.001710,0.001796,0.002917,0x36
34.998,MODE_ID_2,-12507,-12009,-13002,-0.001460,-0.001982,-0.000550,-0.003992,0x36
35.028,MODE_ID_2,-12493,-12010,-13001,0.001273,-0.002059,-0.000242,-0.001028,0x36
35.038,MODE_ID_2,-12487,-11993,-13006,0.002439,0.001365,-0.001379,0.002425,0x36
35.049,MODE_ID_2,-12492,-12007,-13000,0.001537,-0.001507,-0.000072,-0.000042,0x36
